No,Kategori,Nama_Tempat,Alamat,Latitude,Longitude,No_Telp,Harga,Jumlah_Kamar,Jumlah_bed,Fasilitas,Keunggulan,Instagram,Website,Traveloka,Tiket,Booking,Agoda,Trip,OYO,Reddoorz,Traveloka_link,Tiket_link,Booking_link,Agoda_link,Trip_link,OYO_link,Reddoorz_link,Bintang
1,Hotel, KUSUMA AGRO WISATA HOTEL,"Jl. Abdul Gani Atas, Ngaglik, Kec. Batu, Kota Batu, Jawa Timur 65311",-7.882860098,112.5147166,"(0341) 593333, 08001593333",338.754 - 1.365.936,153,355,"Olahraga, Kolam Renang, Gym, Spa, Petik Buah, Waterpark, De Tjangkul, AC, Wi-Fi, TV Satelit, Shower, Sandal, Pembuat Teh/Kopi","- Agrowisata & Hotel Terpadu – Bisa menginap sambil petik buah (apel, stroberi, dll).
- Lokasi Sejuk – Udara dingin pegunungan & view indah.
- Aktivitas Seru – Outbound, ATV, flying fox, waterpark.
- Fasilitas Lengkap – Kolam renang, spa, restoran, playground.
- Cocok untuk Keluarga & Edukasi – Ramah anak & kegiatan edukatif.",https://www.instagram.com/kusumahotels/,https://kusuma-hotel.com/,0,1,1,1,0,0,0,,https://www.tiket.com/hotel/indonesia/kusuma-agrowisata-resort-convention-hotel,https://www.booking.com/searchresults.id.html?aid=1893449&label=metagha-link-LUID-hotel-353188_dev-desktop_los-1_bw-0_dow-Monday_defdate-1_room-0_gstadt-2_rateid-public_aud-0_gacid-21404703723_mcid-33_ppa-0_clrid-0_ad-1_gstkid-0_checkin-20250714_ppt-Tag_lp-2360_r-208780121789057901&utm_medium=localuniversal&hca=m&no_rooms=1&show_room=35318801_0_2_1_0&utm_content=dev-desktop_los-1_bw-0_dow-Monday_defdate-1_room-0_gstadt-2_rateid-public_aud-0_gacid-21404703723_mcid-33_ppa-0_clrid-0_ad-1_gstkid-0_checkin-20250714_ppt-Tag&utm_campaign=ID&edgtid=5IF6lFMTSeWC8LzgZQKEsw&utm_term=hotel-353188&gclid=Cj0KCQjwss3DBhC3ARIsALdgYxNCHNtozGrUvBdT-3zZolx_sB_oL9pN0Rq7ZRei__JC17XkY5PpDzEaAiEIEALw_wcB&ext_price_total=495827.00&efpc=MLWaSVgnsAov&utm_source=metagha&ts=1752459754&highlighted_hotels=353188&checkin=2025-07-14&redirected=1&dest_type=hotel&hlrd=with_dates&group_adults=2&dest_id=353188&source=hotel&group_children=0&checkout=2025-07-15&keep_landing=1&sid=05cf51e8622b7515cf923dd91f47e627,https://www.agoda.com/search?searchdatetype=default&lt=0&numberofchildren=0&gsite=localuniversal&partnercurrency=IDR&masterroomid=3443681&pricetax=71967.00&pricetotal=414668.00&usercountry=ID&currency=IDR&userdevice=desktop&verif=false&mcid=28118&booking_source=cpc&adtype=0&mpt=NmMyYmRsZDNoSXpzTVlkTGVXK1JnQW8xM0tnSWtMMHlQSGpyekhIdko0T2pBZkpCZnRaUlhnPT0&original_rr=ID_pull&los=1&adults=2&rooms=1&checkin=2025-07-14&checkout=2025-07-15&selectedproperty=71934&city=5414&cid=1917614&pslc=1&ds=yBDJKRCKXlViTwGR,,,,4
2,Hotel,"AMARTAHILLS HOTEL AND RESORT 
","Jl. Abdul Gani Atas, Ngaglik, Kec. Batu, Kota Batu, Jawa Timur 65311",-7.888799563,112.5141399,(0341) 525777 ,584.027- 4.602.695,162,246,"AC, Restoran, Kolam Renang, Resepsionis 24 jam, Parkir, Lift, Wi-Fi","- Kamar simpel dengan karya seni penuh warna menawarkan Wi-Fi, TV layar datar, serta fasilitas pembuat teh dan kopi, plus balkon atau teras dengan panorama gunung. 
- Suite dilengkapi area duduk dan minibar, serta beberapa menyediakan kamar tidur loteng, bak mandi whirlpool, dan/atau bak mandi air panas di area terbuka. Room service tersedia 24/7.
- Terdapat restoran kasual, dan bar rooftop yang elegan dengan teras dan panorama gunung.
- Fasilitas lainnya meliputi infinity pool dan bistro/bar di tepi kolam renang, serta bak mandi air panas, gym, dan area bermain. Tersedia sarapan dan tempat parkir.",https://www.instagram.com/amartahills_hotel/,https://www.amartahillshotel.com/explore,1,1,1,0,0,0,0,https://www.traveloka.com/id-id/hotel/indonesia/amartahills-hotel-and-resort-batu-3000010007810,https://www.tiket.com/hotel/indonesia/amartahills-hotel-and-resort-batu-108001534490368655,https://www.booking.com/hotel/id/horison-ultima-batu.id.html?aid=356980&label=gog235jc-10CAsoaEITaG9yaXNvbi11bHRpbWEtYmF0dUgSWANoaIgBAZgBM7gBF8gBDNgBA-gBAfgBAYgCAagCAbgCrcLlxAbAAgHSAiQ5ODkyMzQ1Yy02Y2JlLTQ1MTctYTQ0OS1mNTkyNWRjYjM2NTTYAgHgAgE&sid=5efc070815cedccc354adf76c7b90825&all_sr_blocks=165571808_0_2_0_0&checkin=2025-08-27&checkout=2025-08-28&dest_id=-2672159&dest_type=city&dist=0&group_adults=2&group_children=0&hapos=1&highlighted_blocks=165571808_0_2_0_0&hpos=1&matching_block_id=165571808_0_2_0_0&no_rooms=1&req_adults=2&req_children=0&room1=A%2CA&sb_price_type=total&sr_order=popularity&sr_pri_blocks=165571808_0_2_0_0__65268929&srepoch=1754882373&srpvid=252c17574eb50396&type=total&ucfs=1&activeTab=photosGallery,,,,,4
3,Hotel,ZAM-ZAM HOTEL,"Jl. Abdul Gani Atas, RT.04/RW.10, Ngaglik, Kec. Batu, Kota Batu, Jawa Timur 65311",-7.882542023,112.517915,(0341) 591148,386.534 - 600.040,85,115,"AC, Restoran, Kolam Renang luar, Resepsionis 24 jam, Parkir, Jemputan bandara, Wi-Fi, Layanan Kamar, Pusat bisnis, Spa, Layanan binatu","- Berlokasi strategis di Batu dengan jarak 4 menit berjalan kaki ke Kusuma Agro Wisata dan 1 km ke Museum Angkut.
- ZamZam Hotel and Convention menawarkan penginapan yang menyuguhkan pemandangan gunung dan pepohonan hijau.
- Kamar ber-ACnya yang berwarna cerah juga dilengkapi dengan LED TV bersaluran internasional, air mineral gratis, dan fasilitas pembuat kopi/teh.
- Layanan kebersihan harian juga disediakan untuk menjamin kenyamanan menginapmu.
- Layanan kebersihan harian juga disediakan untuk menjamin kenyamanan menginapmu.
- Menyediakan penitipan bagasi, laundry, cuci kering, dan memberikan saran tentang tempat wisata di sekitar hotel. ZamZam Hotel and Convention juga menyediakan toko oleh-oleh, fasilitas karaoke, dan ruang rapat.
- Dari Bandara Abdul Rachman Saleh, ZamZam Hotel and Convention dapat dicapai dengan 1 jam berkendara dan 30 menit berkendara dari Stasiun Kereta Malang Kota Baru. 
- Jatim Park I dan II berlokasi sejauh 1,4 km dari hotel, sedangkan Batu Night Spectacular berjarak 4 km.",https://www.instagram.com/zamzamhotel_batu/?hl=id,https://zamzam.com-hotel.id/id/,1,1,0,0,0,0,0,https://www.traveloka.com/id-id/hotel/indonesia/zamzam-hotel--resort-3000010001355?clickref=1100lAzQRr6I&utm_id=6wVpZzyA&campaign_id=1100l6465&partner_id=1101l345763&gad_source=1,https://www.tiket.com/hotel/indonesia/zamzam-hotel-and-convention-108001534490314656,,,,,,4
4,Hotel,"ASTON INN BATU
","Jl. Abdul Gani Atas No.42-44, Ngaglik, Kec. Batu, Kota Batu, Jawa Timur 65311",-7.882252243,112.5201178, 0812-3453-8908,797.150 - 1.668.232,99,196,"Spa, Wi-Fi, Sarapan, Kolam Renang luar, AC, Parkir gratis, Kulkas, Tea Coffee Maker","- Lokasi Strategis – Dekat Jatim Park, Museum Angkut, dll.
- Pemandangan Indah – Dikelilingi pegunungan & udara sejuk.
- Fasilitas Lengkap – Rooftop pool, gym, spa, meeting room.
- Desain Nyaman & Modern – Cocok untuk keluarga atau pasangan.
- Restoran & Sky Lounge – Menu variatif dengan view cantik.
- Pelayanan Ramah – Staf profesional & helpful.
- Ramah Keluarga – Kamar family & kids area tersedia.
- Kebersihan Terjaga – Protokol kesehatan diterapkan.
- Harga Terjangkau – Kualitas bintang dengan harga bersaing.
- Review Positif – Banyak tamu puas di berbagai platform.",https://www.instagram.com/astoninn_batu/?hl=id,"https://bookings.astonhotelsinternational.com/ibe/hotelbooking/search?hid=4753&lang=id&cur=IDR&utm_source=google&bookingSource=GoogleCPC&utm_medium=organic&utm_campaign=GoogleHPA-Organic#/q&refcode=googlehpa-organic&mscode=googlehpa&def_guests=A,A&guests=A,A&in=2025-07-25&out=2025-07-26",1,1,1,1,0,0,0,https://www.traveloka.com/id-id/hotel/detail?spec=11-08-2025.12-08-2025.1.1.HOTEL.3000020011990.Aston%20Inn%20Batu.2&contexts=%7B%22accessCode%22%3A%2290975GHAD1305desktop%22%2C%22metasearchRequestId%22%3A%22808ab43e-127f-493e-ab6e-e6465d4b5bb4%22%2C%22inventoryRateKey%22%3A%22povEwB3ZzsU2C6pd%2B6MdU13LUNuufACdbU0usK5vg0df8OiTSpd5X6%2FPDBpdF9pZfwxXnYiRzoxM4HX9sDmt9%2FAm1AYn3MeGz8Xcpq5hCtgkoYhCABuc4UBUJdDpIzcBkjYFe7E9Hsd3uMKwzSkUl5pNkVNrbZlWauR9OJSMSOjRfnRAbODkW%2BZ5ObHLaYtv22OY0XsXHRvmgrTryiN7ro%2BbdPKyeEcnUCrwiPsukDU4xJaQCNZd7Dm9H%2BzKz3SoHlBcSNHFk%2B6M%2Bed81rVbweEHGIhg0KJ7gZAJpw17ItAcEtGPm1fxqcNnBgMR8yyW4ixMvBpEpkcdrsVYy4I0arlS81%2FL314%2BEun2%2FX6YDWiNLAI570pDjkIGC%2BnLzxKIcobv2sM7J0Fdi71F%2BMaPuJZ%2F4BcR1dMJZnHguitAKG7O7uhfTD1GtRcr7E7TNppvmEAQvSMnVoIA9pZMtQ8Ze0TmUfsKSaG4pRlRUA016Gma6RjhZ%2B%2F6QV25zuEEdvqmefho0o7KgbsmK2jlIeR2OjRtcdHHo%2FAWwEPDHg90N1R9O21BdVMumhKJ1LZWTYhAqtovf7l7Wh6O7acT8Ie56zkjUbMpMwoD8bDdfSrNvYejJhdEEziI4Xl3iRJYHk49zVKWfYDUVqNo%2FAall9xaE5jhEebAc2gi%2FSWpkjC5z7ZVSSDDJg0OwQYWnH%2FhCLlXxfH2bKUpSjEuA6nReUpwng5lt77VApYSiZWlKrVeS927E49qP%2F8fATyH2xNcPCvYlfxQK1kTlJUI3DHN0EvwNDCmFYRHIaL9k1o31jsNJ8ZdRIxAkB%2FTzC2x4qzSPHp2d5pQ5%2BHw1J1TK6E5FeoT6T8AVvZ9qLJTDwbqb88hTw9Ywlx0XWa8wDnyygtf7Crmp%2Fc6G6mL9eWogIEjTUT%2BvxdmjA0pqNs%2Fp6%2F2UetIeMx%2B0ACFTWJVhwkR%2By0sft0uKhbuK%2FcARcRAAI8Iaf2%2Bxob1yRzYjm2NJjpjiazeBNeHmZE%2BY8a5VB4PpOEg1ubi%2FvIrJZGegy0KHbdaIUN%2BW5mIBzVRgYPTOKknM4TvW9bvinxaWgB9kX2IZ105cEKEj17rC25wS9JYvMh6yIHtcDv%2FzsbeFoDDzbB1xmjlVorQaqB7gtVEMeIiHyRc0xi5l9RXwcRQMVWWEAomPlZ9U19WGC7vBmsq91dShAz53TpByPQzrcqoeOzWhLpxAMjfeR4X%2F7F12yianjjqT33AdLU1J5BxheoMDEO51S4%2BuJvKr75gHBS%2FYIej%2BSL2SObpggQsxtrBgw3yr4vx6NgqZpToJoUzZMJT35ZOTGfd28Ye3YBtFAohNWzczMq8Rf9hUM0krauZpUlgTcKCBU3UDg%3D%3D%22%7D&loginPromo=1&prevSearchId=1840128285071137043&mToken=mHqtAOJNoS7yL0kTBPSyV%2BuzKL%2BR8uNBTe5KtJZbanXLQhu7Y4pWraP%2F6v%2F6GmS3bm0C7SPiR5rOwZloE3y1Pg%3D%3D&metasearchRateId=IDUsers  ,https://www.tiket.com/hotel/indonesia/aston-inn-batu-108001534490387189?hotelID=f7ce3c37-baa3-45cf-8db2-ea672dd33f4a&checkin=2025-07-25&checkout=2025-07-26&adult=2&country=ID&device=desktop&isAat=true&utm_source=google-hotel&utm_term=f7ce3c37-baa3-45cf-8db2-ea672dd33f4a&utm_medium=prf-ppc&utm_campaign=%5BMSA%5D-21444681979&utm_external=prf&gad_source=1&gad_campaignid=21444681979&gclid=Cj0KCQjwss3DBhC3ARIsALdgYxMjoqx_BKS6PxXepOmOUwF_W5IQXEaoc5-7AXdmYS4Ms-cw_Cp12DcaAk-zEALw_wcB,https://www.booking.com/searchresults.id.html?aid=1893449&label=metagha-link-LUID-hotel-3558079_dev-desktop_los-1_bw-11_dow-Friday_defdate-1_room-0_gstadt-2_rateid-public_aud-0_gacid-21404703723_mcid-33_ppa-0_clrid-0_ad-1_gstkid-0_checkin-20250725_ppt-Tag_lp-2360_r-11611167772849850465&utm_medium=localuniversal&hca=m&no_rooms=1&show_room=355807901_0_2_0_0&utm_content=dev-desktop_los-1_bw-11_dow-Friday_defdate-1_room-0_gstadt-2_rateid-public_aud-0_gacid-21404703723_mcid-33_ppa-0_clrid-0_ad-1_gstkid-0_checkin-20250725_ppt-Tag&utm_campaign=ID&edgtid=9cqWX2fjQz-uyDiE950uHQ&utm_term=hotel-3558079&gclid=Cj0KCQjwss3DBhC3ARIsALdgYxMZrS6MzbYGrJaO7SLuPX1B2Zhwp4v2xfSaM40Dm8Fgwj9Du2cnqbMaAu-NEALw_wcB&ext_price_total=1008673.25&efpc=YrI6EAhnOyOi&utm_source=metagha&ts=1752462596&highlighted_hotels=3558079&checkin=2025-07-25&redirected=1&city=-2672159&hlrd=with_dates&group_adults=2&source=hotel&group_children=0&checkout=2025-07-26&keep_landing=1&sid=d05732fa16b7e89c4fe250914ae7aa1b,https://www.agoda.com/id-id/search?campaignid=22524858143&searchdatetype=default&lt=11&numberofchildren=0&childages=&gsite=localuniversal&partnercurrency=IDR&roomid=&masterroomid=341536017&pricetax=153657.00&pricetotal=885356.00&rateplan=&usercountry=ID&currency=IDR&userdevice=desktop&verif=false&audience_list=&mcid=28888&booking_source=cpc&adtype=1&mpt=SkVjaUZ3ZXFCTDk1Q3NCNmhSdHpOSEhOYU03OElKTkhoOHM0RjJGeUpmLzBGeTJ0NXdjYXcvRT0&original_rr=ID_pull&gad_source=1&gad_campaignid=22524858143&gbraid=0AAAAAC_zgIwKfsa_37f45L7Mm4Mt-UhT4&gclid=Cj0KCQjwss3DBhC3ARIsALdgYxOVV8aEy_0V6WyXMQExIvUvw7GqG-YwTvRWHf-w9EFQqnJ7gRVwYc0aAkqMEALw_wcB&los=1&adults=2&rooms=1&checkin=2025-07-25&checkout=2025-07-26&selectedproperty=4991619&city=5414&cid=1917614&pslc=1&ds=sf1oVyv8fIBloEUG,,,,4
5,Hotel,CIPTANINGATI HOTEL,"Jl. Argopuro No.154, Sisir, Kec. Batu, Kota Batu, Jawa Timur 65314",-7.875582658,112.5338801, (0341) 3061474,277.114- 650.000,60,90,"Kolam Renang, AC, Fasilitas Rapat, Wi-Fi, Parkir, Restoran, Resepsionis 24 jam","- Lokasi Strategis – Dekat Jatim Park, Museum Angkut, dan pusat kuliner Batu.
- Harga Terjangkau – Mulai Rp 300 ribuan, termasuk sarapan.
- Fasilitas Lengkap – Kolam renang, restoran, Wi-Fi, meeting room.
- Desain Nyaman & Estetik – Nuansa modern dengan sentuhan budaya lokal.
- Ramah Keluarga & Event – Cocok untuk liburan keluarga atau gathering.",https://www.instagram.com/ciptaningaticulturehotel/,,1,1,0,1,0,0,0,https://www.traveloka.com/id-id/hotel/indonesia/ciptaningati-culture-hotel-3000010008587,https://www.tiket.com/hotel/indonesia/ciptaningati-culture-hotel-batu-802001739180780009?hotelID=1ecf399c-5d7f-4ab9-ad78-4db0249382b9&checkin=2025-07-14&checkout=2025-07-15&adult=2&country=ID&device=desktop&isAat=true&utm_source=google-hotel&utm_term=1ecf399c-5d7f-4ab9-ad78-4db0249382b9&utm_medium=prf-ppc&utm_campaign=%5BMSA%5D-21472895668&utm_external=prf&gad_source=1&gad_campaignid=21472895668&gclid=Cj0KCQjwss3DBhC3ARIsALdgYxNcdRf8IFQH85rvq1kxpmpCK_CeMjB5e_w22wUnEUsfzoFPx_NKT1EaAs_oEALw_wcB,,https://www.agoda.com/id-id/ciptaningati-hotel/hotel/malang-id.html?cid=1844104&ds=VcvrRXec6twd15XO,,,,3
6,Hotel,THE ONSEN HOT SPRING RESORT SONGGORITI ,"Jl. Arumdalu No.98, Songgokerto, Kec. Batu, Kota Batu, Jawa Timur 65312",-7.863190281,112.5003372,(0341) 5101888,1.526.166 - 2.494.221,24,24,"Wi-Fi gratis, Resepsionis 24 jam, Penyimpanan bagasi, Penatu swalayan, Kolam Renang, Fasilitas Rapat, water heater, Dapat berbahasa Inggris, Jepang, Indonesia, Restoran","- Onsen Alami – Pemandian air panas belerang khas Jepang.
- Nuansa Jepang Otentik – Ryokan, yukata, Torii, dan jembatan Shinkyo.
- Spot Instagramable – Banyak tempat foto ala Jepang.
- Kuliner Jepang Asli – Ramen, sushi, matcha di Restoran Fushimi.
- Cottage Nyaman – Private onsen & view pegunungan sejuk.",,https://theonsenresort.com/,1,1,1,1,0,0,0,https://www.traveloka.com/id-id/hotel/indonesia/the-onsen-hot-spring-resort-batu-3000020008952,https://www.tiket.com/hotel/indonesia/the-onsen-hot-spring-resort-412001639993389383?referrer=https%3A%2F%2Fwww.tiket.com%2Fhotel%2Findonesia%2Fel-royale-kartika-wijaya-batu-108001534490301262%3F&utm_page=productDetailPage,https://www.booking.com/searchresults.id.html?aid=356980&label=gog235jc-1DCAsoaEIbdGhlLW9uc2VuLWhvdC1zcHJpbmctcmVzb3J0SBJYA2hoiAEBmAESuAEXyAEM2AED6AEB-AECiAIBqAIDuAKJitLDBsACAdICJGIyNzM4NTU2LTI5YWYtNDM5ZC04M2I0LTk3YWI0YzgxMzlhZtgCBOACAQ&highlighted_hotels=3307126&checkin=2025-07-25&redirected=1&city=-2672159&hlrd=user_sh&source=hotel&checkout=2025-07-26&keep_landing=1&sid=d05732fa16b7e89c4fe250914ae7aa1b,https://www.agoda.com/id-id/the-onsen-hot-spring-resort/hotel/malang-id.html?cid=1844104,,,,4
7,Hotel,BATU SUKI RESORT,"Jl. Bukit Berbunga No.20 - 24, Sidomulyo, Kec. Batu, Kota Batu, Jawa Timur 65317",-7.859278067,112.5270932," (0341) 5025350, 62822-2984-3408",675.899 - 2.985.899,179,179,"Area Parkir, Kafe, Wi-Fi, Restoran, Area main anak, Taman, Kolam Renang luar, Bar, Layanan binatu, Fasilitas Rapat, AC, Tea Coffee Maker, TV, Shower","- Lokasi Strategis – Dekat pusat Batu dan destinasi seperti Selecta, Jatim Park, serta Coban Lanang 
- Kolam Renang & Cottage Nyaman – Kolam renang luas, sebagian kamar cottage dengan akses langsung
- Parkir Luas & Aman – Area parkir aman lengkap CCTV 
- Pelayanan & Kebersihan Baik – Banyak ulasan positif soal staf ramah, room bersih dan cepat check‑in/out",https://www.instagram.com/batusuki/,https://batusukihotel.com/,1,1,0,1,0,0,0,https://www.traveloka.com/id-id/hotel/indonesia/batu-suki-resort--hotel-3000010002314,https://www.tiket.com/hotel/indonesia/batusuki-resort-hotel-410001634036890593,,https://www.agoda.com/id-id/batusuki-resort-hotel/hotel/malang-id.html?cid=1844104&ds=cNVZTkk4t6rrBJzZ,,,,3
8,Hotel,PT. FILADELFIA GALLERY RESORT ,"Jl. Bukit Berbunga No.6, Sidomulyo, Kec. Batu, Kota Batu, Jawa Timur 65317",-7.862129808,112.5270661, 0822-7927-9471,165.000 - 498.000,41,122,"Wi-Fi, Restoran, Parkir, Fasilitas Rapat, Staf multibahasa, Tur, Layanan binatu, Penyimpanan bagasi, Brankas hotel, TV, Bathtub, Shower, Kulkas","- Lokasi Strategis – Dekat pusat kota Batu, Coban Lanang, Batu Secret Zoo, dan terminal transportasi
- Kamar Luas & Bersih – Banyak kamar dengan bathtub, air panas, dan balkon dengan pemandangan pegunungan
- Fasilitas Lengkap – Restoran & sarapan prasmanan variatif, tempat pertemuan bisnis, Wi‑Fi, parkir gratis .
- Pelayanan Ramah – Staf helpful dan multilingual, proses check‑in/out cepat ",https://www.instagram.com/hotelfiladelfia/,,1,1,0,1,0,0,0,https://www.traveloka.com/id-id/hotel/indonesia/hotel-filadelfia-gallery-resort--3000010006508,https://www.tiket.com/hotel/indonesia/hotel-filadelfia-gallery-resort-807001751613210253,,https://www.agoda.com/id-id/hotel-filadelfia-gallery-resort/hotel/malang-id.html?cid=1844104&ds=Ee8K5MeWLkKhI33h,,,,3
9,Hotel,GOLDEN TULIP HOLLAND RESORT BATU," Komplek, Jl. Bukit Panderman Hill Jl. Cherry No.10, Temas, Kec. Batu, Jawa Timur 65314",-7.891776321,112.5232369, (0341) 3302000,760.140 -.2.368.000,256,256,"Kolam Renang, AC, Restoran, Wi-Fi, Spa, Fasilitas Anak, Parkir, Resepsionis 24 jam, Fasilitas Rapat, Pusat kebugaran","- Hotel Bintang 5 – Salah satu resort termewah di Batu.
- Lokasi Premium – View langsung ke Gunung Panderman, dekat Jatim Park & Museum Angkut.
- Fasilitas Lengkap – Kolam renang infinity, kids playground, spa, gym, ballroom.
- Kamar Mewah & Modern – Balkon pribadi, bathtub, smart TV, pemandangan indah.
- Restoran & Kafe Mewah – Sky Lounge dengan city view, menu internasional & lokal.
- Pelayanan Profesional – Staf ramah, service cepat, cocok untuk keluarga & honeymoon.",,https://holland-resort-batu.goldentulip.com/id/,1,1,0,0,0,0,0,https://www.traveloka.com/id-id/hotel/indonesia/golden-tulip-holland-resort-batu-3000010038474,https://www.tiket.com/hotel/indonesia/golden-tulip-holland-resort-batu-108001534490384034,,,,,,5
10,Hotel, CRYSTALL INN HOTEL,"Jl. Diponegoro No.166, Sisir, Kec. Batu, Kota Batu, Jawa Timur 65314
",-7.877246976,112.5326127," (0341) 5103100 
",288.401 - 370.370,34,46,"Wi-Fi gratis, Kolam Renang luar, Sarapan, Restoran, Layanan Kamar, AC, Parkir gratis, Layanan binatu",,https://www.instagram.com/crystalinnbatu/,,1,1,0,0,0,0,0,https://www.traveloka.com/id-id/hotel/indonesia/crystal-inn-hotel-batu-3000010027313,https://www.tiket.com/hotel/indonesia/crystal-inn-batu-807001751613148612,,,,,,2
11,Hotel,BATU PARADISE RESORT HOTEL ,"Jl. Diponegoro No.6, Sisir, Kec. Batu, Kota Batu, Jawa Timur 65314",-7.877225958,112.5337455,(0341) 591555 ,402.584 - 716.244,60,120,"Wi-Fi gratis, Sarapan gratis, Parkir gratis, Dapat diakses, Kolam Renang luar, Parkir gratis, AC","- Hotel santai ini dekat dengan Museum Angkut yang fantastis, Rumah Terbalik yang unik, dan wahana hiburan di Batu Night Spectacular.
- Kamar simpel dilengkapi Wi-Fi, TV layar datar, dan area tempat duduk, serta fasilitas pembuat teh dan kopi.
- Kamar di kelas yang lebih tinggi memiliki balkon dan/atau akses langsung ke kolam renang.
- Suite dilengkapi area keluarga terpisah. Room service tersedia 24/7.",,,1,0,0,0,0,0,0,https://www.traveloka.com/en-id/hotel/detail?spec=15-07-2025.16-07-2025.1.1.HOTEL.43600400000.Hotel%20Batu%20Paradise%20Resort.2&contexts=%7B%22inventoryRateKey%22%3A%22povEwB3ZzsU2C6pd%2B6MdU13LUNuufACdbU0usK5vg0dHRcUlTcO6SVTRUtf7Rmz1fwxXnYiRzoxM4HX9sDmt9%2FAm1AYn3MeGz8Xcpq5hCtgkoYhCABuc4UBUJdDpIzcBkjYFe7E9Hsd3uMKwzSkUl5pNkVNrbZlWauR9OJSMSOjrKNUemG6lN9zinrcFk9lNhitE1yqHfTTMy50oN5Ed%2F4%2BbdPKyeEcnUCrwiPsukDU4xJaQCNZd7Dm9H%2BzKz3SoHlBcSNHFk%2B6M%2Bed81rVbweEHGIhg0KJ7gZAJpw17ItAcEtGPm1fxqcNnBgMR8yyWU6JqpJgCLciQ70mBoobOrLlS81%2FL314%2BEun2%2FX6YDWiyFsPD2x3QEcM8llUfiHL8cobv2sM7J0Fdi71F%2BMaPuJZ%2F4BcR1dMJZnHguitAKG4CIzNrB7PoFVymBe8YZ%2B08mEAQvSMnVoIA9pZMtQ8Ze2IPhCfCtOOsCfUdg4%2FLb1ma6RjhZ%2B%2F6QV25zuEEdvqmefho0o7KgbsmK2jlIeR2OjRtcdHHo%2FAWwEPDHg90N1R9O21BdVMumhKJ1LZWTYhAqtovf7l7Wh6O7acT8Ie56zkjUbMpMwoD8bDdfSrNvYejJhdEEziI4Xl3iRJYHk49Hr0TpW7Ko47jcppI8KxKiMiRn%2BgLynVUy3sMaC0lo5MUZ3SdDhbYRAvkKpM8WGOe82jyAIdSdNmAZHYnVMM5osxumWzxOhnOd9ckMbBi2Tp1cnOUlKg5lVt2s4dDQx1vh1wT8uHOZUXTeJ5Ut1pKSOALw%2FA9PtZivOrZLjWeF1%2Fu2OLu%2BHyJrydRxniz34guHKunonm7dVhMi6D%2FYgpZz%2Fo9BRa9uKubucVruLbVy1ivCzW8Jwh37h7RUHYSGqnmvquXf2VcRm2lHO4uWndQbrIk55%2F433o%2BfHcoetVSmn1WR2DlSoPKHMoFDV5J6XNLZKLN3xSIPj7xZoRw2XOYvlP%2BNiDEx%2Bml%2Byykulc4aZaFTrPvMT3qDcUdTw5HX2xAccmxEq9dB%2FolkNhKD0cbUQZ759hm%2BBNnmFk%2BVY4ZjSUYIPEDIG1uRMBsKasAnO2u9HcwdIHJscPgELTlrv9KP4oz2paA21xiiXMR6INU1%2BMgDzZOg3WXD5UZVhFZVYPwJLoCrH8%2B9LH7dGwiTnptjONw9M%2F0qmj6vtSit9BXV8mEVbRjl%2BnOtkUktbCvOPdj9hHSzH8S2Y32yZ8aqcSknEXaY8Aj5kBlEp7sJPSSFL0%3D%22%7D&loginPromo=1&prevSearchId=1837677823079239994&mToken=AqS98uaXpJh74kDKhxWQ6%2B%2F3%2BBsjK%2BRpPP27vPu2UHIrP5TzgsunrfXtRu8ZtWZnOmG3Fcap5WggMBVY%2BmuPkA%3D%3D&metasearchRateId=IDUsers,,,,,,,3
12,Hotel,THREE EIGHT FRONT ONE BOUTIQUE,"Jl. Hasanudin No.1, Pesanggrahan, Kec. Batu, Kota Batu, Jawa Timur 65313",-7.867751894,112.5103027,341511777,328.500 - 450.000,44,66,"Wi-Fi gratis, Sarapan gratis, Dapat diakses, Kolam Renang luar, Parkir gratis, AC, Restoran, Kamar bebas rokok, Bar","- Hotel santai dengan mural eksterior penuh warna ini menawarkan pemandangan gunung.
- Hotel  ini  berjarak 3 menit berjalan kaki dari halte bus dan 3 km dari Museum Angkut.
- Kamar simpel menyediakan TV layar datar serta alat pembuat teh dan kopi. Beberapa di antaranya memiliki seni dinding bermotif bunga.",,https://azanahotel.com/hotel/38-front-one-boutique-batu,1,0,1,0,0,0,0,https://www.traveloka.com/id-id/hotel/detail?spec=15-07-2025.16-07-2025.1.1.HOTEL.3000020011293.Three%20Eight%20Front%20One%20Boutique%20Batu%20Malang.2&contexts=%7B%22accessCode%22%3A%2290975GHAD1305desktop%22%2C%22metasearchRequestId%22%3A%22bccc181c-6a05-4637-b778-088cee6b0ce4%22%2C%22inventoryRateKey%22%3A%22povEwB3ZzsU2C6pd%2B6MdUxPQfH0zjQrhnrQN8muKP1nTDWrtiIudONUxzYqhWM9YfwxXnYiRzoxM4HX9sDmt9%2FAm1AYn3MeGz8Xcpq5hCtgkoYhCABuc4UBUJdDpIzcBkjYFe7E9Hsd3uMKwzSkUl5pNkVNrbZlWauR9OJSMSOjT2kAb5PFnnUsj4yv%2BE8%2BEWuKYJvPo3SioERiQJ66sZ4%2BbdPKyeEcnUCrwiPsukDU4xJaQCNZd7Dm9H%2BzKz3SoHlBcSNHFk%2B6M%2Bed81rVbweEHGIhg0KJ7gZAJpw17ItAcEtGPm1fxqcNnBgMR8yyWU6JqpJgCLciQ70mBoobOrLlS81%2FL314%2BEun2%2FX6YDWiyFsPD2x3QEcM8llUfiHL8cobv2sM7J0Fdi71F%2BMaPuJZ%2F4BcR1dMJZnHguitAKG4CIzNrB7PoFVymBe8YZ%2B08mEAQvSMnVoIA9pZMtQ8Ze2IPhCfCtOOsCfUdg4%2FLb1ma6RjhZ%2B%2F6QV25zuEEdvqmefho0o7KgbsmK2jlIeR2OjRtcdHHo%2FAWwEPDHg90N1R9O21BdVMumhKJ1LZWTYhAqtovf7l7Wh6O7acT8Ie56zkjUbMpMwoD8bDdfSrNvYejJhdEEziI4Xl3iRJYHk49zVKWfYDUVqNo%2FAall9xaEwVjjX%2FyjkqXL974KdaG6hMktS7uBqt7tXq1EBsKt6qBxfH2bKUpSjEuA6nReUpwng5lt77VApYSiZWlKrVeS927E49qP%2F8fATyH2xNcPCvYlfxQK1kTlJUI3DHN0EvwNELADmhuhvMZhbVXxqvvmjb36jgruoUXlXJglH4Qjx1rUVyY4QHyTIIsa4hJL78hBhnsuGjNIa8TFVFxXBKa3rThY8Q89DAb2xlIP5cy2xPvFnSk625XvNS6hBLsZ3JeRqFpSIX%2BydxacpJb7fXWYX%2BOiq2Pei1c9%2FYkLPipvZLdcJ%2FJYIM2%2F9fBKqcy%2BrP7mhYxbrlY3UQJAglUbwvhkCsadaFNDgr%2BWiGammxOgdf6Fm70ZB1oDO8dyNmvil19WODq2RkUa5b1C13f%2FUEyAdES9ndw6WWAqPyT0aQiHHd0IRSv7uPgFxQgvikV8AlnkUXFKpC7%2FbMNa9pcSR%2F41Ua9uj3nQ2wHzK3xcydn5K%2BaRCg6gbeG0xZpeyAoHMjANNEh%2FG4qwiA7azEsdUjhpr%2FN3vK4ePm17INbotrMMqbAH9DrM9wEjAj7UGk%2BLfXBEb8l39GYUH7q4l31W7btXN8%3D%22%7D&loginPromo=1&prevSearchId=1837678686689579937&mToken=AqS98uaXpJh74kDKhxWQ6%2B%2F3%2BBsjK%2BRpPP27vPu2UHLkWLwAWNdxkjFIDdv6azw78aKpqtJvSxAe6UWnWF7amg%3D%3D&metasearchRateId=IDUsers,,https://www.booking.com/hotel/id/three-eight-front-one-boutique-batu-malang.id.html?aid=1893449&label=metagha-link-MRID-hotel-3510260_dev-desktop_los-1_bw-0_dow-Tuesday_defdate-0_room-0_gstadt-2_rateid-public_aud-0_gacid-21404703723_mcid-33_ppa-0_clrid-0_ad-1_gstkid-0_checkin-20250715_ppt-Tag_lp-2360_r-17943349332773032393&sid=98b24db824d9e3e0016ac2e934b51634&all_sr_blocks=351026005_0_2_1_0&checkin=2025-07-15&checkout=2025-07-16&dest_id=-2672159&dest_type=city&dist=0&group_adults=2&group_children=0&hapos=1&highlighted_blocks=351026005_0_2_1_0&hpos=1&matching_block_id=351026005_0_2_1_0&no_rooms=1&req_adults=2&req_children=0&room1=A%2CA&sb_price_type=total&sr_order=popularity&sr_pri_blocks=351026005_0_2_1_0__31477477&srepoch=1752547384&srpvid=e52513141adb034d&type=total&ucfs=1&,,,,,3
13,Hotel,Family Hotel Gradia 1 ,"Jl. Ikhwan Hadi No.49, Ngaglik, Kec. Batu, Kota Batu, Jawa Timur 65311",-7.873965416,112.5203147,(0341)591812,480.000 - 1.700.000,30,51,"Fasilitas Rapat, Sarapan prasmanan, Taman, Kolam air panas outdoor, Bellboy, Resepsionis, Laundry, Resepsionis 24 jam, Area Parkir, Layanan Kamar 24 jam, Restoran, Restoran untuk sarapan, Layanan Kamar, Brankas, Wi-Fi di area umum, AC, Ruang keluarga, Kolam Renang, Area merokok, TV kabel, Brankas kamar, Pancuran, TV","- Hotel simpel di jalanan rindang di area pemukiman ini berjarak 3 km dari Batu Secret Zoo dan 2 km dari Jawa Timur Park 1, sebuah taman hiburan dengan wahana dan hiburan unik.
- Kamar berfurnitur simpel dilengkapi TV layar datar, fasilitas pembuat teh dan kopi, serta Wi-Fi gratis. Ada juga area tempat duduk. Kamar keluarga dapat menampung hingga 6 orang.",,https://villa-gradia-batu.blogspot.com/,1,1,1,0,0,0,0,https://www.traveloka.com/id-id/hotel/detail?spec=08-09-2025.09-09-2025.1.1.HOTEL.3000010002063.Family%20Hotel%20Gradia%201.2&contexts=%7B%22accessCode%22%3A%2290975GHAD1305desktop%22%2C%22metasearchRequestId%22%3A%224f416572-0108-4401-a1a2-8a792544714c%22%2C%22inventoryRateKey%22%3A%22povEwB3ZzsU2C6pd%2B6MdU13LUNuufACdbU0usK5vg0fZBWhrBxF36NQcJGXGebv8fwxXnYiRzoxM4HX9sDmt9%2FAm1AYn3MeGz8Xcpq5hCtgkoYhCABuc4UBUJdDpIzcBkjYFe7E9Hsd3uMKwzSkUl5pNkVNrbZlWauR9OJSMSOj4QS%2F7lP5X9%2BhoRMjd5e8avk50Cnuse6D0Z3wP%2B01LZ4%2BbdPKyeEcnUCrwiPsukDU4xJaQCNZd7Dm9H%2BzKz3SoHlBcSNHFk%2B6M%2Bed81rVbweEHGIhg0KJ7gZAJpw17ItAcEtGPm1fxqcNnBgMR8yyWqMEBhhw5Z0QV4tnIt0Go25hAEL0jJ1aCAPaWTLUPGXtiD4QnwrTjrAn1HYOPy29ZhMam%2BEpcElzU%2BdVSsGBJoEGmb3UOlN0uD7%2FMrpBj8gp0soTvNsBMZExEebIeBttd%2FprV1QNJ3uRWGzkuuDXCiotkWpTE9UjjPTRwzkrMSkKwIyUeP2DaQOstd8W4ab9%2FWuE%2FNiGnciUzLhpyw4ZvzjSRkAserqbchG3IPY0C996rOuF%2B%2FAsDeSmZKHQMjtagj0lqorsQFjKyKoIaAceTduhw7niBWzPymmEHph8NwIUrk4AkYbgcD%2FDODqraz1CdwYjLMLGFA8rdSnJZFEJrTcV2%2BrTmXoHt39v0i6je9povQvXWQprG5swnf4q%2BLSh982jyAIdSdNmAZHYnVMM5osxumWzxOhnOd9ckMbBi2Tp1cnOUlKg5lVt2s4dDQx1vh1wT8uHOZUXTeJ5Ut1pKSP3McDS1rWPyt1BRb9oi7BhVGoOPbawsU1IdXs83q8NfvRNEIEtmty7rlg03z8P32UkgIWSEJpv52Ku17YIcqzYuLTydZdp%2FvNiKJYG0T1vh5YhEEUaJ0gjaG9UhELegF9iDfvpFYeWyPmUOhd4xgGidL4WrNcrtEcU06YrRzKKB8yR54gREf8MldOvA7TPYe3CTQ17eL4EtDuOlvXI6IjFAA6jNc49pIGxtz1vFWAMrSy4DCRywdkrS2jSKru8zuZffEBgZQYE96emvIn61se%2BtFd6eM7HxcOOGYGc3lUUMCw0q2VMu02cVSRYh0YrqJt7X%2B0GM0OLCwDn13xFDD5XySEfQi7jxFVwglluSw%2FLLP0iYYDgDsKS%2Ff%2F2kzwLrzQA2QahzdmMywdfhulpDkMV7IVXmO1xqRZvfBOXDw2Kvw3QpFMnhUWrhKGJxAZcICPA9F6SCSnppuXdXVdExUX9CSKvdk5Ixnpt1ylZxHoFb2LSXDihiwoj3YHZM0Ul49YyCYWIeG6EBYPoXQ7d%2B10lwzRVsS%2BVtVFalmuNn8HemNg462k1ARFmuZxb1SFv%2BhyTJuF8J3LrBVJs6NqQC1ikaNRcA8FAo1HVAYtt0fHuw%22%7D&loginPromo=1&prevSearchId=1840129836956274572&mToken=mHqtAOJNoS7yL0kTBPSyV%2BuzKL%2BR8uNBTe5KtJZbanVKx7z8JdPiljh%2BcAfQwUvNkXcuRAh0M93W5%2Byeb9BioQ%3D%3D&metasearchRateId=IDUsers,https://www.tiket.com/hotel/indonesia/family-hotel-gradia-1-412001639987556513?room=1&adult=2&checkin=2025-08-12&checkout=2025-08-13&utm_source=google-hotel&utm_medium=prf-ppc&utm_external=prf&searchSessionId=5CE97E29-3218-4ECE-9D0B-5F7EAF2C8EB7&referrer=https%3A%2F%2Fwww.tiket.com%2Fhotel%2Fsearch%3FhotelID%3D610eb147-acf9-4b76-898d-5d551c9affbc%26checkin%3D2025-07-15%26checkout%3D2025-07-16%26adult%3D2%26country%3DID%26device%3Ddesktop%26isAat%3Dtrue%26utm_source%3Dgoogle-hotel%26utm_term%3D610eb147-acf9-4b76-898d-5d551c9affbc%26utm_medium%3Dprf-ppc%26utm_campaign%3D%255BMSA%255D-21472895668%26utm_external%3Dprf%26isRedirect%3Dtrue%26gad_source%3D0%26gad_campaignid%3D21472895668%26id%3Dfamily-hotel-gradia-1-412001639987556513%26type%3DHOTEL%26q%3DJawa%2BTimur%26room%3D1&utm_page=searchResultPage,https://www.booking.com/hotel/id/villa-and-family-gradia.id.html?aid=1893449&label=metagha-link-LUID-hotel-336336_dev-desktop_los-1_bw-28_dow-Monday_defdate-1_room-0_gstadt-2_rateid-publicNe_aud-0_gacid-21404703723_mcid-50_ppa-0_clrid-0_ad-1_gstkid-0_checkin-20250908_ppt-BdB_lp-2360_r-1275812687757803377&sid=233728113668e99909dd2ab41b784bea&all_sr_blocks=33633601_371811818_0_2_0&checkin=2025-09-08&checkout=2025-09-09&dest_id=336336&dest_type=hotel&dist=0&group_adults=2&group_children=0&hapos=1&highlighted_blocks=33633601_371811818_0_2_0&hpos=1&matching_block_id=33633601_371811818_0_2_0&no_rooms=1&req_adults=2&req_children=0&room1=A%2CA&sb_price_type=total&sr_order=popularity&sr_pri_blocks=33633601_371811818_0_2_0__52871000&srepoch=1754884570&srpvid=577c1ba84ba10297&type=total&ucfs=1&,,,,,3
14,Hotel,Family Hotel Gradia 2,"Jl. Ikhwan Hadi No.56, Ngaglik, Kec. Batu, Kota Batu, Jawa Timur 65311",-7.873495402,112.520141,(0341)591812,477.000 - 1.100.000,30,51,"Aman, Kolam air panas outdoor, Kolam Renang luar, Resepsionis 24 jam, Laundry, Sarapan, Internet kamar, Fasilitas Rapat, Area Parkir, Layanan Kamar 24 jam, Restoran, Layanan Kamar, Brankas, Wi-Fi di area umum, AC, Ruang keluarga, Area bebas asap rokok, Area merokok, TV kabel, Meja, Pancuran, TV, Kamar bebas rokok, Parkir gratis, Wi-Fi gratis, Kamar keluarga","- Hotel simpel di jalanan rindang di area pemukiman ini berjarak 3 km dari Batu Secret Zoo dan 2 km dari Jawa Timur Park 1, sebuah taman hiburan dengan wahana dan hiburan unik.
- Kamar berfurnitur simpel dilengkapi TV layar datar, fasilitas pembuat teh dan kopi, serta Wi-Fi gratis. Ada juga area tempat duduk. Kamar keluarga dapat menampung hingga 6 orang.",,https://villa-gradia-batu.blogspot.com/,1,0,1,0,0,0,0,https://www.traveloka.com/id-id/hotel/detail?spec=08-09-2025.09-09-2025.1.1.HOTEL.3000010002037.Family%20Hotel%20Gradia%202.2&contexts=%7B%22accessCode%22%3A%2290975GHAD1305desktop%22%2C%22metasearchRequestId%22%3A%2292838413-a8dc-4f27-a570-2b18c364dd7e%22%2C%22inventoryRateKey%22%3A%22povEwB3ZzsU2C6pd%2B6MdU13LUNuufACdbU0usK5vg0cOx2SfNNWKe16ehPFx20WqfwxXnYiRzoxM4HX9sDmt9%2FAm1AYn3MeGz8Xcpq5hCtgkoYhCABuc4UBUJdDpIzcBkjYFe7E9Hsd3uMKwzSkUl5pNkVNrbZlWauR9OJSMSOj4QS%2F7lP5X9%2BhoRMjd5e8acy53IOmpLE%2FmT5Q5otJDAo%2BbdPKyeEcnUCrwiPsukDU4xJaQCNZd7Dm9H%2BzKz3SoHlBcSNHFk%2B6M%2Bed81rVbweEHGIhg0KJ7gZAJpw17ItAcEtGPm1fxqcNnBgMR8yyWqMEBhhw5Z0QV4tnIt0Go25hAEL0jJ1aCAPaWTLUPGXtiD4QnwrTjrAn1HYOPy29ZhMam%2BEpcElzU%2BdVSsGBJoEGmb3UOlN0uD7%2FMrpBj8gp0soTvNsBMZExEebIeBttd%2FprV1QNJ3uRWGzkuuDXCiotkWpTE9UjjPTRwzkrMSkKwIyUeP2DaQOstd8W4ab9%2FWuE%2FNiGnciUzLhpyw4ZvzjSRkAserqbchG3IPY0C996rOuF%2B%2FAsDeSmZKHQMjtagj0lqorsQFjKyKoIaAceTduhw7niBWzPymmEHph8NwIUrk4AkYbgcD%2FDODqraz1CdwYjLMLGFA8rdSnJZFEJrTaTLmbWTQkE1MyIyb23Up%2Fn6efzt6Q6w0KlyjqhVV3q382jyAIdSdNmAZHYnVMM5olVbh14qSfSMRavwsTJ%2BjP1fdGUvz2ZQYYmZgTcGP12Zh1wT8uHOZUXTeJ5Ut1pKSP3McDS1rWPyt1BRb9oi7BhVGoOPbawsU1IdXs83q8NfvRNEIEtmty7rlg03z8P32UkgIWSEJpv52Ku17YIcqzYuLTydZdp%2FvNiKJYG0T1vh5YhEEUaJ0gjaG9UhELegF9iDfvpFYeWyPmUOhd4xgGidL4WrNcrtEcU06YrRzKKB%2FTiBe3%2FvpX%2BK8Sa4bEhZJwl9qfrXDQYriFXHEJzzj%2BWBX62s2Ie1rHii8L1Bh6P1Sy4DCRywdkrS2jSKru8zuYJMHPrcxp1Sabt4750N4yrIbgIVBthd%2BCMiGdvhMhjyCw0q2VMu02cVSRYh0YrqJt7X%2B0GM0OLCwDn13xFDD5XySEfQi7jxFVwglluSw%2FLLP0iYYDgDsKS%2Ff%2F2kzwLrzQA2QahzdmMywdfhulpDkMV7IVXmO1xqRZvfBOXDw2Kvw3QpFMnhUWrhKGJxAZcICPA9F6SCSnppuXdXVdExUX9CSKvdk5Ixnpt1ylZxHoFb2LSXDihiwoj3YHZM0Ul49YyCYWIeG6EBYPoXQ7d%2B10lwzRVsS%2BVtVFalmuNn8HemNg462k1ARFmuZxb1SFv%2BhyTJuF8J3LrBVJs6NqQC1ikaNRcA8FAo1HVAYtt0fHuw%22%7D&loginPromo=1&prevSearchId=1840130186921665154&mToken=mHqtAOJNoS7yL0kTBPSyV%2BuzKL%2BR8uNBTe5KtJZbanWX9Kp5WEmyO%2FaauAVkTYRqUwI8do4NYIJqcUXd2LJlhw%3D%3D&metasearchRateId=IDUsers,,https://www.booking.com/hotel/id/gradia-2.id.html?aid=1893449&label=metagha-link-LUID-hotel-457037_dev-desktop_los-1_bw-28_dow-Monday_defdate-1_room-0_gstadt-2_rateid-publicNe_aud-0_gacid-21404703723_mcid-10_ppa-0_clrid-0_ad-1_gstkid-0_checkin-20250908_ppt-Bd_lp-2360_r-10649195707046800475&sid=233728113668e99909dd2ab41b784bea&all_sr_blocks=45703701_107350471_0_2_0&checkin=2025-09-08&checkout=2025-09-09&dest_id=457037&dest_type=hotel&dist=0&group_adults=2&group_children=0&hapos=1&highlighted_blocks=45703701_107350471_0_2_0&hpos=1&matching_block_id=45703701_107350471_0_2_0&no_rooms=1&req_adults=2&req_children=0&room1=A%2CA&sb_price_type=total&sr_order=popularity&sr_pri_blocks=45703701_107350471_0_2_0__56000000&srepoch=1754884902&srpvid=f0df1c505bd3027d&type=total&ucfs=1&,,,,,3
15,Hotel,SAMARA RESORT,"Jl. IMAM BONJOL NO 17B Sisir, Kec. Batu, Kota Batu, Jawa Timur 65315",-7.880317094,112.5308959,"03413061000, 0341-3061771",437.519 - 567.999,45,88,"Wi-Fi gratis, Sarapan, Kolam Renang luar, AC, Parkir gratis, Layanan binatu","- Hotel santai ini terletak di taman dengan pemandangan gunung di sekelilingnya, berjarak 2 km dari Batu Secret Zoo dan 4 km dari taman hiburan Batu Night Spectacular.
- Kamar santai dilengkapi dengan akses internet berkecepatan tinggi dan TV layar datar.
- Vila memiliki ruang keluarga, dapur, dan balkon. Room service tersedia 24 jam.",,https://samararesorts.com/,0,1,0,1,0,0,0,,https://www.tiket.com/hotel/indonesia/samara-resort-108001534490356965?room=1&adult=2&checkin=2025-08-12&checkout=2025-08-13&utm_source=google-hotel&utm_medium=prf-ppc&utm_external=prf&searchSessionId=C44EDA7C-3D5B-4C3E-BE05-B3CFF02B8D99&referrer=https%3A%2F%2Fwww.tiket.com%2Fhotel%2Fsearch%3FhotelID%3D4678f7dc-7c21-4ef3-8cdb-8a45eaccb6d8%26checkin%3D2025-07-15%26checkout%3D2025-07-16%26adult%3D2%26country%3DID%26device%3Ddesktop%26isAat%3Dtrue%26utm_source%3Dgoogle-hotel%26utm_term%3D4678f7dc-7c21-4ef3-8cdb-8a45eaccb6d8%26utm_medium%3Dprf-ppc%26utm_campaign%3D%255BMSA%255D-21472895671%26utm_external%3Dprf%26isRedirect%3Dtrue%26gad_source%3D6%26gad_campaignid%3D21472895671%26id%3Dsamara-resort-108001534490356965%26type%3DHOTEL%26q%3DJawa%2BTimur%26room%3D1&utm_page=searchResultPage,,https://www.agoda.com/id-id/samara-resort/hotel/malang-id.html?countryId=192&finalPriceView=1&isShowMobileAppPrice=false&cid=1917614&numberOfBedrooms=&familyMode=false&adults=2&children=0&rooms=1&maxRooms=0&checkIn=2025-08-12&isCalendarCallout=false&childAges=&numberOfGuest=0&missingChildAges=false&travellerType=1&showReviewSubmissionEntry=false&currencyCode=IDR&isFreeOccSearch=false&los=1&searchrequestid=0c3ae755-91f7-4582-aa15-3195bac21426&ds=trUqMxKcjNHObLTh,,,,4
16,Hotel,BATU WONDERLAND WATERPARK RESORT HOTEL,"Jl. Imam Bonjol Bawah No.09, RT.05/RW.08, Temas, Kec. Batu, Kota Batu, Jawa Timur 65315",-7.880281616,112.5330459,341595929,480.265 - 899.000,109,218,"Wi-Fi gratis, Kolam Renang, Sarapan, AC, Parkir gratis, Layanan binatu","- Lokasinya yang strategis berada di tengah kota wisata
- Hotel Batu Wonderland menyediakan beragam tipe kamar yang bisa dipilih sesuai kebutuhan.
- Lokasi hotel yang sangat dekat dengan tempat wisata favorit di kota batu.",https://www.instagram.com/batuwonderland/?hl=id,,1,0,0,0,0,0,0,https://www.traveloka.com/id-id/hotel/detail?spec=11-08-2025.12-08-2025.1.1.HOTEL.3000020020899.Hotel%20Batu%20Wonderland.2&contexts=%7B%22accessCode%22%3A%2290975GHAD1305desktop%22%2C%22metasearchRequestId%22%3A%2268d3f57b-667f-4a9b-aa36-1d95e6ff62b7%22%2C%22inventoryRateKey%22%3A%22povEwB3ZzsU2C6pd%2B6MdU13LUNuufACdbU0usK5vg0dXv0cFgrCRtrA1PwEDhzEDfwxXnYiRzoxM4HX9sDmt9%2FAm1AYn3MeGz8Xcpq5hCtgkoYhCABuc4UBUJdDpIzcBkjYFe7E9Hsd3uMKwzSkUl5pNkVNrbZlWauR9OJSMSOjT2kAb5PFnnUsj4yv%2BE8%2BE72T4vCjtd1L7aOw0fi4xN4%2BbdPKyeEcnUCrwiPsukDU4xJaQCNZd7Dm9H%2BzKz3SoHlBcSNHFk%2B6M%2Bed81rVbweEHGIhg0KJ7gZAJpw17ItAcEtGPm1fxqcNnBgMR8yyW4ixMvBpEpkcdrsVYy4I0arlS81%2FL314%2BEun2%2FX6YDWiNLAI570pDjkIGC%2BnLzxKIcobv2sM7J0Fdi71F%2BMaPuJZ%2F4BcR1dMJZnHguitAKG7O7uhfTD1GtRcr7E7TNppvmEAQvSMnVoIA9pZMtQ8Ze0TmUfsKSaG4pRlRUA016Gma6RjhZ%2B%2F6QV25zuEEdvqmefho0o7KgbsmK2jlIeR2OjRtcdHHo%2FAWwEPDHg90N1R9O21BdVMumhKJ1LZWTYhAqtovf7l7Wh6O7acT8Ie56zkjUbMpMwoD8bDdfSrNvYejJhdEEziI4Xl3iRJYHk49zVKWfYDUVqNo%2FAall9xaE9vn%2F9fz462FS9mlBXIiMemaNTLkx81ixqcZHhf0mEaBxfH2bKUpSjEuA6nReUpwnv1H0sWhzdbH7%2B0Rtsh724%2FjPt0yluV7LIE%2BO9WApLmPlfxQK1kTlJUI3DHN0EvwNDCmFYRHIaL9k1o31jsNJ8ZdRIxAkB%2FTzC2x4qzSPHp2d5pQ5%2BHw1J1TK6E5FeoT6T8AVvZ9qLJTDwbqb88hTw9Ywlx0XWa8wDnyygtf7Crmp%2Fc6G6mL9eWogIEjTUT%2BvxdmjA0pqNs%2Fp6%2F2UetIeMx%2B0ACFTWJVhwkR%2By0sft0uKhbuK%2FcARcRAAI8Iaf2%2Bxip9qSJo%2BNZQNC63aKSF1E%2FWNRpflJ3BRkD0CO%2F3b6NGLOsg%2BtVMwgdLBQwCFoUNCE1ROcbz8JtQ1E2tHXYzVSOfFAbhHbR%2F%2Fe15RGGAUhrB0VWGTsD39YZGapq%2FKfK9q2Vz0rpvEv6EWvkkZ4rXXXZETKF%2BWtkTq7WP2xt7dVLXkjYFe7E9Hsd3uMKwzSkUl1TQPy7L0IcQO%2FjXM28tbBc2J%2ByuUietFuQmH0%2FNZgLEBJiz%2FkLLIDY2UyHMEiXQJhq2EZIH0HjNxWh0rTSTHL3kR%2BHXMDLOn9XgGZtk8%2F5ECHBikUyR658EMrjfcLPYmGjbEiQUMjap199X9Dwp20zqIQwjtKYIiSj9Pk8hbZxr%2BCDZlrkdBVtf3x5BUBU0cA%3D%3D%22%7D&loginPromo=1&prevSearchId=1840130769398288268&mToken=mHqtAOJNoS7yL0kTBPSyV%2BuzKL%2BR8uNBTe5KtJZbanV%2BesZIPEYyGmxT%2BcX7N2F6uUk4EaB9ADsjZVqxRWIoOw%3D%3D&metasearchRateId=IDUsers,,,,,,,4
17,Hotel, ROYAL ORCHID GARDEN HOTEL CONDOMINIUMS,"Jl. Indragiri No.4, Pesanggrahan, Kec. Batu, Kota Batu, Jawa Timur 65318",-7.864813398,", 112.51080923187612",341593083,385.011 - 619.056,114,228,"Wi-Fi gratis, Dapat gratis, Sarapan gratis, Parkir gratis, Kolam Renang luar, AC","- Hotel ini menyuguhkan pemandangan Gunung Panderman dan Gunung Arjuna yang memesona.  Akomodasi ini cocok sebagai tempat liburan romantis yang sempurna di Malang.
- strategis dekat kota sehingga menguntungkan untuk pelancong bisnis maupun rekreasi bersama keluarga. 
- Hotel ini menawarkan 132 unit kamar yang bersih, luas, modern, dan memiliki desain interior menarik.",https://www.instagram.com/royalorchidsgarden/,,1,0,0,0,0,0,0,https://www.traveloka.com/id-id/hotel/detail?spec=15-07-2025.16-07-2025.1.1.HOTEL.291080.Royal%20Hotel%20%26%20Villa%20Batu.2&contexts=%7B%22accessCode%22%3A%2290975GHAD1305desktop%22%2C%22metasearchRequestId%22%3A%22ba585625-a575-4184-b45d-76b6b9505806%22%2C%22inventoryRateKey%22%3A%22povEwB3ZzsU2C6pd%2B6MdU6u0YYPJ5r8SDvn1XpJMHcmg1Kmg3QN%2BPqqdZLdGEfgffwxXnYiRzoxM4HX9sDmt9%2FAm1AYn3MeGz8Xcpq5hCtgkoYhCABuc4UBUJdDpIzcBkjYFe7E9Hsd3uMKwzSkUl5pNkVNrbZlWauR9OJSMSOjT2kAb5PFnnUsj4yv%2BE8%2BEMmQpzIdt%2FiBL3D5oowp9Ao%2BbdPKyeEcnUCrwiPsukDU4xJaQCNZd7Dm9H%2BzKz3SoHlBcSNHFk%2B6M%2Bed81rVbweEHGIhg0KJ7gZAJpw17ItAcEtGPm1fxqcNnBgMR8yyWU6JqpJgCLciQ70mBoobOrLlS81%2FL314%2BEun2%2FX6YDWiyFsPD2x3QEcM8llUfiHL8cobv2sM7J0Fdi71F%2BMaPuJZ%2F4BcR1dMJZnHguitAKG4CIzNrB7PoFVymBe8YZ%2B08mEAQvSMnVoIA9pZMtQ8Ze2IPhCfCtOOsCfUdg4%2FLb1ma6RjhZ%2B%2F6QV25zuEEdvqmefho0o7KgbsmK2jlIeR2OjRtcdHHo%2FAWwEPDHg90N1R9O21BdVMumhKJ1LZWTYhAqtovf7l7Wh6O7acT8Ie56zkjUbMpMwoD8bDdfSrNvYejJhdEEziI4Xl3iRJYHk49Vn0s8%2FxPEBRfQLzEYzFaDXwurzX705uc8t60LxuPCl11OaHSVqjaXvgpKDrmP9%2FP1GhUbgf05CE4NInHURk70Fxu1hfRrBXVRffGA1pJQ1S%2Fq2oAn6ROnVp2hf8hjzzHLQ%2BHIFMveIFsFcSHEFb%2B6DXHfuLKt%2BBHHCUS8LxNrFdTBHGNt8L2mGp8Rp0rA5kZaZaMeZ3CfF6%2F%2BpmgVUZuYkQeLjpwgGsNHeHKBHQBM4W%2BnjIuNGluvgDXPq9w9TYfww2NJnC5r3BqESkLML5pEPILNJbI%2Bh5wf%2FVvxY5ZmRfwowL9bf9lyc8jEQrPoGscCNglxPYe5gnCUwq6%2FS5H2MfwvLW230I7hQV4%2F9n%2BliEdPKpESZ2FxKjNQ82Ed6Et0Fs54eBoGF9PWACS7Iy7BSMsKlIjnSc%2BbH8aywYTYRSrUWtTS2IpsIxiCPn6XbcJcfdfMr9%2BN99sKEV80l8HRk9rOXT%2FLR5HssPPfO8mAg49kAWKuoXoP6zyH%2BVK35ZKpmyBiLp3j3qdw%2FdsYeJ1CWncMnCSUg5D9a50TplcyQaDT20SW9v07Gf7fmwzUAOiEunK10lgC78eVxlxdsM%2Bsw%3D%3D%22%7D&loginPromo=1&prevSearchId=1837690519261565242&mToken=AqS98uaXpJh74kDKhxWQ6%2B%2F3%2BBsjK%2BRpPP27vPu2UHI%2BFexPSj43%2B5RmOiEU%2BjrjiQUE5V1FXrUof7T3bsiTjA%3D%3D&metasearchRateId=IDUsers,,,,,,,3
18,Hotel,THE SINGHASARI RESORT,"Jl. Ir. Soekarno No.120, Beji, Kec. Batu, Kota Batu, Jawa Timur 65236",-7.893113731,112.550214,341513333,776.180 - 1.001.000,195,291,"Wi-Fi gratis, Dapat gratis, Sarapan gratis, Parkir gratis, Kolam Renang luar, AC","- Hotel  ini dekat dengan tempat wisata batu secret zoo, resor kelas atas berpemandangan gunung dan Museum Angkut.
- Kamar-kamar kontemporer dengan balkon dan pemandangan gunung.
- Kamar di kelas yang lebih tinggi memiliki kamar mandi marmer; beberapa di antaranya memiliki tambahan ruang keluarga atau teras dengan akses langsung ke kolam renang. Room service tersedia.",https://www.instagram.com/thesinghasari/,https://www.thesinghasari.com/,1,1,1,1,0,0,0,https://www.traveloka.com/id-id/hotel/detail?spec=11-08-2025.12-08-2025.1.1.HOTEL.3000010000303.The%20Singhasari%20Resort%20Batu.2&contexts=%7B%22accessCode%22%3A%2290975GHAD1305desktop%22%2C%22metasearchRequestId%22%3A%224ea03cdd-bfaf-4298-b688-fef8ad2a8f58%22%2C%22inventoryRateKey%22%3A%22povEwB3ZzsU2C6pd%2B6MdU2B9D%2BXTtnp8xBPheXkh8zeNUu16%2BmK%2FblDkXUdCsW8QfwxXnYiRzoxM4HX9sDmt9%2FAm1AYn3MeGz8Xcpq5hCtgkoYhCABuc4UBUJdDpIzcBkjYFe7E9Hsd3uMKwzSkUl5pNkVNrbZlWauR9OJSMSOjRfnRAbODkW%2BZ5ObHLaYtvlAgQhHbnmm%2FlT%2BbGLas%2F4I%2BbdPKyeEcnUCrwiPsukDU4xJaQCNZd7Dm9H%2BzKz3SoHlBcSNHFk%2B6M%2Bed81rVbweEHGIhg0KJ7gZAJpw17ItAcEtGPm1fxqcNnBgMR8yyW4ixMvBpEpkcdrsVYy4I0arlS81%2FL314%2BEun2%2FX6YDWiNLAI570pDjkIGC%2BnLzxKIcobv2sM7J0Fdi71F%2BMaPuJZ%2F4BcR1dMJZnHguitAKG7O7uhfTD1GtRcr7E7TNppvmEAQvSMnVoIA9pZMtQ8Ze0TmUfsKSaG4pRlRUA016Gma6RjhZ%2B%2F6QV25zuEEdvqmefho0o7KgbsmK2jlIeR2OjRtcdHHo%2FAWwEPDHg90N1R9O21BdVMumhKJ1LZWTYhAqtovf7l7Wh6O7acT8Ie56zkjUbMpMwoD8bDdfSrNvYejJhdEEziI4Xl3iRJYHk49Az27Z1pwj8m%2BElAgWVy8%2FPFC%2BpMK%2BJHxOgqVH4H7o%2BXiqaweHcRmxJkkgah75CeWxfH2bKUpSjEuA6nReUpwnnje1JkIlqE%2BPx2SFmTGGUqMfBFPv9%2F8G04UDnIPIqnqlfxQK1kTlJUI3DHN0EvwNDCmFYRHIaL9k1o31jsNJ8ZdRIxAkB%2FTzC2x4qzSPHp2d5pQ5%2BHw1J1TK6E5FeoT6T8AVvZ9qLJTDwbqb88hTw9Ywlx0XWa8wDnyygtf7Crmp%2Fc6G6mL9eWogIEjTUT%2BvxdmjA0pqNs%2Fp6%2F2UetIeMx%2B0ACFTWJVhwkR%2By0sft0uKhbuK%2FcARcRAAI8Iaf2%2BxtlkrXxSTJS5fesJ73GJjiWRA1Ee8uD2t%2BV%2B5O3dBcypLOsg%2BtVMwgdLBQwCFoUNCMpjk4e%2FsBMja%2FVljmB75xs9HPM2w99rYXH%2F2R31aTl2D%2FUALTULY9axloquJl489WVz0rpvEv6EWvkkZ4rXXXZETKF%2BWtkTq7WP2xt7dVLXkjYFe7E9Hsd3uMKwzSkUl1TQPy7L0IcQO%2FjXM28tbBc2J%2ByuUietFuQmH0%2FNZgLEBJiz%2FkLLIDY2UyHMEiXQJhq2EZIH0HjNxWh0rTSTHL3kR%2BHXMDLOn9XgGZtk8%2F5ECHBikUyR658EMrjfcLPYmGjbEiQUMjap199X9Dwp20w5iYd%2B2kOQ76p0DVa1E9WHivh9MCRcqs7hUo62NXcbC%2BrktF7UTS%2BT%2FnT1%2FW4ee6SP5YD9FJ5CsSuUepoWlamQjrRu9yk0Y7YoI4abhU5lgQ%3D%3D%22%7D&loginPromo=1&prevSearchId=1840130990415042835&mToken=mHqtAOJNoS7yL0kTBPSyV%2BuzKL%2BR8uNBTe5KtJZbanV7dDtROUEcNRwJSYzJvaGlVI4LVrRs82BpJclgQ4BxUA%3D%3D&metasearchRateId=IDUsers,https://www.tiket.com/hotel/indonesia/the-singhasari-resort-batu-412001639950331681?room=1&adult=2&checkin=2025-08-12&checkout=2025-08-13&utm_source=google-hotel&utm_medium=prf-ppc&utm_external=prf&searchSessionId=28739051-CEAF-4E02-978D-E9AEF7A86C16&referrer=https%3A%2F%2Fwww.tiket.com%2Fhotel%2Fsearch%3FhotelID%3D471d52bd-6c3c-417a-bdc4-3a563b3f0e7e%26checkin%3D2025-07-15%26checkout%3D2025-07-16%26adult%3D2%26country%3DID%26device%3Ddesktop%26isAat%3Dtrue%26utm_source%3Dgoogle-hotel%26utm_term%3D471d52bd-6c3c-417a-bdc4-3a563b3f0e7e%26utm_medium%3Dprf-ppc%26utm_campaign%3D%255BMSA%255D-21444681979%26utm_external%3Dprf%26isRedirect%3Dtrue%26gad_source%3D6%26gad_campaignid%3D21444681979%26id%3Dthe-singhasari-resort-batu-412001639950331681%26type%3DHOTEL%26q%3DJawa%2BTimur%26room%3D1&utm_page=searchResultPage,https://www.booking.com/hotel/id/the-singhasari-resort-batu.id.html?aid=1893449&label=metagha-link-MRID-hotel-413015_dev-desktop_los-1_bw-0_dow-Tuesday_defdate-0_room-0_gstadt-2_rateid-public_aud-0_gacid-21404703723_mcid-50_bc-AAZNVw_ppa-0_clrid-0_ad-1_gstkid-0_checkin-20250715_ppt-B_lp-2360_r-18132340613844219255&sid=233728113668e99909dd2ab41b784bea&all_sr_blocks=41301508_0_2_1_0&checkin=2025-09-08&checkout=2025-09-09&dest_id=413015&dest_type=hotel&dist=0&group_adults=2&group_children=0&hapos=1&highlighted_blocks=41301508_0_2_1_0&hpos=1&matching_block_id=41301508_0_2_1_0&no_rooms=1&req_adults=2&req_children=0&room1=A%2CA&sb_price_type=total&sr_order=popularity&sr_pri_blocks=41301508_0_2_1_0__124608761&srepoch=1754885699&srpvid=38321dd2c81603c3&type=total&ucfs=1&,https://www.agoda.com/id-id/the-singhasari-resort/hotel/malang-id.html?countryId=192&finalPriceView=1&isShowMobileAppPrice=false&cid=1833981&numberOfBedrooms=&familyMode=false&adults=2&children=0&rooms=1&maxRooms=0&checkIn=2025-08-12&isCalendarCallout=false&childAges=&numberOfGuest=0&missingChildAges=false&travellerType=1&showReviewSubmissionEntry=false&currencyCode=IDR&isFreeOccSearch=false&tspTypes=-1&los=1&searchrequestid=808a6ac1-1e5f-4086-8870-1ed3bdd0b218&ds=kxosnuQ%2F0ikirI2D,,,,5
19,Hotel,SENYUM WORLD HOTEL,"Jl. Ir. Soekarno No.144, Beji, Kec. Junrejo, Kota Batu, Jawa Timur 65236",-7.896520358,112.5527364,3413073999,576.079 - 07.867,242,242,"Wi-Fi gratis, Dapat gratis, Sarapan gratis, Parkir gratis, Kolam Renang luar, AC, Layanan Kamar, Pusat bisnis, Restoran, Jemputan bandara, water heater, Dapur di beberapa kamar, Spa, Bar, Lapangan golf, Pusat kebugaran","- Di pinggir jalan raya yang sibuk, dan 3 menit berjalan kaki dari pusat hiburan Dino Park, hotel sederhana ini berjarak 4 km dari Batu Secret Zoo dan 16 km dari stasiun kereta api Malang.
- Akomodasi mulai dari kamar dengan beragam tema perdesaan hingga suite keren dengan dapur, ruang keluarga dan ruang makan yang terpisah, serta pemandangan gunung.",https://www.instagram.com/senyumworld/,https://senyumworldhotel.com/,1,1,0,1,0,0,0,https://www.traveloka.com/id-id/hotel/detail?spec=11-08-2025.12-08-2025.1.1.HOTEL.3000020019270.Senyum%20World%20Hotel.2&contexts=%7B%22accessCode%22%3A%2290975GHAD1305desktop%22%2C%22metasearchRequestId%22%3A%22dc81c0c8-9269-4bcb-8b37-834da2dfa458%22%2C%22inventoryRateKey%22%3A%22povEwB3ZzsU2C6pd%2B6MdU13LUNuufACdbU0usK5vg0dHz2GAxfV0HcSGO0nEUweOfwxXnYiRzoxM4HX9sDmt9%2FAm1AYn3MeGz8Xcpq5hCtgkoYhCABuc4UBUJdDpIzcBkjYFe7E9Hsd3uMKwzSkUl5pNkVNrbZlWauR9OJSMSOiXRHzAZDWeuG0F1hB7SR6y5Ma3ukinx%2BVLBxELUtEEyY%2BbdPKyeEcnUCrwiPsukDU4xJaQCNZd7Dm9H%2BzKz3SoHlBcSNHFk%2B6M%2Bed81rVbweEHGIhg0KJ7gZAJpw17ItAcEtGPm1fxqcNnBgMR8yyW4ixMvBpEpkcdrsVYy4I0arlS81%2FL314%2BEun2%2FX6YDWiNLAI570pDjkIGC%2BnLzxKIcobv2sM7J0Fdi71F%2BMaPuJZ%2F4BcR1dMJZnHguitAKG7O7uhfTD1GtRcr7E7TNppvmEAQvSMnVoIA9pZMtQ8Ze0TmUfsKSaG4pRlRUA016Gma6RjhZ%2B%2F6QV25zuEEdvqmefho0o7KgbsmK2jlIeR2OjRtcdHHo%2FAWwEPDHg90N1R9O21BdVMumhKJ1LZWTYhAqtovf7l7Wh6O7acT8Ie56zkjUbMpMwoD8bDdfSrNvYejJhdEEziI4Xl3iRJYHk49zVKWfYDUVqNo%2FAall9xaE7t2LrG6k9HVubiWZkE0es%2BbDbyWOtO8WNYM02ZOKjRhxfH2bKUpSjEuA6nReUpwnv1H0sWhzdbH7%2B0Rtsh724%2FjPt0yluV7LIE%2BO9WApLmPlfxQK1kTlJUI3DHN0EvwNDCmFYRHIaL9k1o31jsNJ8ZdRIxAkB%2FTzC2x4qzSPHp2d5pQ5%2BHw1J1TK6E5FeoT6T8AVvZ9qLJTDwbqb88hTw9Ywlx0XWa8wDnyygtf7Crmp%2Fc6G6mL9eWogIEjTUT%2BvxdmjA0pqNs%2Fp6%2F2UetIeMx%2B0ACFTWJVhwkR%2By0sft0uKhbuK%2FcARcRAAI8Iaf2%2BxgGUfUpX%2BLgIQNb34ymfbwQwdljIvgsqI8XmGadL9D0PLOsg%2BtVMwgdLBQwCFoUNCAmz4JyC00Xjp2eQG%2B%2Fycmrq0eJm1HX9cRLdnYklXNxrD%2FUALTULY9axloquJl489WVz0rpvEv6EWvkkZ4rXXXZETKF%2BWtkTq7WP2xt7dVLXkjYFe7E9Hsd3uMKwzSkUl1TQPy7L0IcQO%2FjXM28tbBc2J%2ByuUietFuQmH0%2FNZgLEBJiz%2FkLLIDY2UyHMEiXQJhq2EZIH0HjNxWh0rTSTHL3kR%2BHXMDLOn9XgGZtk8%2F5ECHBikUyR658EMrjfcLPYmGjbEiQUMjap199X9Dwp20zqIQwjtKYIiSj9Pk8hbZxr%2BCDZlrkdBVtf3x5BUBU0cA%3D%3D%22%7D&loginPromo=1&prevSearchId=1840131188207941433&mToken=mHqtAOJNoS7yL0kTBPSyV%2BuzKL%2BR8uNBTe5KtJZbanXekyphCIfclXBW8DsVVCo3snv3qTsKn7CJrMQ6QnuLCw%3D%3D&metasearchRateId=IDUsers,https://www.tiket.com/hotel/indonesia/senyum-world-hotel-201001547830862551?room=1&adult=2&checkin=2025-08-12&checkout=2025-08-13&utm_source=google-hotel&utm_medium=prf-ppc&utm_external=prf&searchSessionId=A05E20F5-D802-4808-8938-5120F479D8C5&referrer=https%3A%2F%2Fwww.tiket.com%2Fhotel%2Fsearch%3FhotelID%3Da0436d53-3355-4b1d-a8cc-8757bb388d75%26checkin%3D2025-07-15%26checkout%3D2025-07-16%26adult%3D2%26country%3DID%26device%3Ddesktop%26isAat%3Dtrue%26utm_source%3Dgoogle-hotel%26utm_term%3Da0436d53-3355-4b1d-a8cc-8757bb388d75%26utm_medium%3Dprf-ppc%26utm_campaign%3D%255BMSA%255D-21444681979%26utm_external%3Dprf%26isRedirect%3Dtrue%26gad_source%3D6%26gad_campaignid%3D21444681979%26id%3Dsenyum-world-hotel-201001547830862551%26type%3DHOTEL%26q%3DJawa%2BTimur%26room%3D1&utm_page=searchResultPage,,https://www.agoda.com/id-id/senyum-world-hotel/hotel/malang-id.html?countryId=192&finalPriceView=1&isShowMobileAppPrice=false&cid=1917614&numberOfBedrooms=&familyMode=false&adults=2&children=0&rooms=1&maxRooms=0&checkIn=2025-08-12&isCalendarCallout=false&childAges=&numberOfGuest=0&missingChildAges=false&travellerType=1&showReviewSubmissionEntry=false&currencyCode=IDR&isFreeOccSearch=false&los=1&searchrequestid=6eb6d8ea-8a0f-4add-b669-c4961cbdf862&ds=y5Ty8LIwMiPSpvfD,,,,4
20,Hotel,KLUB BUNGA BUKIT RESORT,"Jl. Kartika No.1, Sisir, Kec. Batu, Kota Batu, Jawa Timur 65314",-7.885631147,112.5213497,341594777, 684.480 - 2.884.000,120,162,"Wi-Fi gratis, Kolam Renang dalam dan luar ruangan, Pusat bisnis, Restoran, water heater, Bar, Sarapan gratis, AC, Layanan Kamar, Dapur di beberapa kamar, Spa, Bebas asap rokok, Parkir gratis, Layanan binatu, Jemputan bandara, Pusat kebugaran","- Berlokasi di Bukit Panderman, resort seluas 12 hektare ini berjarak 9 menit berjalan kaki dari Batu Secret Zoo dan 1,6 km dari koleksi mobil Museum Angkut.
- Kamar-kamar bernuansa rileks dilengkapi dengan dekorasi modern-tradisional dan TV layar datar
- Sarapan prasmanan disertakan dan disajikan di restoran santai. ",https://www.instagram.com/klubbunga/,https://klubbungabutikresort.com/,1,1,1,0,0,0,0,https://www.traveloka.com/id-id/hotel/detail?spec=11-08-2025.12-08-2025.1.1.HOTEL.3000010001468.Klub%20Bunga%20Theme%20Park%20Hotel.2&contexts=%7B%22accessCode%22%3A%2290975GHAD1305desktop%22%2C%22metasearchRequestId%22%3A%2246c6c55c-b509-46e6-9ffe-94b590326618%22%2C%22inventoryRateKey%22%3A%22povEwB3ZzsU2C6pd%2B6MdU13LUNuufACdbU0usK5vg0eLn7mPKiziK9%2FzdmWO7cCgfwxXnYiRzoxM4HX9sDmt9%2FAm1AYn3MeGz8Xcpq5hCtgkoYhCABuc4UBUJdDpIzcBkjYFe7E9Hsd3uMKwzSkUl5pNkVNrbZlWauR9OJSMSOiSNxJdFPKoUlCcNH0aP52YKU9WUpj0MFZSN%2FJ5N4OEHY%2BbdPKyeEcnUCrwiPsukDU4xJaQCNZd7Dm9H%2BzKz3SoHlBcSNHFk%2B6M%2Bed81rVbweEHGIhg0KJ7gZAJpw17ItAcEtGPm1fxqcNnBgMR8yyW4ixMvBpEpkcdrsVYy4I0arlS81%2FL314%2BEun2%2FX6YDWiNLAI570pDjkIGC%2BnLzxKIcobv2sM7J0Fdi71F%2BMaPuJZ%2F4BcR1dMJZnHguitAKG7O7uhfTD1GtRcr7E7TNppvmEAQvSMnVoIA9pZMtQ8Ze0TmUfsKSaG4pRlRUA016Gma6RjhZ%2B%2F6QV25zuEEdvqmefho0o7KgbsmK2jlIeR2OjRtcdHHo%2FAWwEPDHg90N1R9O21BdVMumhKJ1LZWTYhAqtovf7l7Wh6O7acT8Ie56zkjUbMpMwoD8bDdfSrNvYejJhdEEziI4Xl3iRJYHk49Az27Z1pwj8m%2BElAgWVy8%2FLL2dZtgqBp79RYkwAUDfsjX6q2f5hDH6y8qI0wFR4U%2BxfH2bKUpSjEuA6nReUpwnv1H0sWhzdbH7%2B0Rtsh724%2FjPt0yluV7LIE%2BO9WApLmPlfxQK1kTlJUI3DHN0EvwNDCmFYRHIaL9k1o31jsNJ8ZdRIxAkB%2FTzC2x4qzSPHp2d5pQ5%2BHw1J1TK6E5FeoT6T8AVvZ9qLJTDwbqb88hTw9Ywlx0XWa8wDnyygtf7Crmp%2Fc6G6mL9eWogIEjTUT%2BvxdmjA0pqNs%2Fp6%2F2UetIeMx%2B0ACFTWJVhwkR%2By0sft0uKhbuK%2FcARcRAAI8Iaf2%2BxrjPzC51mWAUoIcMtwqNM88aG5%2FD7SDAf7pcE%2F9RxDYLLOsg%2BtVMwgdLBQwCFoUNCGENbAD7%2FVYnMbrzysUOVFyrxm0Jnyntoyy1huFsjrWPBpbqzhBe2QebHI2LU0JPyWVz0rpvEv6EWvkkZ4rXXXZETKF%2BWtkTq7WP2xt7dVLXkjYFe7E9Hsd3uMKwzSkUl1TQPy7L0IcQO%2FjXM28tbBc2J%2ByuUietFuQmH0%2FNZgLEBJiz%2FkLLIDY2UyHMEiXQJhq2EZIH0HjNxWh0rTSTHL3kR%2BHXMDLOn9XgGZtk8%2F5ECHBikUyR658EMrjfcLPYmGjbEiQUMjap199X9Dwp20zqIQwjtKYIiSj9Pk8hbZxr%2BCDZlrkdBVtf3x5BUBU0cA%3D%3D%22%7D&loginPromo=1&prevSearchId=1840131294967650579&mToken=mHqtAOJNoS7yL0kTBPSyV%2BuzKL%2BR8uNBTe5KtJZbanVXI6iTpqQsAB2WSPYiWdzpcsvANvyxPq3%2BDc9rk8g%2FXA%3D%3D&metasearchRateId=IDUsers,https://www.tiket.com/homes/indonesia/villa-club-bunga-b1-703001711527930292?room=1&adult=2&checkin=2025-08-12&checkout=2025-08-13&utm_source=google-hotel&utm_medium=prf-ppc&utm_external=prf&searchSessionId=6CEA173A-2BAF-4C46-992C-E0A3119C5064&referrer=https%3A%2F%2Fwww.tiket.com%2Fhomes%2Fsearch%3FhotelID%3D39ed739c-9bfb-46a7-82f3-feffdaa32739%26checkin%3D2025-07-15%26checkout%3D2025-07-16%26adult%3D2%26country%3DID%26device%3Ddesktop%26isAat%3Dtrue%26utm_source%3Dgoogle-hotel%26utm_term%3D39ed739c-9bfb-46a7-82f3-feffdaa32739%26utm_medium%3Dprf-ppc%26utm_campaign%3D%255BMSA%255D-17283522910%26utm_external%3Dprf%26isRedirect%3Dtrue%26gad_source%3D6%26gad_campaignid%3D17283522910%26id%3Dvilla-club-bunga-b1-703001711527930292%26type%3DHOTEL%26q%3DJawa%2BTimur%26room%3D1&utm_page=searchResultPage,https://www.booking.com/hotel/id/po-klub-bunga-butik-resort-batu.id.html?aid=1893449&label=metagha-link-MRID-hotel-12296328_dev-desktop_los-1_bw-0_dow-Tuesday_defdate-0_room-0_gstadt-2_rateid-0_aud-0_gacid-21404703723_mcid-33_ppa-0_clrid-0_ad-1_gstkid-0_checkin-20250715_ppt-_lp-2360_r-9210335550889701156&sid=233728113668e99909dd2ab41b784bea&all_sr_blocks=0_0_2_0_0&checkin=2025-09-08&checkout=2025-09-09&dest_id=12296328&dest_type=hotel&dist=0&group_adults=2&group_children=0&hapos=1&highlighted_blocks=0_0_2_0_0&hpos=1&matching_block_id=0_0_2_0_0&no_rooms=1&req_adults=2&req_children=0&room1=A%2CA&sb_price_type=total&sr_order=popularity&sr_pri_blocks=0_0_2_0_0__79244657&srepoch=1754886006&srpvid=87681e64e7c20109&type=total&ucfs=1&,,,,,4
21,Hotel,PONDOK JATIM PARK HOTEL,"Jl. Kartika No.3, Sisir, Kec. Batu, Kota Batu, Jawa Timur 65314",-7.88217933,112.5254578,"087759919521, (0341) 591666", 216.865 - 285.000,47,110,"Wi-Fi gratis, Dapat akses, Layanan binatu, Pusat bisnis, Sarapan gratis, Parkir gratis, Layanan Kamar, Restoran, Bar","- Hotel efisien dengan eksterior yang terang ini berjarak 11 menit berjalan kaki dari Museum Angkut, 13 menit berjalan kaki dari Eco Green Park, dan 4 menit berjalan kaki dari halte bus terdekat.
- Kamar simpel berlantai ubin dan berfurnitur kayu menawarkan TV layar datar dan kamar mandi dalam. Beberapa kamar memiliki area tempat duduk.",https://www.instagram.com/pondok_jatim_park/,https://pondokjatimpark.com/,1,1,1,1,0,0,0,https://www.traveloka.com/id-id/hotel/search?spec=15-07-2025.16-07-2025.1.1.HOTEL_GEO.103130.Jawa%20Timur.2&hotelId=3000010002445&contexts=%7B%22accessCode%22:%2290975GHAD1305desktop%22%2C%22metasearchRequestId%22%3A%223a1b6e16-7f4e-4cc9-91f5-fc428bfcef06%22%7D&metasearchId=GoogleHotelAdsUser&metasearchRateId=IDUsers&metasearchRatekey=sgyUU2M0LrnnpXh1LPwoI&priceDisplay=NIGHTLY&metasearchRefid=12345678910abcdefghijk@-&adType=1&PPA=0&hotelCampaign=1&id=18164718233508072251&adloc=id-id&kw=18164718233508072251_&gmt=&gn=g&gd=c&gdm=&gcid=731763646075&gdp=&gdt=&gap=&pc=1&cp=18164718233508072251_ID_HO_MS_AU_AL_Google_BL_DOM_IDN_tROAS_High_EastJava_T1_18164718233508072251_&aid=179703542332&wid=hpi-2397360723008&fid=&gid=2360&utm_id=uur1Qd4J&ad_id=731763646075&target_id=hpi-2397360723008&click_id=Cj0KCQjw-NfDBhDyARIsAD-ILeBvcj-1UbBknN3EBqNpo5KC-zn9yGkyL-y5O6Y3j7SfOSnNoIOB13AaAjdnEALw_wcB&campaign_id=22187723013&adgroup_id=179703542332&gad_source=6&gad_campaignid=22187723013&gbraid=0AAAAADjWKSnJfDfUGjoD08wwMSPipQFPD&gclid=Cj0KCQjw-NfDBhDyARIsAD-ILeBvcj-1UbBknN3EBqNpo5KC-zn9yGkyL-y5O6Y3j7SfOSnNoIOB13AaAjdnEALw_wcB,https://www.tiket.com/hotel/indonesia/pondok-jatim-park-hotel-cafe-batu-108001534490329335?room=1&adult=2&checkin=2025-08-15&checkout=2025-08-16&utm_source=google-hotel&utm_medium=prf-ppc&utm_external=prf&searchSessionId=568A7803-349D-4C77-A47A-F95B4B3BA37B&isFromSRP=true&referrer=https%3A%2F%2Fwww.tiket.com%2Fhotel%2Fsearch%3FhotelID%3D172f0d2c-dcbe-4da2-8ddc-0bd4bd53ed17%26checkin%3D2025-07-15%26checkout%3D2025-07-16%26adult%3D2%26country%3DID%26device%3Ddesktop%26isAat%3Dtrue%26utm_source%3Dgoogle-hotel%26utm_term%3D172f0d2c-dcbe-4da2-8ddc-0bd4bd53ed17%26utm_medium%3Dprf-ppc%26utm_campaign%3D%255BMSA%255D-21444681982%26utm_external%3Dprf%26isRedirect%3Dtrue%26gad_source%3D6%26gad_campaignid%3D21444681982%26id%3Dpondok-jatim-park-hotel-cafe-batu-108001534490329335%26type%3DHOTEL%26q%3DBatu%26room%3D1&utm_page=searchResultPage,https://www.booking.com/searchresults.id.html?aid=1893449&label=metagha-link-MRID-hotel-12784814_dev-desktop_los-1_bw-0_dow-Tuesday_defdate-0_room-0_gstadt-2_rateid-publicNe_aud-0_gacid-21404703723_mcid-33_ppa-0_clrid-0_ad-1_gstkid-0_checkin-20250715_ppt-Tag_lp-2360_r-9825702992680009135&utm_medium=mapresults&hca=m&no_rooms=1&show_room=0_0_2_0_0&utm_content=dev-desktop_los-1_bw-0_dow-Tuesday_defdate-0_room-0_gstadt-2_rateid-publicNe_aud-0_gacid-21404703723_mcid-33_ppa-0_clrid-0_ad-1_gstkid-0_checkin-20250715_ppt-Tag&utm_campaign=ID&edgtid=3GlH8T8BQHy_1sS5mnyDyQ&utm_term=hotel-12784814&gclid=Cj0KCQjw-NfDBhDyARIsAD-ILeDA04xcHYlNM_uj49jcqEUlKG1DGCeLDwhs7w4ruMs55VWDytI5fOMaAqeYEALw_wcB&ext_price_total=262181.69&efpc=FrFKJiGBtpov&utm_source=metagha&ts=1752563322&highlighted_hotels=12784814&checkin=2025-07-15&redirected=1&city=-2686378&hlrd=with_dates&group_adults=2&source=hotel&group_children=0&checkout=2025-07-16&keep_landing=1&sid=98b24db824d9e3e0016ac2e934b51634,https://www.agoda.com/id-id/search?campaignid=22524867002&searchdatetype=selected&lt=0&numberofchildren=0&childages=&gsite=mapresults&partnercurrency=IDR&roomid=3213763&masterroomid=3213763&pricetax=37638.00&pricetotal=216865.00&rateplan=7c422efd-2abf-c374-2d6e-20178a1e2212&usercountry=ID&currency=IDR&userdevice=desktop&verif=false&audience_list=&mcid=332&booking_source=cpc&adtype=1&mpt=OHJzNGtsdXlvKzd2SDNaNkdhMFFRS1llbCtSK29sRHQrUlpVR3JkMHk5YU9KVmdXUU1xNDlRPT0&original_rr=ID_LQ&gad_source=6&gad_campaignid=22524867002&gbraid=0AAAAAC_zgIyXy5pamvefkbo7vgUl-NdLC&gclid=Cj0KCQjw-NfDBhDyARIsAD-ILeB7wOrgrvWDHGa3Lix1lW34-lbPACics6NhEH5xmDCOluHOJH-yIqIaAuLTEALw_wcB&los=1&adults=2&rooms=1&checkin=2025-07-15&checkout=2025-07-16&selectedproperty=343572&city=5414&cid=1833981&pslc=1&ds=HlOAcHvsg9ca%2B%2BoV,,,,2
22,Hotel,KONTENA HOTEL,"Jln. KH Jl. Agus Salim No.106, Temas, Batu, kota batu, Jawa Timur 65315",-7.881660973,112.5294048,3415107888,321.145 - 492.000,142,142,"Wi-Fi gratis, Restoran, Dapat diakses, Kolam Renang luar, Parkir gratis, AC, Jemputan bandara, Layanan binatu, Sarapan",,https://www.instagram.com/kontenahotel/,https://hotelkontena.com/,1,1,1,1,0,0,0,https://www.traveloka.com/id-id/hotel/detail?spec=11-08-2025.12-08-2025.1.1.HOTEL.9000000631404.Kontena%20Hotel.2&contexts=%7B%22accessCode%22%3A%2290975GHAD1305desktop%22%2C%22metasearchRequestId%22%3A%222a4274d9-4b36-4845-8650-d8a88d34a79a%22%2C%22inventoryRateKey%22%3A%22povEwB3ZzsU2C6pd%2B6MdU13LUNuufACdbU0usK5vg0erUrX6RzCPFfPaEHTx%2F97FfwxXnYiRzoxM4HX9sDmt9%2FAm1AYn3MeGz8Xcpq5hCtgkoYhCABuc4UBUJdDpIzcBkjYFe7E9Hsd3uMKwzSkUl5pNkVNrbZlWauR9OJSMSOjT2kAb5PFnnUsj4yv%2BE8%2BENhdB3ezGbrDDMjUU0XaXNY%2BbdPKyeEcnUCrwiPsukDU4xJaQCNZd7Dm9H%2BzKz3SoHlBcSNHFk%2B6M%2Bed81rVbweEHGIhg0KJ7gZAJpw17ItAcEtGPm1fxqcNnBgMR8yyW4ixMvBpEpkcdrsVYy4I0arlS81%2FL314%2BEun2%2FX6YDWiNLAI570pDjkIGC%2BnLzxKIcobv2sM7J0Fdi71F%2BMaPuJZ%2F4BcR1dMJZnHguitAKG7O7uhfTD1GtRcr7E7TNppvmEAQvSMnVoIA9pZMtQ8Ze0TmUfsKSaG4pRlRUA016Gma6RjhZ%2B%2F6QV25zuEEdvqmefho0o7KgbsmK2jlIeR2OjRtcdHHo%2FAWwEPDHg90N1R9O21BdVMumhKJ1LZWTYhAqtovf7l7Wh6O7acT8Ie56zkjUbMpMwoD8bDdfSrNvYejJhdEEziI4Xl3iRJYHk49sHMiu1RbZocTzMrkqgddQ5HVJD8loHNbqbbIYR%2B8aVLNZl%2FtmG7EakKWv17eSi0ExfH2bKUpSjEuA6nReUpwnnje1JkIlqE%2BPx2SFmTGGUrjKd94wXTG703B72mNH3r6lfxQK1kTlJUI3DHN0EvwNDCmFYRHIaL9k1o31jsNJ8ZdRIxAkB%2FTzC2x4qzSPHp2d5pQ5%2BHw1J1TK6E5FeoT6T8AVvZ9qLJTDwbqb88hTw9Ywlx0XWa8wDnyygtf7Crmp%2Fc6G6mL9eWogIEjTUT%2BvxdmjA0pqNs%2Fp6%2F2UetIeMx%2B0ACFTWJVhwkR%2By0sft0uKhbuK%2FcARcRAAI8Iaf2%2Bxg1Oxqc%2B8akwbpyqrvC6rJHbl8EPNIWHRXNxRAbbt203LOsg%2BtVMwgdLBQwCFoUNCL%2BGA7OZkwlOZJCDGAJ2sWqypUohI9F8cvP9MmMZ%2FBG0D%2FUALTULY9axloquJl489WVz0rpvEv6EWvkkZ4rXXXZETKF%2BWtkTq7WP2xt7dVLXkjYFe7E9Hsd3uMKwzSkUl1TQPy7L0IcQO%2FjXM28tbBc2J%2ByuUietFuQmH0%2FNZgLEBJiz%2FkLLIDY2UyHMEiXQJhq2EZIH0HjNxWh0rTSTHL3kR%2BHXMDLOn9XgGZtk8%2F5ECHBikUyR658EMrjfcLPYmGjbEiQUMjap199X9Dwp20zqIQwjtKYIiSj9Pk8hbZxr%2BCDZlrkdBVtf3x5BUBU0cA%3D%3D%22%7D&loginPromo=1&prevSearchId=1840131738912706444&mToken=mHqtAOJNoS7yL0kTBPSyV%2BuzKL%2BR8uNBTe5KtJZbanWSO23e7Is8a2sx5dbMgGKk%2B%2FtCz6kvI%2B9UVwIEiKZPOQ%3D%3D&metasearchRateId=IDUsers,https://www.tiket.com/hotel/indonesia/kontena-hotel-301001580201111248?room=1&adult=2&checkin=2025-08-12&checkout=2025-08-13&utm_source=google-hotel&utm_medium=prf-ppc&utm_external=prf&searchSessionId=B82DFD1A-F163-4968-9892-BBB9104C744D&isFromSRP=true&referrer=https%3A%2F%2Fwww.tiket.com%2Fhotel%2Fsearch%3FhotelID%3D8e3506b7-3037-4e77-972f-766adea504df%26checkin%3D2025-07-15%26checkout%3D2025-07-16%26adult%3D2%26country%3DID%26device%3Ddesktop%26isAat%3Dtrue%26utm_source%3Dgoogle-hotel%26utm_term%3D8e3506b7-3037-4e77-972f-766adea504df%26utm_medium%3Dprf-ppc%26utm_campaign%3D%255BMSA%255D-21444681982%26utm_external%3Dprf%26isRedirect%3Dtrue%26gad_source%3D6%26gad_campaignid%3D21444681982%26id%3Dkontena-hotel-301001580201111248%26type%3DHOTEL%26q%3DJawa%2BTimur%26room%3D1&utm_page=searchResultPage,https://www.booking.com/hotel/id/kontena.id.html?aid=1893449&label=metagha-link-MRID-hotel-5965815_dev-desktop_los-1_bw-0_dow-Tuesday_defdate-0_room-0_gstadt-2_rateid-0_aud-0_gacid-21404703723_mcid-33_ppa-0_clrid-0_ad-1_gstkid-0_checkin-20250715_ppt-_lp-2360_r-1187109922350097456&sid=233728113668e99909dd2ab41b784bea&all_sr_blocks=596581501_0_2_0_0&checkin=2025-09-08&checkout=2025-09-09&dest_id=5965815&dest_type=hotel&dist=0&group_adults=2&group_children=0&hapos=1&highlighted_blocks=596581501_0_2_0_0&hpos=1&matching_block_id=596581501_0_2_0_0&no_rooms=1&req_adults=2&req_children=0&room1=A%2CA&sb_price_type=total&sr_order=popularity&sr_pri_blocks=596581501_0_2_0_0__40624085&srepoch=1754886367&srpvid=0ef91f2cfc9b0504&type=total&ucfs=1&,https://www.agoda.com/id-id/kontena-hotel/hotel/malang-id.html?countryId=192&finalPriceView=1&isShowMobileAppPrice=false&cid=1833981&numberOfBedrooms=&familyMode=false&adults=2&children=0&rooms=1&maxRooms=0&checkIn=2025-08-12&isCalendarCallout=false&childAges=&numberOfGuest=0&missingChildAges=false&travellerType=1&showReviewSubmissionEntry=false&currencyCode=IDR&isFreeOccSearch=false&los=1&searchrequestid=8837e71f-a714-48a6-b57a-90e3f7f467ab&ds=yxXdeWgEDFrPp94e,,,,3
23,Hotel,LEMBAH METRO RESORT,"Jl. Metro No.46, Sisir, Kec. Batu, Kota Batu, Jawa Timur 65314",-7.857924487,112.5218856,341599988,461.681 - 664.050,32,68,"Wi-Fi gratis, Dapat diakses, Sarapan, Kolam Renang luar, Layanan binatu, Parkir gratis, AC, Layanan Kamar, Cocok untuk anak-anak, Bar",,https://www.instagram.com/lembahmetroresort/,,1,1,0,0,0,0,0,https://www.traveloka.com/id-id/hotel/detail?spec=11-08-2025.12-08-2025.1.1.HOTEL.9000000407254.Lembah%20Metro%20Resort.2&contexts=%7B%22accessCode%22%3A%2290975GHAD1305desktop%22%2C%22metasearchRequestId%22%3A%228de1b49c-47fa-473d-a513-43d30723f8b7%22%2C%22inventoryRateKey%22%3A%22povEwB3ZzsU2C6pd%2B6MdU2B9D%2BXTtnp8xBPheXkh8zflq%2B6zUf4K1VuC537rdL%2FQfwxXnYiRzoxM4HX9sDmt9%2FAm1AYn3MeGz8Xcpq5hCtgkoYhCABuc4UBUJdDpIzcBkjYFe7E9Hsd3uMKwzSkUl5pNkVNrbZlWauR9OJSMSOiXRHzAZDWeuG0F1hB7SR6yxxzZeY3vLW%2Fc4OIM2rDFEo%2BbdPKyeEcnUCrwiPsukDU4xJaQCNZd7Dm9H%2BzKz3SoHlBcSNHFk%2B6M%2Bed81rVbweEHGIhg0KJ7gZAJpw17ItAcEtGPm1fxqcNnBgMR8yyW4ixMvBpEpkcdrsVYy4I0arlS81%2FL314%2BEun2%2FX6YDWiNLAI570pDjkIGC%2BnLzxKIcobv2sM7J0Fdi71F%2BMaPuJZ%2F4BcR1dMJZnHguitAKG7O7uhfTD1GtRcr7E7TNppvmEAQvSMnVoIA9pZMtQ8Ze0TmUfsKSaG4pRlRUA016Gma6RjhZ%2B%2F6QV25zuEEdvqmefho0o7KgbsmK2jlIeR2OjRtcdHHo%2FAWwEPDHg90N1R9O21BdVMumhKJ1LZWTYhAqtovf7l7Wh6O7acT8Ie56zkjUbMpMwoD8bDdfSrNvYejJhdEEziI4Xl3iRJYHk49sHMiu1RbZocTzMrkqgddQw1LMZmUH0Ww%2FQRKQibcmepK750ELusMQRWpOIGG%2BuQFxfH2bKUpSjEuA6nReUpwnnje1JkIlqE%2BPx2SFmTGGUrjKd94wXTG703B72mNH3r6lfxQK1kTlJUI3DHN0EvwNDCmFYRHIaL9k1o31jsNJ8ZdRIxAkB%2FTzC2x4qzSPHp2d5pQ5%2BHw1J1TK6E5FeoT6T8AVvZ9qLJTDwbqb88hTw9Ywlx0XWa8wDnyygtf7Crmp%2Fc6G6mL9eWogIEjTUT%2BvxdmjA0pqNs%2Fp6%2F2UetIeMx%2B0ACFTWJVhwkR%2By0sft0uKhbuK%2FcARcRAAI8Iaf2%2Bxul90O63pBgC9jjZ916gM4cFUhmgPaAkopcEIAb0OxLSLOsg%2BtVMwgdLBQwCFoUNCNIJdDiWRhk2VuC8%2FoPLBamRp7LPZ4ar56pTF0ZckciMHmBZUn8baHpO%2B6fXIReNfWVz0rpvEv6EWvkkZ4rXXXZETKF%2BWtkTq7WP2xt7dVLXkjYFe7E9Hsd3uMKwzSkUl1TQPy7L0IcQO%2FjXM28tbBc2J%2ByuUietFuQmH0%2FNZgLEBJiz%2FkLLIDY2UyHMEiXQJhq2EZIH0HjNxWh0rTSTHL3kR%2BHXMDLOn9XgGZtk8%2F5ECHBikUyR658EMrjfcLPYmGjbEiQUMjap199X9Dwp20w5iYd%2B2kOQ76p0DVa1E9WH2h9IiyBfd6jHiVmwG82oY8XEBK8wkzy%2Bv2MIYB5e6qKsSeEMxlTUpu%2B6YQZMjW9n%22%7D&loginPromo=1&prevSearchId=1840132019882842387&mToken=mHqtAOJNoS7yL0kTBPSyV%2BuzKL%2BR8uNBTe5KtJZbanVKafT76SPAUOY9TGFyCYO%2Bt%2FJlB3OGwYTUESzjPUYFww%3D%3D&metasearchRateId=IDUsers,https://www.tiket.com/hotel/indonesia/lembah-metro-resort-batu-403001616727636912?room=1&adult=2&checkin=2025-08-12&checkout=2025-08-13&utm_source=google-hotel&utm_medium=prf-ppc&utm_external=prf&searchSessionId=83D1BC64-C7D6-417C-8762-FD6F38502882&isFromSRP=true&null,,,,,,3
24,Hotel,POHON INN RESORT,"Jl. Raya Oro-Oro Ombo No.9, Temas, Kec. Batu, Kota Batu, Jawa Timur 65315",-7.888586602,112.5292951,"0341596111, 082139121913",671.274 - 658.911,71,71,"Wi-Fi gratis, Sarapan, Dapat diakses, Layanan binatu, Cocok untuk anak-anak, Parkir gratis, Layanan Kamar, Restoran",,https://www.instagram.com/pohoninnhotel/,https://pohon-inn.com/,1,0,0,1,0,0,0,https://www.traveloka.com/id-id/hotel/detail?spec=11-08-2025.12-08-2025.1.1.HOTEL.3000010003273.Pohon%20Inn%20Hotel.2&contexts=%7B%22accessCode%22%3A%2290975GHAD1305desktop%22%2C%22metasearchRequestId%22%3A%22779856c0-701a-4fd9-b87b-3b904bd365a9%22%2C%22inventoryRateKey%22%3A%22povEwB3ZzsU2C6pd%2B6MdU13LUNuufACdbU0usK5vg0ffpgOzIlJ0i93K9rImOKiIfwxXnYiRzoxM4HX9sDmt9%2FAm1AYn3MeGz8Xcpq5hCtgkoYhCABuc4UBUJdDpIzcBkjYFe7E9Hsd3uMKwzSkUl5pNkVNrbZlWauR9OJSMSOjrKNUemG6lN9zinrcFk9lNLqntusysR6KKNH1KchvEgY%2BbdPKyeEcnUCrwiPsukDU4xJaQCNZd7Dm9H%2BzKz3SoHlBcSNHFk%2B6M%2Bed81rVbweEHGIhg0KJ7gZAJpw17ItAcEtGPm1fxqcNnBgMR8yyW4ixMvBpEpkcdrsVYy4I0arlS81%2FL314%2BEun2%2FX6YDWiNLAI570pDjkIGC%2BnLzxKIcobv2sM7J0Fdi71F%2BMaPuJZ%2F4BcR1dMJZnHguitAKG7O7uhfTD1GtRcr7E7TNppvmEAQvSMnVoIA9pZMtQ8Ze0TmUfsKSaG4pRlRUA016Gma6RjhZ%2B%2F6QV25zuEEdvqmefho0o7KgbsmK2jlIeR2OjRtcdHHo%2FAWwEPDHg90N1R9O21BdVMumhKJ1LZWTYhAqtovf7l7Wh6O7acT8Ie56zkjUbMpMwoD8bDdfSrNvYejJhdEEziI4Xl3iRJYHk49Az27Z1pwj8m%2BElAgWVy8%2FM%2FdugpzASZOTfKfbX5ftylc8jmPKkspeCzXIDR%2FpjVGxfH2bKUpSjEuA6nReUpwnv1H0sWhzdbH7%2B0Rtsh724%2FjPt0yluV7LIE%2BO9WApLmPlfxQK1kTlJUI3DHN0EvwNDCmFYRHIaL9k1o31jsNJ8ZdRIxAkB%2FTzC2x4qzSPHp2d5pQ5%2BHw1J1TK6E5FeoT6T8AVvZ9qLJTDwbqb88hTw9Ywlx0XWa8wDnyygtf7Crmp%2Fc6G6mL9eWogIEjTUT%2BvxdmjA0pqNs%2Fp6%2F2UetIeMx%2B0ACFTWJVhwkR%2By0sft0uKhbuK%2FcARcRAAI8Iaf2%2BxutCjcV2FivWiZHh6c0KGBsTGEd2XMTw4ZKyctzId65vLOsg%2BtVMwgdLBQwCFoUNCN96nx9EE8VSSa5%2FaWstfXPKWGEutx2GRqBzeFj8eQ35r1oT%2BWlYqkLfY4GqQ%2F7RnGVz0rpvEv6EWvkkZ4rXXXZETKF%2BWtkTq7WP2xt7dVLXkjYFe7E9Hsd3uMKwzSkUl1TQPy7L0IcQO%2FjXM28tbBc2J%2ByuUietFuQmH0%2FNZgLEBJiz%2FkLLIDY2UyHMEiXQJhq2EZIH0HjNxWh0rTSTHL3kR%2BHXMDLOn9XgGZtk8%2F5ECHBikUyR658EMrjfcLPYmGjbEiQUMjap199X9Dwp20zqIQwjtKYIiSj9Pk8hbZxr%2BCDZlrkdBVtf3x5BUBU0cA%3D%3D%22%7D&loginPromo=1&prevSearchId=1840132099909114131&mToken=mHqtAOJNoS7yL0kTBPSyV%2BuzKL%2BR8uNBTe5KtJZbanWGoFvYjtvr0CbKq%2B8uNpTJlTrwhwMzxPIbYpa%2FNp9dbA%3D%3D&metasearchRateId=IDUsers,,,https://www.agoda.com/id-id/pohon-inn-hotel/hotel/malang-id.html?countryId=192&finalPriceView=1&isShowMobileAppPrice=false&cid=1833981&numberOfBedrooms=&familyMode=false&adults=2&children=0&rooms=1&maxRooms=0&checkIn=2025-08-12&isCalendarCallout=false&childAges=&numberOfGuest=0&missingChildAges=false&travellerType=1&showReviewSubmissionEntry=false&currencyCode=IDR&isFreeOccSearch=false&los=1&searchrequestid=7acf1df8-4020-45b6-b3df-da3058b4eb0b,,,,3
25,Hotel,GOLDEN HILL HOTEL ,"Jl. Raya Oro-Oro Ombo No.11, Temas, Kec. Batu, Kota Batu, Jawa Timur 65315",-7.884357679,112.5294083,3413370000,499.695 - 722.223,135,155,"Restoran, Layanan Kamar, Wi-Fi gratis, Resepsionis 24 jam, AC, Pusat kebugaran, Aksesibel bagi penyandang disabilitas",,https://www.instagram.com/goldenhillbatu/,https://golden-hill-by-golden-tulip.goldentulip.com/id/?sr=SEO_GOOGLE#The%20Hotel,1,1,1,1,0,0,0,https://www.traveloka.com/id-id/hotel/detail?spec=15-07-2025.16-07-2025.1.1.HOTEL.9000002584500.Golden%20Hill%20by%20Golden%20Tulip.2&contexts=%7B%22accessCode%22%3A%2290975GHAD1305desktop%22%2C%22metasearchRequestId%22%3A%22cc352ba6-ea12-4cc1-8635-2dc859bea01a%22%2C%22inventoryRateKey%22%3A%22povEwB3ZzsU2C6pd%2B6MdU13LUNuufACdbU0usK5vg0ca06Sw9aKO1Brzf6%2BI0cKifwxXnYiRzoxM4HX9sDmt9%2FAm1AYn3MeGz8Xcpq5hCtgkoYhCABuc4UBUJdDpIzcBkjYFe7E9Hsd3uMKwzSkUl5pNkVNrbZlWauR9OJSMSOiSNxJdFPKoUlCcNH0aP52YYS%2FZgUqF%2FfvfXr%2BRfCvOUo%2BbdPKyeEcnUCrwiPsukDU4xJaQCNZd7Dm9H%2BzKz3SoHlBcSNHFk%2B6M%2Bed81rVbweEHGIhg0KJ7gZAJpw17ItAcEtGPm1fxqcNnBgMR8yyWU6JqpJgCLciQ70mBoobOrLlS81%2FL314%2BEun2%2FX6YDWiyFsPD2x3QEcM8llUfiHL8cobv2sM7J0Fdi71F%2BMaPuJZ%2F4BcR1dMJZnHguitAKG4CIzNrB7PoFVymBe8YZ%2B08mEAQvSMnVoIA9pZMtQ8Ze2IPhCfCtOOsCfUdg4%2FLb1ma6RjhZ%2B%2F6QV25zuEEdvqmefho0o7KgbsmK2jlIeR2OjRtcdHHo%2FAWwEPDHg90N1R9O21BdVMumhKJ1LZWTYhAqtovf7l7Wh6O7acT8Ie56zkjUbMpMwoD8bDdfSrNvYejJhdEEziI4Xl3iRJYHk49sHMiu1RbZocTzMrkqgddQ88rolYKiLrYnbjJumzU8K6tWuT%2FtU9mx0jM6lI27xQLxfH2bKUpSjEuA6nReUpwng5lt77VApYSiZWlKrVeS920UWCaM6mdRUFcTeB3JIcZlfxQK1kTlJUI3DHN0EvwNELADmhuhvMZhbVXxqvvmjb36jgruoUXlXJglH4Qjx1rUVyY4QHyTIIsa4hJL78hBhnsuGjNIa8TFVFxXBKa3rThY8Q89DAb2xlIP5cy2xPvFnSk625XvNS6hBLsZ3JeRqFpSIX%2BydxacpJb7fXWYX80%2BKPD5GEAF%2FY79itah08gA7ZzcWkieGDU0HUjfYhwcOPZEvdqGhGnv5eDQTkhqZKZ2RRdFQrF1nwbB1iUTOZvbXirXR%2F67d1UI9r63GIeOl4Kufg72irOZUPQWjNnM6mL%2FzdtxTLsjVK3kvoNJLz0%2FnS2BaZupUnoIyHBclTRedFb%2F3c27QlVbCF4NcgKlrbfuv7kEENvbU%2FhIon90pw%2B5HHaxEsmHmxnlBUOq4CNOQO4Pwy%2FL%2Bsph9%2FXG9jou8irRYws%2FQVweWmEa9ZMjCr28Uss3tUFqZb1Uh5zPP4UoeYryJlIhiBxgf2f5Ym1Spc%3D%22%7D&loginPromo=1&prevSearchId=1837714356254566785&mToken=AqS98uaXpJh74kDKhxWQ6%2B%2F3%2BBsjK%2BRpPP27vPu2UHJTfchTnmXeKXvdJK9keoFLfKv7J2onsfpGlZlp%2FnrbNA%3D%3D&metasearchRateId=IDUsers,https://www.tiket.com/hotel/indonesia/golden-hill-by-golden-tulip-610001697445804310?room=1&adult=2&checkin=2025-07-15&checkout=2025-07-16&utm_source=google-hotel&searchSessionId=3745DEA9-34B1-4D4F-A51D-08930278AECF&referrer=https%3A%2F%2Fwww.tiket.com%2Fhotel%2Fsearch%3FhotelID%3Dffd1accf-dccf-4857-bb9b-0e0933987c11%26checkin%3D2025-07-15%26checkout%3D2025-07-16%26adult%3D2%26country%3DID%26device%3Ddesktop%26isAat%3Dtrue%26utm_source%3Dgoogle-hotel%26utm_term%3Dffd1accf-dccf-4857-bb9b-0e0933987c11%26utm_medium%3Dprf-ppc%26utm_campaign%3D%255BMSA%255D-21444681979%26utm_external%3Dprf%26isRedirect%3Dtrue%26gad_source%3D6%26gad_campaignid%3D21444681979%26gclid%3DCj0KCQjw-NfDBhDyARIsAD-ILeBsZa6shkrI5gq9TZBFubnXjhFKGg3x0pHSjM6rc5HTiJkD_6NB_esaAhiFEALw_wcB%26id%3Dgolden-hill-by-golden-tulip-610001697445804310%26type%3DHOTEL&utm_page=searchResultPage,https://www.booking.com/hotel/id/golden-hill-managed-by-golden-tulip.id.html?aid=1893449&label=metagha-link-MRID-hotel-10611928_dev-desktop_los-1_bw-0_dow-Tuesday_defdate-0_room-0_gstadt-2_rateid-dgNe_aud-0_gacid-21404703723_mcid-50_ppa-0_clrid-0_ad-1_gstkid-0_checkin-20250715_ppt-GB_lp-2360_r-6771376455373920955&sid=98b24db824d9e3e0016ac2e934b51634&checkin=2025-07-15&checkout=2025-07-16&dest_id=-2672159&dest_type=city&dist=0&do_availability_check=1&group_adults=2&group_children=0&hp_avform=1&hp_group_set=0&no_rooms=1&origin=hp&sb_price_type=total&src=hotel&type=total&#availability_target,https://www.agoda.com/id-id/golden-hill-managed-by-golden-tulip/hotel/malang-id.html?countryId=192&finalPriceView=1&isShowMobileAppPrice=false&cid=1917614&numberOfBedrooms=&familyMode=false&adults=2&children=0&rooms=1&maxRooms=0&checkIn=2025-08-12&isCalendarCallout=false&childAges=&numberOfGuest=0&missingChildAges=false&travellerType=1&showReviewSubmissionEntry=false&currencyCode=IDR&isFreeOccSearch=false&los=1&searchrequestid=90a3a576-c734-4a0f-8bbd-1455061c237b,,,,4
26,Hotel,EL ROYALE HOTEL KARTIKA WIJAYA ,"Jl. Panglima Sudirman No.127, Pesanggrahan, Kec. Batu, Kota Batu, Jawa Timur 65313",-7.867036365,112.511201,341592600,391.000- 693.463,99,164,"Wi-Fi gratis, Layanan Kamar, Jemputan bandara, Kolam Renang luar, AC, Bar, Parkir gratis",,https://www.instagram.com/elhotelkartikawijayabatu/,https://batu.el-hotels.com/rooms,1,1,1,1,0,0,0,https://www.traveloka.com/id-id/hotel/detail?spec=15-07-2025.16-07-2025.1.1.HOTEL.1000000474993.eL%20Hotel%20Kartika%20Wijaya%20Batu.2&contexts=%7B%22accessCode%22%3A%2290975GHAD1305desktop%22%2C%22metasearchRequestId%22%3A%22153d23b2-edc8-490d-9eec-4927b8cb8db3%22%2C%22inventoryRateKey%22%3A%22povEwB3ZzsU2C6pd%2B6MdUxPQfH0zjQrhnrQN8muKP1lNhT0X%2B9lnZfa6zIF%2FRvFqfwxXnYiRzoxM4HX9sDmt9%2FAm1AYn3MeGz8Xcpq5hCtgkoYhCABuc4UBUJdDpIzcBkjYFe7E9Hsd3uMKwzSkUl5pNkVNrbZlWauR9OJSMSOj4QS%2F7lP5X9%2BhoRMjd5e8acTjNCx0Z4AUhFlLuSLnptY%2BbdPKyeEcnUCrwiPsukDU4xJaQCNZd7Dm9H%2BzKz3SoHlBcSNHFk%2B6M%2Bed81rVbweEHGIhg0KJ7gZAJpw17ItAcEtGPm1fxqcNnBgMR8yyWU6JqpJgCLciQ70mBoobOrLlS81%2FL314%2BEun2%2FX6YDWiyFsPD2x3QEcM8llUfiHL8cobv2sM7J0Fdi71F%2BMaPuJZ%2F4BcR1dMJZnHguitAKG4CIzNrB7PoFVymBe8YZ%2B08mEAQvSMnVoIA9pZMtQ8Ze2IPhCfCtOOsCfUdg4%2FLb1ma6RjhZ%2B%2F6QV25zuEEdvqmefho0o7KgbsmK2jlIeR2OjRtcdHHo%2FAWwEPDHg90N1R9O21BdVMumhKJ1LZWTYhAqtovf7l7Wh6O7acT8Ie56zkjUbMpMwoD8bDdfSrNvYejJhdEEziI4Xl3iRJYHk49Fy5f%2FG7FVGjdL6sjHzQvRKLEj6l%2BV9VAyCq%2BOdWhM%2BW0jSOFdgdFD3%2BI2YFO8U1%2FxfH2bKUpSjEuA6nReUpwng5lt77VApYSiZWlKrVeS927E49qP%2F8fATyH2xNcPCvYlfxQK1kTlJUI3DHN0EvwNELADmhuhvMZhbVXxqvvmjb36jgruoUXlXJglH4Qjx1rUVyY4QHyTIIsa4hJL78hBhnsuGjNIa8TFVFxXBKa3rThY8Q89DAb2xlIP5cy2xPvFnSk625XvNS6hBLsZ3JeRqFpSIX%2BydxacpJb7fXWYX84XIpf7Q5s96EMGnv0t6B1cJ%2FJYIM2%2F9fBKqcy%2BrP7mqoQeyaE6CaiTb%2FguW%2BaicHfb2pKolB1LcZ%2FTjM3dYDYAvGqlpJ0DMHm86Z1d77%2Fyd%2BdoGn0SDBP%2BkDwEJ3rycQS9ndw6WWAqPyT0aQiHHd0IRSv7uPgFxQgvikV8AlnkUXFKpC7%2FbMNa9pcSR%2F41Ua9uj3nQ2wHzK3xcydn5K%2BaRCg6gbeG0xZpeyAoHMjANNEh%2FG4qwiA7azEsdUjhpr%2FN3vK4ePm17INbotrMMqbAH9DrM9wEjAj7UGk%2BLfXBEb8l39GYUH7q4l31W7btXN8%3D%22%7D&loginPromo=1&prevSearchId=1837715855257917467&mToken=AqS98uaXpJh74kDKhxWQ6%2B%2F3%2BBsjK%2BRpPP27vPu2UHLdFWMhIhu7YqZeqL9tphOflWLljAIqiSaUEqBLH%2Bzu5g%3D%3D&metasearchRateId=IDUsers,https://www.tiket.com/hotel/indonesia/el-hotel-kartika-wijaya-batu-807001751612806164?room=1&adult=2&checkin=2025-07-15&checkout=2025-07-16&utm_source=google-hotel&searchSessionId=1E083625-2284-4D25-AB5E-4AC7646DB798&referrer=https%3A%2F%2Fwww.tiket.com%2Fhotel%2Fsearch%3FhotelID%3D93fe9726-ae42-4beb-a43c-2c138d951f88%26checkin%3D2025-07-15%26checkout%3D2025-07-16%26adult%3D2%26country%3DID%26device%3Ddesktop%26isAat%3Dtrue%26utm_source%3Dgoogle-hotel%26utm_term%3D93fe9726-ae42-4beb-a43c-2c138d951f88%26utm_medium%3Dprf-ppc%26utm_campaign%3D%255BMSA%255D-21444681982%26utm_external%3Dprf%26isRedirect%3Dtrue%26gad_source%3D6%26gad_campaignid%3D21444681982%26gclid%3DCj0KCQjw-NfDBhDyARIsAD-ILeBlkIMUTfML07yRI6ZWZfqo3By-xOO0lWLi1Ev1rRubSLW8hQnqfOIaAoPVEALw_wcB%26id%3Del-hotel-kartika-wijaya-batu-807001751612806164%26type%3DHOTEL&utm_page=searchResultPage,https://www.booking.com/searchresults.id.html?aid=1893449&label=metagha-link-MRID-hotel-12785898_dev-desktop_los-1_bw-0_dow-Tuesday_defdate-0_room-0_gstadt-2_rateid-public_aud-0_gacid-21404703723_mcid-33_ppa-0_clrid-0_ad-1_gstkid-0_checkin-20250715_ppt-Tag_lp-2360_r-5870933140857901522&utm_medium=mapresults&hca=m&no_rooms=1&show_room=0_0_2_0_0&utm_content=dev-desktop_los-1_bw-0_dow-Tuesday_defdate-0_room-0_gstadt-2_rateid-public_aud-0_gacid-21404703723_mcid-33_ppa-0_clrid-0_ad-1_gstkid-0_checkin-20250715_ppt-Tag&utm_campaign=ID&edgtid=oG8oZxKrQzqjl4-E64BfdA&utm_term=hotel-12785898&gclid=Cj0KCQjw-NfDBhDyARIsAD-ILeBmkg3hI1B7dYTg2rVfo6hfX_w75ALtMQm5V2N3rO_uhwmIhw2jsycaApxKEALw_wcB&ext_price_total=532485.50&efpc=MreKUySFtQov&utm_source=metagha&ts=1752579994&highlighted_hotels=12785898&checkin=2025-07-15&redirected=1&city=-2686378&hlrd=with_dates&group_adults=2&source=hotel&group_children=0&checkout=2025-07-16&keep_landing=1&sid=98b24db824d9e3e0016ac2e934b51634,https://www.agoda.com/id-id/el-hotel-kartika-wijaya-batu/hotel/malang-id.html?countryId=192&finalPriceView=1&isShowMobileAppPrice=false&cid=1844160&numberOfBedrooms=&familyMode=false&adults=2&children=0&rooms=1&maxRooms=0&checkIn=2025-07-15&isCalendarCallout=false&childAges=&numberOfGuest=0&missingChildAges=false&travellerType=1&showReviewSubmissionEntry=false&currencyCode=IDR&isFreeOccSearch=false&los=1&searchrequestid=f3a9504e-dc6c-4cfb-b317-7c5cd984c1f2&ds=mWxHKrSO7d27OHPb,,,,4
27,Hotel,HOTEL ASIDA ,"Jl. Panglima Sudirman No.99, Pesanggrahan, Kec. Batu, Kota Batu, Jawa Timur 65313",-7.867467216,112.5144631,(0341) 591519,,55,55,"Wi-Fi gratis, Kolam Renang luar, Layanan Kamar, Sarapan, Parkir gratis, Boleh bawa hewan, Layanan binatu",,https://www.instagram.com/hotel_asida/,,1,0,0,0,0,0,0,https://www.traveloka.com/id-id/hotel/indonesia/hotel-asida-3000020016311,,,,,,,3
28,Hotel,METROPOLE HOTEL,"Jl. Panglima Sudirman No.93, Pesanggrahan, Kec. Batu, Kota Batu, Jawa Timur 65311",-7.867853958,112.5153184,(0341) 591758,555.429,71,71,"Wi-Fi, Kolam Renang, Sarapan, Restoran, Parkir gratis, Layanan Kamar, Layanan binatu",,,https://www.googleadservices.com/pagead/aclk?sa=L&ai=DChsSEwjh26f_8b6OAxUnqGYCHZr1KYUYACICCAEQARoCc20&ae=2&aspm=1&co=1&ase=2&gclid=Cj0KCQjw-NfDBhDyARIsAD-ILeC1o-aBLLOMEUqDKvUVbBQcJQl6ui37a43qVLUm_p-T8y-7xFokgLMaAs8-EALw_wcB&ei=90x2aMu5Es2NseMPvayZ0AQ&ohost=www.google.com&cid=CAESVuD2sLQ1haBgHopj-jDLXG1Oom54vmGOuT9KwsXtlP4zadI-N8y7BuM6QieI3w_5M2AOXAMtEGqUPbw3OOr_eU5NfV097wkDjAR3YRHRjRNr1OFXxETA&category=acrcp_v1_43&sig=AOD64_06NIeShdQSBZzDkJHRB5C2Wd3beA&q&sqi=2&nis=4&adurl&ved=2ahUKEwiLkaL_8b6OAxXNRmwGHT1WBkoQ0Qx6BAgQEAE,1,0,0,0,0,0,0,https://www.traveloka.com/id-id/hotel/indonesia/metropole-hotel-batu-3000010003243?clickref=1100lAAeUyqp&utm_id=6wVpZzyA&campaign_id=1100l6465&partner_id=1100l12126&gad_source=1,,,,,,,3
29,Hotel,GENDHIS BATU BOUTIQEU HOTEL,"Jl. Panglima Sudirman No. 5 - 7, Ngaglik, Kec. Batu, Kota Batu, Jawa Timur 65311",-7.870093515,", 112.52352491778029","03413370008, 085929935252 ", 410.000 - 720.000,60,60,"Wi-Fi gratis, Sarapan, Layanan binatu, Layanan Kamar, Jemputan bandara, Pusat bisnis, Parkir gratis, AC, Restoran, Bar",,https://www.instagram.com/gendhisbatuhotel/,https://gendhisbatuboutiquehotel.com/id-id/,1,1,0,1,0,0,0,https://www.traveloka.com/id-id/hotel/indonesia/gendhis-batu-boutique-hotel-9000002451220,https://www.tiket.com/hotel/indonesia/gendhis-batu-boutique-hotel-608001692884732303?room=1&adult=2&checkin=2025-07-15&checkout=2025-07-16&utm_source=google-hotel&searchSessionId=B51CDC3B-02B8-4A29-81A2-E54DB243F429&referrer=https%3A%2F%2Fwww.tiket.com%2Fhotel%2Fsearch%3FhotelID%3D86945b9f-0594-4717-b532-0d3f603e4a20%26checkin%3D2025-07-15%26checkout%3D2025-07-16%26adult%3D2%26country%3DID%26device%3Ddesktop%26isAat%3Dtrue%26utm_source%3Dgoogle-hotel%26utm_term%3D86945b9f-0594-4717-b532-0d3f603e4a20%26utm_medium%3Dprf-ppc%26utm_campaign%3D%255BMSA%255D-21444681979%26utm_external%3Dprf%26isRedirect%3Dtrue%26gad_source%3D6%26gad_campaignid%3D21444681979%26gclid%3DCj0KCQjw-NfDBhDyARIsAD-ILeCCfvVhr6CJ7tFXqOXZyHlJRPt9XcPsiSE9D4eZwoYRu9t8Wfzc5SIaAj5SEALw_wcB%26id%3Dgendhis-batu-boutique-hotel-608001692884732303%26type%3DHOTEL&utm_page=searchResultPage,,https://www.agoda.com/id-id/gendhis-batu-boutique-hotel/hotel/malang-id.html?countryId=192&finalPriceView=1&isShowMobileAppPrice=false&cid=1833981&numberOfBedrooms=&familyMode=false&adults=2&children=0&rooms=1&maxRooms=0&checkIn=2025-07-15&isCalendarCallout=false&childAges=&numberOfGuest=0&missingChildAges=false&travellerType=1&showReviewSubmissionEntry=false&currencyCode=IDR&isFreeOccSearch=false&los=1&searchrequestid=4bb1cb7c-1dfa-4a67-b4e0-9e95800b2df5&ds=JpY7os34OHmSLAhq,,,,3
30,Hotel,PURNAMA HOTEL ,"Jl. Raya Punten No.1-15, Punten, Kec. Bumiaji, Kota Batu, Jawa Timur 65338",-7.840616086,112.5279657,341592700,534.455 - 866.052,89,89,"Wi-Fi gratis, Sarapan gratis, Parkir gratis, Kolam Renang luar, Pusat bisnis, Layanan Kamar, Restoran, water heater, Bar, Dapur di beberapa kamar, Spa, Jemputan bandara",,https://www.instagram.com/purnamahotelbatu/,https://www.purnamahotel.com/id/,1,1,0,1,0,0,0,https://www.traveloka.com/id-id/hotel/detail?spec=15-07-2025.16-07-2025.1.1.HOTEL.3000010000474.Purnama%20Hotel.2&contexts=%7B%22accessCode%22%3A%2290975GHAD1305desktop%22%2C%22metasearchRequestId%22%3A%22b6a94cd7-aa1b-49b5-a9be-a3582fbb02fb%22%2C%22inventoryRateKey%22%3A%22povEwB3ZzsU2C6pd%2B6MdU13LUNuufACdbU0usK5vg0doEjJjE6yDEsQwSF7ENoMJfwxXnYiRzoxM4HX9sDmt9%2FAm1AYn3MeGz8Xcpq5hCtgkoYhCABuc4UBUJdDpIzcBkjYFe7E9Hsd3uMKwzSkUl5pNkVNrbZlWauR9OJSMSOhqSdeRrOIJdiNjtKln2V621lF6PTnBK%2BkiPSO2W1JEyY%2BbdPKyeEcnUCrwiPsukDU4xJaQCNZd7Dm9H%2BzKz3SoHlBcSNHFk%2B6M%2Bed81rVbweEHGIhg0KJ7gZAJpw17ItAcEtGPm1fxqcNnBgMR8yyWU6JqpJgCLciQ70mBoobOrLlS81%2FL314%2BEun2%2FX6YDWiyFsPD2x3QEcM8llUfiHL8cobv2sM7J0Fdi71F%2BMaPuJZ%2F4BcR1dMJZnHguitAKG4CIzNrB7PoFVymBe8YZ%2B08mEAQvSMnVoIA9pZMtQ8Ze2IPhCfCtOOsCfUdg4%2FLb1ma6RjhZ%2B%2F6QV25zuEEdvqmefho0o7KgbsmK2jlIeR2OjRtcdHHo%2FAWwEPDHg90N1R9O21BdVMumhKJ1LZWTYhAqtovf7l7Wh6O7acT8Ie56zkjUbMpMwoD8bDdfSrNvYejJhdEEziI4Xl3iRJYHk49Az27Z1pwj8m%2BElAgWVy8%2FOCOLtnWCFdWG1Tk6x9d1a7thd3oM7m6L4xBaQvA7zR7xfH2bKUpSjEuA6nReUpwnv1H0sWhzdbH7%2B0Rtsh724%2FjPt0yluV7LIE%2BO9WApLmPlfxQK1kTlJUI3DHN0EvwNELADmhuhvMZhbVXxqvvmjb36jgruoUXlXJglH4Qjx1rUVyY4QHyTIIsa4hJL78hBhnsuGjNIa8TFVFxXBKa3rThY8Q89DAb2xlIP5cy2xPvFnSk625XvNS6hBLsZ3JeRqFpSIX%2BydxacpJb7fXWYX9oCejHKorAlpku%2Br6BvHjGcJ%2FJYIM2%2F9fBKqcy%2BrP7mgqPAqW4jAKzuRwvCjLfYAoleZW%2FsZnidgCSPzlb93m2d8a04Hs0edl3XeOUGlScCY5dNrYe763KjJdkETzvL78S9ndw6WWAqPyT0aQiHHd0IRSv7uPgFxQgvikV8AlnkUXFKpC7%2FbMNa9pcSR%2F41Ua9uj3nQ2wHzK3xcydn5K%2BaRCg6gbeG0xZpeyAoHMjANNEh%2FG4qwiA7azEsdUjhpr%2FN3vK4ePm17INbotrMMqbAH9DrM9wEjAj7UGk%2BLfXBEb8l39GYUH7q4l31W7btXN8%3D%22%7D&loginPromo=1&prevSearchId=1837723385755368446&mToken=AqS98uaXpJh74kDKhxWQ6%2B%2F3%2BBsjK%2BRpPP27vPu2UHK%2FJHT2R8lkLDoWW8I9SN%2Fc9VdzusqhMyYCa4NPVn%2B1SA%3D%3D&metasearchRateId=IDUsers,https://www.tiket.com/hotel/indonesia/purnama-hotel-412001639986255152?room=1&adult=2&checkin=2025-07-15&checkout=2025-07-16&utm_source=google-hotel&searchSessionId=C0AD1620-9E1F-47DE-AC25-55E0A6917BB1&referrer=https%3A%2F%2Fwww.tiket.com%2Fhotel%2Fsearch%3FhotelID%3D983b967f-4e91-4f12-8fd9-d4d4f559fc4d%26checkin%3D2025-07-15%26checkout%3D2025-07-16%26adult%3D2%26country%3DID%26device%3Ddesktop%26isAat%3Dtrue%26utm_source%3Dgoogle-hotel%26utm_term%3D983b967f-4e91-4f12-8fd9-d4d4f559fc4d%26utm_medium%3Dprf-ppc%26utm_campaign%3D%255BMSA%255D-21444681982%26utm_external%3Dprf%26isRedirect%3Dtrue%26gad_source%3D6%26gad_campaignid%3D21444681982%26gclid%3DCj0KCQjw-NfDBhDyARIsAD-ILeCzeLhuMSpXqY1983tWsF1LP2uGzTwp-MIlqsZ3w1_nlydZuxSaMvQaAsQ6EALw_wcB%26id%3Dpurnama-hotel-412001639986255152%26type%3DHOTEL&utm_page=searchResultPage,,https://www.agoda.com/id-id/purnama-hotel/hotel/malang-id.html?countryId=192&finalPriceView=1&isShowMobileAppPrice=false&cid=1833981&numberOfBedrooms=&familyMode=false&adults=2&children=0&rooms=1&maxRooms=0&checkIn=2025-07-15&isCalendarCallout=false&childAges=&numberOfGuest=0&missingChildAges=false&travellerType=1&showReviewSubmissionEntry=false&currencyCode=IDR&isFreeOccSearch=false&los=1&searchrequestid=c15eae7f-7e6c-4106-abf5-6c2a0a30701c&ds=hacOkrRu3wP3aquI,,,,3
31,Hotel,HOTEL SPENCER GREEN ,"Jl. Raya Punten No.86, Punten, Kec. Bumiaji, Kota Batu, Jawa Timur 65338",-7.833309057,112.5289517,341597828,282.621 - 360.000,65,100,"Wi-Fi gratis, Sarapan, Parkir gratis, Kolam Renang luar, AC, Layanan binatu, Layanan Kamar, Restoran",,https://www.instagram.com/spencergreenhotel/,https://labirutour.com/hotel/spencer-green-batu,1,1,0,1,0,0,0,https://www.traveloka.com/id-id/hotel/detail?spec=15-07-2025.16-07-2025.1.1.HOTEL.3000010005079.Spencer%20Green%20Hotel.2&contexts=%7B%22accessCode%22%3A%2290975GHAD1305desktop%22%2C%22metasearchRequestId%22%3A%228a84f45b-44c2-40f1-b43b-f9bcb5d99b2d%22%2C%22inventoryRateKey%22%3A%22povEwB3ZzsU2C6pd%2B6MdU13LUNuufACdbU0usK5vg0fWmblRnSV2MgNwUKdr%2BJ2HfwxXnYiRzoxM4HX9sDmt9%2FAm1AYn3MeGz8Xcpq5hCtgkoYhCABuc4UBUJdDpIzcBkjYFe7E9Hsd3uMKwzSkUl5pNkVNrbZlWauR9OJSMSOjT2kAb5PFnnUsj4yv%2BE8%2BEllSBftgoNl4N0OvtWdpKCo%2BbdPKyeEcnUCrwiPsukDU4xJaQCNZd7Dm9H%2BzKz3SoHlBcSNHFk%2B6M%2Bed81rVbweEHGIhg0KJ7gZAJpw17ItAcEtGPm1fxqcNnBgMR8yyWU6JqpJgCLciQ70mBoobOrLlS81%2FL314%2BEun2%2FX6YDWiyFsPD2x3QEcM8llUfiHL8cobv2sM7J0Fdi71F%2BMaPuJZ%2F4BcR1dMJZnHguitAKG4CIzNrB7PoFVymBe8YZ%2B08mEAQvSMnVoIA9pZMtQ8Ze2IPhCfCtOOsCfUdg4%2FLb1ma6RjhZ%2B%2F6QV25zuEEdvqmefho0o7KgbsmK2jlIeR2OjRtcdHHo%2FAWwEPDHg90N1R9O21BdVMumhKJ1LZWTYhAqtovf7l7Wh6O7acT8Ie56zkjUbMpMwoD8bDdfSrNvYejJhdEEziI4Xl3iRJYHk49Az27Z1pwj8m%2BElAgWVy8%2FOdlMpk7qmKHfZZNOuVpg1gSY93dza2IZpDiPbKptl%2F1xfH2bKUpSjEuA6nReUpwnnje1JkIlqE%2BPx2SFmTGGUrjKd94wXTG703B72mNH3r6lfxQK1kTlJUI3DHN0EvwNELADmhuhvMZhbVXxqvvmjb36jgruoUXlXJglH4Qjx1rUVyY4QHyTIIsa4hJL78hBhnsuGjNIa8TFVFxXBKa3rThY8Q89DAb2xlIP5cy2xPvFnSk625XvNS6hBLsZ3JeRqFpSIX%2BydxacpJb7fXWYX%2F86rRH2uQhwoUSnUms9OAgcJ%2FJYIM2%2F9fBKqcy%2BrP7mukQsFAaTtW5rIEUY9gurb5bk5jZN3hU%2FZgG5EWVliGdd8a04Hs0edl3XeOUGlScCZm7rLTO%2B1RrgMM7NXGiSIcS9ndw6WWAqPyT0aQiHHd0IRSv7uPgFxQgvikV8AlnkUXFKpC7%2FbMNa9pcSR%2F41Ua9uj3nQ2wHzK3xcydn5K%2BaRCg6gbeG0xZpeyAoHMjANNEh%2FG4qwiA7azEsdUjhpr%2FN3vK4ePm17INbotrMMqbAH9DrM9wEjAj7UGk%2BLfXBEb8l39GYUH7q4l31W7btXN8%3D%22%7D&loginPromo=1&prevSearchId=1837722283415731198&mToken=AqS98uaXpJh74kDKhxWQ6%2B%2F3%2BBsjK%2BRpPP27vPu2UHI1RB%2FqTc5GbTc6kCDfXuiFCRABR%2FwBzR4%2BlZF6hI5QTw%3D%3D&metasearchRateId=IDUsers,https://www.tiket.com/hotel/indonesia/spencer-green-hotel-108001534490364579?room=1&adult=2&checkin=2025-07-15&checkout=2025-07-16&utm_source=google-hotel&searchSessionId=E8B879BC-2B2C-4AE1-936F-89ABD99E6A4A&referrer=https%3A%2F%2Fwww.tiket.com%2Fhotel%2Fsearch%3FhotelID%3D1ba6a2be-123d-4557-a32b-4e7548cbfac7%26checkin%3D2025-07-15%26checkout%3D2025-07-16%26adult%3D2%26country%3DID%26device%3Ddesktop%26isAat%3Dtrue%26utm_source%3Dgoogle-hotel%26utm_term%3D1ba6a2be-123d-4557-a32b-4e7548cbfac7%26utm_medium%3Dprf-ppc%26utm_campaign%3D%255BMSA%255D-21472895671%26utm_external%3Dprf%26isRedirect%3Dtrue%26gad_source%3D6%26gad_campaignid%3D21472895671%26gclid%3DCj0KCQjw-NfDBhDyARIsAD-ILeDJeLl2P84X0cOuMQ5ypMF-Ga9WugQtx1Ikj31gumUfhEseoSlSv50aAtnsEALw_wcB%26id%3Dspencer-green-hotel-108001534490364579%26type%3DHOTEL&utm_page=searchResultPage,,https://www.agoda.com/id-id/spencer-green-hotel-h15415536/hotel/malang-id.html?countryId=192&finalPriceView=1&isShowMobileAppPrice=false&cid=1833981&numberOfBedrooms=&familyMode=false&adults=2&children=0&rooms=1&maxRooms=0&checkIn=2025-07-15&isCalendarCallout=false&childAges=&numberOfGuest=0&missingChildAges=false&travellerType=1&showReviewSubmissionEntry=false&currencyCode=IDR&isFreeOccSearch=false&los=1&searchrequestid=b41bd4f1-24c3-4e45-980e-e5162bbbea80&ds=H20f%2B%2FsfVrRelZ3H,,,,3
32,Hotel,HOTEL SELECTA ,"Jl. Raya Selecta No.1, Tulungrejo, Kec. Bumiaji, Kota Batu, Jawa Timur 65336",-7.822363042,112.5270187,341591025,426.899 - 550.000,79,108,"Wi-Fi gratis, Sarapan gratis, Parkir gratis, Layanan Kamar, Kolam Renang luar, Layanan binatu, Restoran, Dapur di beberapa kamar",,https://www.instagram.com/hotelselecta/,,1,0,0,1,0,0,0,https://www.traveloka.com/id-id/hotel/detail?spec=15-07-2025.16-07-2025.1.1.HOTEL.3000010002446.Hotel%20Selecta%20Batu.2&contexts=%7B%22accessCode%22%3A%2290975GHAD1305desktop%22%2C%22metasearchRequestId%22%3A%2295507aa7-73aa-401e-b55f-6c8b9bc01a6f%22%2C%22inventoryRateKey%22%3A%22povEwB3ZzsU2C6pd%2B6MdU2B9D%2BXTtnp8xBPheXkh8zc0FjncTN76EofsL75rX98mfwxXnYiRzoxM4HX9sDmt9%2FAm1AYn3MeGz8Xcpq5hCtgkoYhCABuc4UBUJdDpIzcBkjYFe7E9Hsd3uMKwzSkUl5pNkVNrbZlWauR9OJSMSOjrKNUemG6lN9zinrcFk9lNkuGEBWfYuDc9hbGgTvoZto%2BbdPKyeEcnUCrwiPsukDU4xJaQCNZd7Dm9H%2BzKz3SoHlBcSNHFk%2B6M%2Bed81rVbweEHGIhg0KJ7gZAJpw17ItAcEtGPm1fxqcNnBgMR8yyWU6JqpJgCLciQ70mBoobOrLlS81%2FL314%2BEun2%2FX6YDWiyFsPD2x3QEcM8llUfiHL8cobv2sM7J0Fdi71F%2BMaPuJZ%2F4BcR1dMJZnHguitAKG4CIzNrB7PoFVymBe8YZ%2B08mEAQvSMnVoIA9pZMtQ8Ze2IPhCfCtOOsCfUdg4%2FLb1ma6RjhZ%2B%2F6QV25zuEEdvqmefho0o7KgbsmK2jlIeR2OjRtcdHHo%2FAWwEPDHg90N1R9O21BdVMumhKJ1LZWTYhAqtovf7l7Wh6O7acT8Ie56zkjUbMpMwoD8bDdfSrNvYejJhdEEziI4Xl3iRJYHk49Az27Z1pwj8m%2BElAgWVy8%2FHyoRE1stmJenWbAWKAsfTXaBdI%2F9AUHnydcu1ndvlMrxfH2bKUpSjEuA6nReUpwng5lt77VApYSiZWlKrVeS905XqEveqBnj9BVVJ81eXtLlfxQK1kTlJUI3DHN0EvwNELADmhuhvMZhbVXxqvvmjb36jgruoUXlXJglH4Qjx1rUVyY4QHyTIIsa4hJL78hBhnsuGjNIa8TFVFxXBKa3rThY8Q89DAb2xlIP5cy2xPvFnSk625XvNS6hBLsZ3JeRqFpSIX%2BydxacpJb7fXWYX8NQAKG4LKy3EJ5Vx26ofwKcJ%2FJYIM2%2F9fBKqcy%2BrP7mgizLAYVLWMcoBnfSk%2FEPXktI2%2FwUra5mtFYUXKmZ%2FSqd8a04Hs0edl3XeOUGlScCbRfk0CTmQrQNjAhoDMs33US9ndw6WWAqPyT0aQiHHd0IRSv7uPgFxQgvikV8AlnkUXFKpC7%2FbMNa9pcSR%2F41Ua9uj3nQ2wHzK3xcydn5K%2BaRCg6gbeG0xZpeyAoHMjANNEh%2FG4qwiA7azEsdUjhpr%2FN3vK4ePm17INbotrMMqbAH9DrM9wEjAj7UGk%2BLfXBEb8l39GYUH7q4l31W7btXN8%3D%22%7D&loginPromo=1&prevSearchId=1837721744497988513&mToken=AqS98uaXpJh74kDKhxWQ6%2B%2F3%2BBsjK%2BRpPP27vPu2UHKbHx%2B9SN4FTchBTaPM2WqzmfXrBTqAG%2FwGchtQvIoRAA%3D%3D&metasearchRateId=IDUsers,,,https://www.agoda.com/id-id/hotel-selecta_4/hotel/malang-id.html?countryId=192&finalPriceView=1&isShowMobileAppPrice=false&cid=1833981&numberOfBedrooms=&familyMode=false&adults=2&children=0&rooms=1&maxRooms=0&checkIn=2025-07-15&isCalendarCallout=false&childAges=&numberOfGuest=0&missingChildAges=false&travellerType=1&showReviewSubmissionEntry=false&currencyCode=IDR&isFreeOccSearch=false&tspTypes=5%2C-1&los=1&searchrequestid=b825f8c1-2c71-4ab8-845b-6c2cdb4e8db5&ds=hRQEnzZfgwsUUt7K,,,,3
33,Hotel, HORISON TRUNOJOYO BATU ,"Jl. Trunojoyo No.09, Songgokerto, Kec. Batu, Kota Batu, Jawa Timur 65312",-7.865984086,112.5084354,"03413383678, 082132092705",357.764 - 374.256,168,310,"Wi-Fi gratis, Dapat akses, Layanan binatu, Layanan Kamar, Sarapan gratis, Parkir gratis, Kolam Renang, AC, Restoran",,https://www.instagram.com/horisontrunojoyo/,,1,1,0,1,0,0,0,https://www.traveloka.com/id-id/hotel/detail?spec=15-07-2025.16-07-2025.1.1.HOTEL.9000000972466.Horison%20Trunojoyo%20Batu%20Malang.2&contexts=%7B%22accessCode%22%3A%2290975GHAD1305desktop%22%2C%22metasearchRequestId%22%3A%220f13b4b0-5b7a-4059-a1fe-e829227e2633%22%2C%22inventoryRateKey%22%3A%22povEwB3ZzsU2C6pd%2B6MdU2B9D%2BXTtnp8xBPheXkh8zeothnA59n13szpgOj%2BxixnfwxXnYiRzoxM4HX9sDmt9%2FAm1AYn3MeGz8Xcpq5hCtgkoYhCABuc4UBUJdDpIzcBkjYFe7E9Hsd3uMKwzSkUl5pNkVNrbZlWauR9OJSMSOjT2kAb5PFnnUsj4yv%2BE8%2BEe9ISgUVtqzHH1HZiEt4aWo%2BbdPKyeEcnUCrwiPsukDU4xJaQCNZd7Dm9H%2BzKz3SoHlBcSNHFk%2B6M%2Bed81rVbweEHGIhg0KJ7gZAJpw17ItAcEtGPm1fxqcNnBgMR8yyWU6JqpJgCLciQ70mBoobOrLlS81%2FL314%2BEun2%2FX6YDWiyFsPD2x3QEcM8llUfiHL8cobv2sM7J0Fdi71F%2BMaPuJZ%2F4BcR1dMJZnHguitAKG4CIzNrB7PoFVymBe8YZ%2B08mEAQvSMnVoIA9pZMtQ8Ze2IPhCfCtOOsCfUdg4%2FLb1ma6RjhZ%2B%2F6QV25zuEEdvqmefho0o7KgbsmK2jlIeR2OjRtcdHHo%2FAWwEPDHg90N1R9O21BdVMumhKJ1LZWTYhAqtovf7l7Wh6O7acT8Ie56zkjUbMpMwoD8bDdfSrNvYejJhdEEziI4Xl3iRJYHk49sHMiu1RbZocTzMrkqgddQ%2FxPFDPKOpG3D0obCC%2BqFfOeDDEeNFQ6Yrq04dKifAdQxfH2bKUpSjEuA6nReUpwng5lt77VApYSiZWlKrVeS927E49qP%2F8fATyH2xNcPCvYlfxQK1kTlJUI3DHN0EvwNELADmhuhvMZhbVXxqvvmjb36jgruoUXlXJglH4Qjx1rUVyY4QHyTIIsa4hJL78hBhnsuGjNIa8TFVFxXBKa3rThY8Q89DAb2xlIP5cy2xPvFnSk625XvNS6hBLsZ3JeRqFpSIX%2BydxacpJb7fXWYX%2B0j1n2HLdXJxL9LhzLW7jccJ%2FJYIM2%2F9fBKqcy%2BrP7mj0107vZE5nzT1L0jVfT35lXd4UC5GXjudaV3nJWkiYlNED9o3GeU6QH0DjL2opYlIdXWsMjTNerwXMUJdvQj3gS9ndw6WWAqPyT0aQiHHd0IRSv7uPgFxQgvikV8AlnkUXFKpC7%2FbMNa9pcSR%2F41Ua9uj3nQ2wHzK3xcydn5K%2BaRCg6gbeG0xZpeyAoHMjANNEh%2FG4qwiA7azEsdUjhpr%2FN3vK4ePm17INbotrMMqbAH9DrM9wEjAj7UGk%2BLfXBEb8l39GYUH7q4l31W7btXN8%3D%22%7D&loginPromo=1&prevSearchId=1837721339525360082&mToken=AqS98uaXpJh74kDKhxWQ6%2B%2F3%2BBsjK%2BRpPP27vPu2UHKdC2aAf9uaY96SDNoZZoNSdJHdqLgYbaUn%2FpIiYrx6yg%3D%3D&metasearchRateId=IDUsers,https://www.tiket.com/hotel/indonesia/horison-trunojoyo-batu-malang-408001630339269386?room=1&adult=2&checkin=2025-07-15&checkout=2025-07-16&utm_source=google-hotel&searchSessionId=8138843B-91C6-4D94-A6C7-6C7FEA252BC8&referrer=https%3A%2F%2Fwww.tiket.com%2Fhotel%2Fsearch%3FhotelID%3D52bdea2e-11c7-4cda-8284-b0d21ae503b6%26checkin%3D2025-07-15%26checkout%3D2025-07-16%26adult%3D2%26country%3DID%26device%3Ddesktop%26isAat%3Dtrue%26utm_source%3Dgoogle-hotel%26utm_term%3D52bdea2e-11c7-4cda-8284-b0d21ae503b6%26utm_medium%3Dprf-ppc%26utm_campaign%3D%255BMSA%255D-21444681982%26utm_external%3Dprf%26isRedirect%3Dtrue%26gad_source%3D6%26gad_campaignid%3D21444681982%26gclid%3DCj0KCQjw-NfDBhDyARIsAD-ILeDzBHA1zivyGZcPrBfTHH_CRYJ6VV3PThnDp5npeGSoIYuEjY6JaUUaAtDDEALw_wcB%26id%3Dhorison-trunojoyo-batu-malang-408001630339269386%26type%3DHOTEL&utm_page=searchResultPage,,https://www.agoda.com/id-id/alpines-by-artotel_3/hotel/malang-id.html?countryId=192&finalPriceView=1&isShowMobileAppPrice=false&cid=1917614&numberOfBedrooms=&familyMode=false&adults=2&children=0&rooms=1&maxRooms=0&checkIn=2025-07-15&isCalendarCallout=false&childAges=&numberOfGuest=0&missingChildAges=false&travellerType=1&showReviewSubmissionEntry=false&currencyCode=IDR&isFreeOccSearch=false&tspTypes=4&los=1&searchrequestid=6478e087-c275-47f5-b000-d33da0afb4ac&ds=nnPk7wo%2BkHEsArRp,,,,3
34,Hotel, JAMBULUWUK,"Jl. Trunojoyo No.99, Songgokerto, Kec. Batu, Kota Batu, Jawa Timur 65312",-7.867308401,112.4987717,"81945127878, (0341) 512999",553.716 - 746.650,40,98,"Wi-Fi gratis, Kolam Renang luar, Restoran, Spa, Sarapan, Layanan binatu, Layanan Kamar, Dapur di semua kamar, Pusat kebugaran, Parkir gratis, Pusat bisnis, Jemputan bandara, Bar",,https://www.instagram.com/jambuluwukbaturesort/,https://www.jambuluwuk.com/batu/id/,1,1,1,1,0,0,0,https://www.traveloka.com/id-id/hotel/detail?spec=15-07-2025.16-07-2025.1.1.HOTEL.251652.Jambuluwuk%20Convention%20Hall%20%26%20Resort%20Batu.2&contexts=%7B%22accessCode%22%3A%2290975GHAD1305desktop%22%2C%22metasearchRequestId%22%3A%2231de5e91-262a-48a0-a732-3bd5157dce04%22%2C%22inventoryRateKey%22%3A%22povEwB3ZzsU2C6pd%2B6MdU2B9D%2BXTtnp8xBPheXkh8zfbDPsodWyGz8nnuPHIXHU4fwxXnYiRzoxM4HX9sDmt9%2FAm1AYn3MeGz8Xcpq5hCtgkoYhCABuc4UBUJdDpIzcBkjYFe7E9Hsd3uMKwzSkUl5pNkVNrbZlWauR9OJSMSOiSNxJdFPKoUlCcNH0aP52YRnsugj27yeZNqC0u6XT1NI%2BbdPKyeEcnUCrwiPsukDU4xJaQCNZd7Dm9H%2BzKz3SoHlBcSNHFk%2B6M%2Bed81rVbweEHGIhg0KJ7gZAJpw17ItAcEtGPm1fxqcNnBgMR8yyWU6JqpJgCLciQ70mBoobOrLlS81%2FL314%2BEun2%2FX6YDWiyFsPD2x3QEcM8llUfiHL8cobv2sM7J0Fdi71F%2BMaPuJZ%2F4BcR1dMJZnHguitAKG4CIzNrB7PoFVymBe8YZ%2B08mEAQvSMnVoIA9pZMtQ8Ze2IPhCfCtOOsCfUdg4%2FLb1ma6RjhZ%2B%2F6QV25zuEEdvqmefho0o7KgbsmK2jlIeR2OjRtcdHHo%2FAWwEPDHg90N1R9O21BdVMumhKJ1LZWTYhAqtovf7l7Wh6O7acT8Ie56zkjUbMpMwoD8bDdfSrNvYejJhdEEziI4Xl3iRJYHk49IrWtjZ3bh09t65zdXs3b%2FXwurzX705uc8t60LxuPCl24Lf1%2FWCewW49tpdNeMYE01GhUbgf05CE4NInHURk70C4L0IeZKlwTkEetV7PxTeS%2Fq2oAn6ROnVp2hf8hjzzHLQ%2BHIFMveIFsFcSHEFb%2B6DXHfuLKt%2BBHHCUS8LxNrFdTBHGNt8L2mGp8Rp0rA5kZaZaMeZ3CfF6%2F%2BpmgVUZuYkQeLjpwgGsNHeHKBHQBM4W%2BnjIuNGluvgDXPq9w9TYfww2NJnC5r3BqESkLML5pEPILNJbI%2Bh5wf%2FVvxY5ZmRfnSYsY8%2BjWwkz3kZadoS9kWdxmWyO1bY0%2BstdV3txbEW6c6x58r%2F8L9TACyCyPfSK9eX1xxk%2FRsMIObsHw6Ova62%2ByzjLqRGZiFRIsw7AwaqNuVH9VlOu2sMh1beP3BGN9I7NHqlKFm9jNh%2FBc8%2FPVQlbZVxVzsLTI9do2MPYv4cpFGEiEfUY4r1Flb2CqUPTD736uNrwzoxUC9wVGjYEV8UIGUxRyGAXBxWninMpGVyq%2FNSgwe3zEToldh265lfWXY6XV9POnKruing0Y4TI0HHL%2BBsdirLemfK62Ceh0%2BQ%3D%3D%22%7D&loginPromo=1&prevSearchId=1837720530580438014&mToken=AqS98uaXpJh74kDKhxWQ6%2B%2F3%2BBsjK%2BRpPP27vPu2UHIMqaUK%2BnijQ1WIv%2FP%2BV7fHqf7FHPzwOgf0R8df5pKMcw%3D%3D&metasearchRateId=IDUsers,https://www.tiket.com/hotel/indonesia/jambuluwuk-convention-hall-resort-batu-807001751612816257?room=1&adult=2&checkin=2025-07-15&checkout=2025-07-16&utm_source=google-hotel&searchSessionId=362FA084-67C4-49A7-8C00-6E82AB2523DA&referrer=https%3A%2F%2Fwww.tiket.com%2Fhotel%2Fsearch%3FhotelID%3Dc57cd35a-d5cc-4d18-96fa-3bb1e9b74e1c%26checkin%3D2025-07-15%26checkout%3D2025-07-16%26adult%3D2%26country%3DID%26device%3Ddesktop%26isAat%3Dtrue%26utm_source%3Dgoogle-hotel%26utm_term%3Dc57cd35a-d5cc-4d18-96fa-3bb1e9b74e1c%26utm_medium%3Dprf-ppc%26utm_campaign%3D%255BMSA%255D-21472895671%26utm_external%3Dprf%26isRedirect%3Dtrue%26gad_source%3D6%26gad_campaignid%3D21472895671%26gclid%3DCj0KCQjw-NfDBhDyARIsAD-ILeCMGkA5JEXoBTCCgh3knOm2sydD1f-R9ME2kXe_bqg0v2O6h01MPNoaAsmtEALw_wcB%26id%3Djambuluwuk-convention-hall-resort-batu-807001751612816257%26type%3DHOTEL&utm_page=searchResultPage,https://www.booking.com/hotel/id/jambuluwuk-resort-batu.id.html?aid=1893449&label=metagha-link-MRID-hotel-335356_dev-desktop_los-1_bw-0_dow-Tuesday_defdate-0_room-0_gstadt-2_rateid-public_aud-0_gacid-21404703723_mcid-33_ppa-0_clrid-0_ad-1_gstkid-0_checkin-20250715_ppt-Tag_lp-2360_r-10035016163400924718&sid=98b24db824d9e3e0016ac2e934b51634&all_sr_blocks=33535618_295682638_0_2_0_282934&checkin=2025-07-15&checkout=2025-07-16&dest_id=335356&dest_type=hotel&dist=0&group_adults=2&group_children=0&hapos=1&highlighted_blocks=33535618_295682638_0_2_0_282934&hpos=1&matching_block_id=33535618_295682638_0_2_0_282934&no_rooms=1&req_adults=2&req_children=0&room1=A%2CA&sb_price_type=total&sr_order=popularity&sr_pri_blocks=33535618_295682638_0_2_0_282934_66866600&srepoch=1752587138&srpvid=00bd60bc7f7e0521&type=total&ucfs=1&,https://www.agoda.com/id-id/jambuluwuk-batu-resort/hotel/malang-id.html?countryId=192&finalPriceView=1&isShowMobileAppPrice=false&cid=1833981&numberOfBedrooms=&familyMode=false&adults=2&children=0&rooms=1&maxRooms=0&checkIn=2025-07-15&isCalendarCallout=false&childAges=&numberOfGuest=0&missingChildAges=false&travellerType=1&showReviewSubmissionEntry=false&currencyCode=IDR&isFreeOccSearch=false&los=1&searchrequestid=20f55eac-de30-4aca-935e-abb7682dc81e&ds=lMif8qqwHMMVQAqZ,,,,5
35,Hotel,GRAND PALEM HOTEL ,"Jl. Trunojoyo No.14, Songgokerto, Kec. Batu, Kota Batu, Jawa Timur 65313",-7.865450044,112.5077827," (0341) 591977, 0822-4532-8303",247.860 - 319.949,45,80,"Resepsionis 24 jam, Fasilitas nikah, Sarapan prasmanan, Wi-Fi gratis, Fasilitas Kamar, TV kabel, Meja, Pancuran",,https://www.instagram.com/grandpalembatu/,,1,0,0,0,0,0,0,https://www.traveloka.com/id-id/hotel/indonesia/grand-palem-hotel-batu-3000010019649?clickref=1100lAAeWRWk&utm_id=6wVpZzyA&campaign_id=1100l6465&partner_id=1101l345763&gad_source=1,,,,,,,2
36,Hotel,HOTEL TRANSFORMER CENTER,"Jl. Raya Pandanrejo No.2, Pandanrejo, Kec. Bumiaji, Kota Batu, Jawa Timur 65332",-7.864415793,112.5335211,"0811275028, 0811363828",348.114 - 418.000,54,140,"Wi-Fi gratis, Parkir gratis, Kolam Renang luar, Layanan Kamar, Restoran, Layanan binatu",,https://www.instagram.com/hoteltransformercenter/,,1,1,0,0,0,0,0,https://www.traveloka.com/id-id/hotel/detail?spec=15-07-2025.16-07-2025.1.1.HOTEL.3000010036062.Transformer%20Center%20Hotel.2&contexts=%7B%22accessCode%22%3A%2290975GHAD1305desktop%22%2C%22metasearchRequestId%22%3A%22d9a7272c-7cb4-4900-a769-81a7dc3d6296%22%2C%22inventoryRateKey%22%3A%22povEwB3ZzsU2C6pd%2B6MdU0EQyXUDrrTvnasVAw0smVmsSZA%2FnbaWGkcKJc1yW0l7fwxXnYiRzoxM4HX9sDmt9%2FAm1AYn3MeGz8Xcpq5hCtgkoYhCABuc4UBUJdDpIzcBkjYFe7E9Hsd3uMKwzSkUl5pNkVNrbZlWauR9OJSMSOjrKNUemG6lN9zinrcFk9lN%2FXoP7j9EX7CMFkfPr54upY%2BbdPKyeEcnUCrwiPsukDU4xJaQCNZd7Dm9H%2BzKz3SoHlBcSNHFk%2B6M%2Bed81rVbweEHGIhg0KJ7gZAJpw17ItAcEtGPm1fxqcNnBgMR8yyWU6JqpJgCLciQ70mBoobOrLlS81%2FL314%2BEun2%2FX6YDWiyFsPD2x3QEcM8llUfiHL8cobv2sM7J0Fdi71F%2BMaPuJZ%2F4BcR1dMJZnHguitAKG4CIzNrB7PoFVymBe8YZ%2B08mEAQvSMnVoIA9pZMtQ8Ze2IPhCfCtOOsCfUdg4%2FLb1ma6RjhZ%2B%2F6QV25zuEEdvqmefho0o7KgbsmK2jlIeR2OjRtcdHHo%2FAWwEPDHg90N1R9O21BdVMumhKJ1LZWTYhAqtovf7l7Wh6O7acT8Ie56zkjUbMpMwoD8bDdfSrNvYejJhdEEziI4Xl3iRJYHk49Az27Z1pwj8m%2BElAgWVy8%2FDn359RwY8WgsTDckF5Qhi5wDzFwJ%2F8C5GHGnL2Pv6Q1xfH2bKUpSjEuA6nReUpwnq1EfhdmXwovPZf1fNJ7mSCFtjKlVt4vyUQdoiYzWW3qlfxQK1kTlJUI3DHN0EvwNELADmhuhvMZhbVXxqvvmjb36jgruoUXlXJglH4Qjx1rUVyY4QHyTIIsa4hJL78hBhnsuGjNIa8TFVFxXBKa3rThY8Q89DAb2xlIP5cy2xPvFnSk625XvNS6hBLsZ3JeRqFpSIX%2BydxacpJb7fXWYX%2BeSa0xGUTuPNHMX08jAz4%2BcJ%2FJYIM2%2F9fBKqcy%2BrP7mnopANSR%2FeEJsoz%2FnFUpP6nEdBkG0XXK14%2FWpAYNwF7uUWOAwVrr5z1JN0HvkWFNUWbaWgwq3O9xiIzlba9DicwS9ndw6WWAqPyT0aQiHHd0IRSv7uPgFxQgvikV8AlnkUXFKpC7%2FbMNa9pcSR%2F41Ua9uj3nQ2wHzK3xcydn5K%2BaRCg6gbeG0xZpeyAoHMjANNEh%2FG4qwiA7azEsdUjhpr%2FN3vK4ePm17INbotrMMqbAH9DrM9wEjAj7UGk%2BLfXBEb8l39GYUH7q4l31W7btXN8%3D%22%7D&loginPromo=1&prevSearchId=1837724316935936027&mToken=AqS98uaXpJh74kDKhxWQ6%2B%2F3%2BBsjK%2BRpPP27vPu2UHIXfDskbpeLRmIIVsmuikfG5zcTEo4qhuWCL2Sp2bmoBg%3D%3D&metasearchRateId=IDUsers,https://www.tiket.com/hotel/indonesia/transformer-center-hotel-108001534490352844?room=1&adult=2&checkin=2025-07-15&checkout=2025-07-16&utm_source=google-hotel&searchSessionId=5E5B7218-A9F6-4F33-AC9C-DBC44EAF7949&referrer=https%3A%2F%2Fwww.tiket.com%2Fhotel%2Fsearch%3FhotelID%3D49ee1332-eca7-42bf-9482-a85b6f5eb49a%26checkin%3D2025-07-15%26checkout%3D2025-07-16%26adult%3D2%26country%3DID%26device%3Ddesktop%26isAat%3Dtrue%26utm_source%3Dgoogle-hotel%26utm_term%3D49ee1332-eca7-42bf-9482-a85b6f5eb49a%26utm_medium%3Dprf-ppc%26utm_campaign%3D%255BMSA%255D-21444681982%26utm_external%3Dprf%26isRedirect%3Dtrue%26gad_source%3D6%26gad_campaignid%3D21444681982%26gclid%3DCj0KCQjw-NfDBhDyARIsAD-ILeBtvhqo-07w6Ago6OKAfBSEwHHIiIR5G9zS2XA6qBq1qGBOx1sl4i0aAjPOEALw_wcB%26id%3Dtransformer-center-hotel-108001534490352844%26type%3DHOTEL&utm_page=searchResultPage,,,,,,3
37,Hotel,NIRWANA HOTEL,"Jl. Trunojoyo No.82, Songgokerto, Kec. Batu, Kota Batu, Jawa Timur 65312",-7.864431085,112.5033509,"(0341) 592990, 081358063156",,33,57,"Fasilitas Publik, Area Parkir, Layanan Kamar 24 jam, Restoran, Layanan Kamar, Wi-Fi di area umum, Fasilitas Rapat, Kolam Renang luar",,,,1,0,0,0,0,0,0,https://www.traveloka.com/id-id/hotel/indonesia/nirwana-hotel--convention-batu-3000010002435,,,,,,,3
38,Hotel,KAMPUNG LUMBUNG HOTEL,"Jl. Ir. Soekarno Puskesmas No.1, Beji, Kec. Junrejo, Kota Batu, Jawa Timur 63236",-7.888606133,112.5433355,"085104444142, (0341) 5025177",421.278 - 1.023.103,32,58,"Fasilitas nikah, Jasa tur, Kolam Renang anak, Fasilitas Rapat, Wi-Fi gratis, Area bebas asap rokok, Restoran",,https://www.instagram.com/kampunglumbung/,https://www.kampunglumbung.co/,1,1,0,1,0,0,0,https://www.traveloka.com/id-id/hotel/indonesia/hotel-kampung-lumbung-3000010002415,https://www.tiket.com/hotel/indonesia/hotel-kampung-lumbung-307001595231638892,,https://www.agoda.com/id-id/kampung-lumbung-boutique-hotel/hotel/malang-id.html?cid=1844104&ds=g9ky1FZhehUXhSwb,,,,3
39,Hotel,MUSTIKA SARI,"Jl. Budiono Desa No.2, Punten, Kec. Bumiaji, Kota Batu, Jawa Timur 65338",-7.837611557,112.5279144,341591049,103.882 - 415.530,31,49,"Resepsionis 24 jam, Jasa hotel, Parkir bus/truk, Wi-Fi gratis, Fasilitas kamar, Meja, Pancuran, TV, Fasilitas Rapat, Proyektor",,http://instagram.com/hotelmustikasari/,https://hotelmustikasari.com/,1,1,0,0,0,0,0,https://www.traveloka.com/id-id/hotel/detail?spec=18-09-2025.19-09-2025.1.1.HOTEL.3000020003768.Mustika%20Sari%20Hotel.2&contexts=%7B%22accessCode%22%3A%2290975GHAD1305desktop%22%2C%22metasearchRequestId%22%3A%2257ef160d-1d26-4913-ad67-3fa55506675a%22%2C%22inventoryRateKey%22%3A%22povEwB3ZzsU2C6pd%2B6MdU13LUNuufACdbU0usK5vg0e2TN5%2B9eHCK%2B7NnJE6TzD2fwxXnYiRzoxM4HX9sDmt9%2FAm1AYn3MeGz8Xcpq5hCtgkoYhCABuc4UBUJdDpIzcBkjYFe7E9Hsd3uMKwzSkUl5pNkVNrbZlWauR9OJSMSOgTUF8uPIIQL0rCSb9XNHrU9%2BbLvozwJxNPiZxx006RRI%2BbdPKyeEcnUCrwiPsukDU4xJaQCNZd7Dm9H%2BzKz3SoHlBcSNHFk%2B6M%2Bed81rVbweEHGIhg0KJ7gZAJpw17ItAcEtGPm1fxqcNnBgMR8yyWpiJTgwuBs8jF6ohputfjnLlS81%2FL314%2BEun2%2FX6YDWiQQRGxJ01TH7f1SHrVVT3QDwdwsYGQWlaxhBsYTfbOupZ%2F4BcR1dMJZnHguitAKG5TO77EPx6MJOfP%2BO45OULXmEAQvSMnVoIA9pZMtQ8Ze85oZq7dh6Y2cZlkwKC4KrY6lJCofqZhJ0CASfFAoDcsefho0o7KgbsmK2jlIeR2OjRtcdHHo%2FAWwEPDHg90N1R9O21BdVMumhKJ1LZWTYhAqtovf7l7Wh6O7acT8Ie56zkjUbMpMwoD8bDdfSrNvYejJhdEEziI4Xl3iRJYHk49zVKWfYDUVqNo%2FAall9xaE82kFKwBRCBxp6kUJvAfRq%2Br4WregWbu2kunzlkY49htxfH2bKUpSjEuA6nReUpwnv1H0sWhzdbH7%2B0Rtsh724%2FjPt0yluV7LIE%2BO9WApLmPlfxQK1kTlJUI3DHN0EvwNELADmhuhvMZhbVXxqvvmjb36jgruoUXlXJglH4Qjx1rUVyY4QHyTIIsa4hJL78hBhnsuGjNIa8TFVFxXBKa3rThY8Q89DAb2xlIP5cy2xPvFnSk625XvNS6hBLsZ3JeRqFpSIX%2BydxacpJb7fXWYX8JG8S0p%2BQDwy%2Be95fVxfZ4coRlNcl72SUxXMNv%2BfFuFBmauES5uyqy3G6FToeyIDdEQS0mJFYgF7iB79kZVgQwccmxEq9dB%2FolkNhKD0cbUTQ9Rz7RjvDsmkLHlWUkjYscKsxteMnDZT3v0y%2FK%2BQNIU0XTN2CxoAz25TnDNwgojqPbBLioUIsYuMe9J%2FCd60A4qUW25ywZ11l9Jb8AV%2FeqgM7KCGd96T6GXSiSEQ9oyvNLu0OJYgJ4G7n20%2B83ftW5qGq0UUCteVSqDA5sjBWh7hCZ4Sn9VcZ%2F1LQHepDgNBo1FwDwUCjUdUBi23R8e7A%3D%22%7D&loginPromo=1&prevSearchId=1837771895040136097&mToken=AqS98uaXpJh74kDKhxWQ6%2B%2F3%2BBsjK%2BRpPP27vPu2UHLNTD2Ji2QGjeD2JmJqFb3%2FMdoC6Rs74thVgrl57N6pIg%3D%3D&metasearchRateId=IDUsers,https://www.tiket.com/hotel/indonesia/mustika-sari-hotel-batu-501001642164863991,,,,,,2
40,Hotel,HOTEL GRANDCITY ,"Jl. Bukit Berbunga No.104-108, Sidomulyo, Kec. Batu, Kota Batu, Jawa Timur 65317",-7.849285492,112.5281458,"(0341) 524947, 081387790378",525.000 - 950.000,57,100,"Kolam Renang, Restoran, Lift, Wi-Fi, Resepsionis 24 jam, Parkir",,https://www.instagram.com/grandcitybatuhotel/,,1,1,0,1,0,0,0,https://www.traveloka.com/id-id/hotel/indonesia/grand-city-hotel-batu-3000010001427,https://www.tiket.com/hotel/indonesia/grand-city-batu-hotel-412001639986005364,,https://www.agoda.com/id-id/grand-city-hotel-batu/hotel/malang-id.html?cid=1844104&ds=AwO387gou%2Ff6grUV,,,,3
41,Hotel,HANOMAN HOTEL,"Jl. Bukit Berbunga No.14, Sidomulyo, Kec. Batu, Kota Batu, Jawa Timur 65317",-7.86079373,112.5270026,"(0341) 592717, 0816293333",920.327 - 1.169.999,27,27,"AC, Restoran, Parkir, Wi-Fi",,https://www.instagram.com/hanoman_kotabatu/,http://hanoman.co/,1,0,0,0,0,0,0,https://www.traveloka.com/id-id/hotel/detail?spec=18-09-2025.19-09-2025.1.1.HOTEL.9000000416793.Hanoman%20Hotel%20Kota%20Batu.2&contexts=%7B%22accessCode%22%3A%2290975GHAD1305desktop%22%2C%22metasearchRequestId%22%3A%220e364688-6e18-423e-bda0-35d36c7b6c26%22%2C%22inventoryRateKey%22%3A%22povEwB3ZzsU2C6pd%2B6MdU13LUNuufACdbU0usK5vg0etwjx6%2Br%2F2CQ5i20L8oEnPfwxXnYiRzoxM4HX9sDmt9%2FAm1AYn3MeGz8Xcpq5hCtgkoYhCABuc4UBUJdDpIzcBkjYFe7E9Hsd3uMKwzSkUl5pNkVNrbZlWauR9OJSMSOgTUF8uPIIQL0rCSb9XNHrUTcxAewWefGTicqnUnMnnF1ojraceyKrNRmvJY3C4ARNvmzpKB3IJycdCcd%2FTPv9xWiOtpx7Iqs1Ga8ljcLgBExRMjY4RH8ng%2Faj%2BIjo4bwp%2FnUKXTSeVIumnRcdMEOmBP43QQgj%2Fr4NQN0mpSxyOqUATIl8%2FdgQRiobOr6QO6V%2FKo1BXW%2FJkJ5LHeX6ARI0SYyy5UY%2F5bwRNgLni89MVYtXug%2Bqalqkc7m%2F4k63hKPuQzNXtIAYtkCsTTMIahwUpuVLzX8vfXj4S6fb9fpgNaPpXC9X9H%2Frdi9jTOJtQRXGCTnv9NmZKzdli2KxnUPpQswqryoYlpdFCVMK5lzh5%2BI3f%2FZ%2FHGzzWdGRIeGaW6CoDNTlVzghMERbWZuqiIMvM7W8LTsciy%2BJjPAfK4M21UMi5IXXgs9oSC%2B0UQlp85XfoIAeNMrHJRlXAmThSKvhcRV7j2HbyOAbF2%2B7%2FJLlSptLMvrqV5wJ5meiZeNxz7DMpKXi6XHxsZA1V4pZwtDnl9wIGxZXJWqytdLlU%2FXyTeQYLLqARi%2Bo%2BN0kBX0Bu9Mmb5RP3TT%2Fn566%2FVS41mC4NFNPey1P2y0SHQcywexj%2FYBqoKaN%2FRXEwNWlxuPDGjQUqbNxpkkKDcfGBBfT%2BSpQfujBK8HL%2BZhz6IjEsBaXSHWkervjyMh%2BIaj9g0F7KwkN27V862wvMObkb6MyjADcNZ4d%2BXTHeHbxezq%2BT5G0TpDjM4fcNDUGm2KTQnR%2B%2B4j%2FeKEo%2B4QPoPd2vU0ISXzuwKxxj%2BGWPehVDmilWeRkmo%2BmmmNK2HZAKoTw1T7EnURhV7vXryhwSN4JBkjuPPuaeM%2FUWw7RkwuR7lFh9CBVJs9gMyza3ti5VVuWQ8LtQO4cLDSrZUy7TZxVJFiHRiuom3tf7QYzQ4sLAOfXfEUMPlfJIR9CLuPEVXCCWW5LD8ss%2FSJhgOAOwpL9%2F%2FaTPAuvNADZBqHN2YzLB1%2BG6WkOQxXshVeY7XGpFm98E5cPDYq%2FDdCkUyeFRauEoYnEBlwgI8D0XpIJKemm5d1dV0TFRfxAa5ex3ZR6sv8DlFGXKFiM%3D%22%7D&loginPromo=1&prevSearchId=1837773334383710522&mToken=AqS98uaXpJh74kDKhxWQ6%2B%2F3%2BBsjK%2BRpPP27vPu2UHLFgGHluYKDX5t%2FNANnDvQTCH6Su35XmZAPkHJXeIxsBQ%3D%3D&metasearchRateId=IDUsers,,,,,,,4
42,Hotel,MAWAR SHARON HOTEL ,"Jl. Diponegoro No.151, Sisir, Kec. Batu, Kota Batu, Jawa Timur 65314",-7.876892668,112.5321794,"895417300072, (0341) 598444",315.666 - 658.721,16,19,"Fasilitas publik, Area parkir, Layanan kamar, Wi-Fi di area umum, AC, Resepsionis",,,,1,1,0,0,0,0,0,https://www.traveloka.com/id-id/hotel/indonesia/urbanview-hotel-mawar-sharon-near-alun-alun-batu-3000020007763?clickref=1100lAzQRr6I&utm_id=6wVpZzyA&campaign_id=1100l6465&partner_id=1101l345763&gad_source=1,https://www.tiket.com/hotel/indonesia/urbanview-hotel-mawar-sharon-near-alun-alun-batu-804001743663979533,,,,,,non-bintang
43,Hotel,SEULAWAH GRAND VIEW HOTEL,"Jl. Flamboyan No.11, Songgokerto, Kec. Batu, Kota Batu, Jawa Timur 65312",-7.867292837,112.5041312,341598444,,40,40,"Kolam Renang, Wi-Fi, Resepsionis 24 jam, Fasilitas Rapat, AC, Restoran, Parkir gratis, Ruang tamu",,https://www.instagram.com/seulawah.grandview/,,1,1,0,0,0,0,0,https://www.traveloka.com/id-id/hotel/indonesia/seulawah-grand-view-batu-3000010003274,https://www.tiket.com/hotel/indonesia/seulawah-grand-view-108001534490311258,,,,,,non-bintang
44,Hotel,HOTEL SURYA INDAH,"Jl. Raya Oro-Oro Ombo No.202, Oro-Oro Ombo, Kec. Batu, Kota Batu, Jawa Timur 65316",-7.898889973,112.5354952,"085106042288, (0341) 512288",268.920 - 655.200,130,390,"Restoran, Wi-Fi gratis, Kolam Renang anak, Kolam Renang luar, Jasa tur, Fasilitas kamar",,,,1,1,1,0,0,0,0,https://www.traveloka.com/id-id/hotel/detail?spec=18-09-2025.19-09-2025.1.1.HOTEL.3000010003649.Surya%20Indah%20Hotel%20and%20Restaurant.2&contexts=%7B%22accessCode%22%3A%2290975GHAD1305desktop%22%2C%22metasearchRequestId%22%3A%22975dbd98-b0eb-43e6-a7da-573f070d3cdf%22%2C%22inventoryRateKey%22%3A%22povEwB3ZzsU2C6pd%2B6MdU13LUNuufACdbU0usK5vg0eBkhqqCEYpkASlidpK%2FQqSfwxXnYiRzoxM4HX9sDmt9%2FAm1AYn3MeGz8Xcpq5hCtgkoYhCABuc4UBUJdDpIzcBkjYFe7E9Hsd3uMKwzSkUl5pNkVNrbZlWauR9OJSMSOg3Ecwbn2%2F2IuOUXTOX6qJUxnZryA0IG7KxymTIo%2FRUm4%2BbdPKyeEcnUCrwiPsukDU4xJaQCNZd7Dm9H%2BzKz3SoHlBcSNHFk%2B6M%2Bed81rVbweEHGIhg0KJ7gZAJpw17ItAcEtGPm1fxqcNnBgMR8yyWpiJTgwuBs8jF6ohputfjnLlS81%2FL314%2BEun2%2FX6YDWiQQRGxJ01TH7f1SHrVVT3QDwdwsYGQWlaxhBsYTfbOupZ%2F4BcR1dMJZnHguitAKG5TO77EPx6MJOfP%2BO45OULXmEAQvSMnVoIA9pZMtQ8Ze85oZq7dh6Y2cZlkwKC4KrY6lJCofqZhJ0CASfFAoDcsefho0o7KgbsmK2jlIeR2OjRtcdHHo%2FAWwEPDHg90N1R9O21BdVMumhKJ1LZWTYhAqtovf7l7Wh6O7acT8Ie56zkjUbMpMwoD8bDdfSrNvYejJhdEEziI4Xl3iRJYHk49Az27Z1pwj8m%2BElAgWVy8%2FBlGy9pYpOEd2EaW55u9GC6BiHDXTSV1QW9r1EjqR2z5xfH2bKUpSjEuA6nReUpwnv1H0sWhzdbH7%2B0Rtsh724%2FjPt0yluV7LIE%2BO9WApLmPlfxQK1kTlJUI3DHN0EvwNELADmhuhvMZhbVXxqvvmjb36jgruoUXlXJglH4Qjx1rUVyY4QHyTIIsa4hJL78hBhnsuGjNIa8TFVFxXBKa3rThY8Q89DAb2xlIP5cy2xPvFnSk625XvNS6hBLsZ3JeRqFpSIX%2BydxacpJb7fXWYX9RuOc7dlIGVgSzd2IPMydEcJ%2FJYIM2%2F9fBKqcy%2BrP7mjcJMfwxqccqRWlyebQpNa2ZJq5ZI7BIsPjj9o6%2BGpuTd8a04Hs0edl3XeOUGlScCZpX9bKju5OFR0ej23%2FFMQAS9ndw6WWAqPyT0aQiHHd0IRSv7uPgFxQgvikV8AlnkUXFKpC7%2FbMNa9pcSR%2F41Ua9uj3nQ2wHzK3xcydn5K%2BaRCg6gbeG0xZpeyAoHMjANNEh%2FG4qwiA7azEsdUjhpr%2FN3vK4ePm17INbotrMMqbAH9DrM9wEjAj7UGk%2BLfXBEb8l39GYUH7q4l31W7btXN8%3D%22%7D&loginPromo=1&prevSearchId=1837776155011208097&mToken=AqS98uaXpJh74kDKhxWQ6%2B%2F3%2BBsjK%2BRpPP27vPu2UHIUuUrchDekZovqwlslrxaxeghfMASs428QLGBjMZE0WQ%3D%3D&metasearchRateId=IDUsers,https://www.tiket.com/hotel/indonesia/hotel-surya-indah-batu-412001639991890049?hotelID=fd32db97-239b-4cd1-b377-f00f3bf7a17e&checkin=2025-09-18&checkout=2025-09-19&adult=2&country=ID&device=desktop&isAat=true&utm_source=google-hotel&utm_term=fd32db97-239b-4cd1-b377-f00f3bf7a17e&utm_medium=aff-meta&utm_campaign=Google-Hotel-0023-B2B-none-hotel&utm_external=aff,https://www.booking.com/hotel/id/surya-indah-batu-malang-batu.id.html?aid=1893449&label=metagha-link-MRID-hotel-3400030_dev-desktop_los-1_bw-64_dow-Thursday_defdate-0_room-0_gstadt-2_rateid-dg_aud-0_gacid-21404703723_mcid-50_bc-ADPhXg_ppa-0_clrid-0_ad-1_gstkid-0_checkin-20250918_ppt-GB_lp-2360_r-31926739848686993&sid=98b24db824d9e3e0016ac2e934b51634&all_sr_blocks=340003001_116631273_0_0_0&checkin=2025-09-18&checkout=2025-09-19&dest_id=3400030&dest_type=hotel&dist=0&group_adults=2&group_children=0&hapos=1&highlighted_blocks=340003001_116631273_0_0_0&hpos=1&matching_block_id=340003001_116631273_0_0_0&no_rooms=1&req_adults=2&req_children=0&room1=A%2CA&sb_price_type=total&sr_order=popularity&sr_pri_blocks=340003001_116631273_0_0_0__65520000&srepoch=1752640076&srpvid=e9821f60763800a8&type=total&ucfs=1&,,,,,3
45,Hotel,HOTEL PALEREMAN SOERABAYA,"Jl. Dewi Sartika Atas No.55, Temas, Kec. Batu, Kota Batu, Jawa Timur 65314",-7.882760324,112.5270595,"087700619191, (0341) 592016 ",130.000 - 270.000,20,53,"AC, Fasilitas kamar, TV kabel, Pancuran, TV, Fasilitas publik, Area parkir, Wi-Fi di area umum, Parkir bagi penyandang disabilitas, Resepsionis",,https://www.instagram.com/paleremansoerabaia/,,1,1,0,1,0,0,0,https://www.traveloka.com/id-id/hotel/indonesia/oyo-90247-hotel-palereman-soerabaia-3000010002390,https://www.tiket.com/hotel/indonesia/plum-hotel-palereman-batu-712001733888407121?hotelID=fd0eb7f6-00ca-4391-aa1d-a725acfd6d2e&checkin=2025-08-12&checkout=2025-08-13&adult=2&country=ID&device=desktop&isAat=true&utm_source=google-hotel&utm_term=fd0eb7f6-00ca-4391-aa1d-a725acfd6d2e&utm_medium=aff-meta&utm_campaign=Google-Hotel-0023-B2B-none-hotel&utm_external=aff,,https://www.agoda.com/id-id/oyo-90247-hotel-palereman-soerabaia/hotel/malang-id.html?countryId=192&finalPriceView=1&isShowMobileAppPrice=false&cid=1844104&numberOfBedrooms=&familyMode=false&adults=2&children=0&rooms=1&maxRooms=0&checkIn=2025-07-17&isCalendarCallout=false&childAges=&numberOfGuest=0&missingChildAges=false&travellerType=1&showReviewSubmissionEntry=false&currencyCode=IDR&isFreeOccSearch=false&los=2&searchrequestid=e13b917d-6ad8-4d0e-a43a-cce92948522b&ds=uRK%2FQNU39U6RJWDW,,,,non-bintang
46,Hotel,ZAVIER GUEST HOUSE ,"Jl. Imam Bonjol No.19a, Sisir, Kec. Batu, Kota Batu, Jawa Timur 65314",-7.880595865,112.5306173,"03415109213, (0341) 5101111 ",671.299 - 1.311.321,28,43,"Wi-Fi, AC, Ruang tamu, Parkir, Resepsionis 24 jam, Restoran",,https://www.instagram.com/zavierhotel/?hl=af,,0,1,0,1,0,0,0,,https://www.tiket.com/hotel/indonesia/zavier-hotel-batu-408001627870522703?adult=1&room=1&checkin=2025-08-11&checkout=2025-08-13&night=2,,https://www.agoda.com/id-id/purnama-hotel/hotel/malang-id.html?countryId=0&finalPriceView=1&isShowMobileAppPrice=false&cid=1922865&numberOfBedrooms=&familyMode=false&adults=1&children=0&rooms=1&maxRooms=0&checkIn=2025-07-25&isCalendarCallout=false&childAges=&numberOfGuest=0&missingChildAges=false&travellerType=-1&showReviewSubmissionEntry=false&currencyCode=IDR&isFreeOccSearch=false&tag=d35fc0e2-9e34-4ae1-8d09-98c1a0e7229d&tspTypes=16&los=1&searchrequestid=71c72531-61c6-4086-afef-9a1729913ded&ds=ulUoQ852LzO7qDkg,,,,non-bintang
47,Hotel,DE’ LOBBY SUITE HOTEL ,"Jl. Imam Bonjol No.5, Sisir, Kec. Batu, Kota Batu, Jawa Timur 65314",-7.879509465,112.5339895,(0341) 5100000,368.668 - 409.292,60,60,"Fasilitas kamar, TV kabel, Meja, Pengering rambut, Brankas kamar, Pancuran, AC, Sarapan, Kolam Renang anak, Wi-Fi gratis, Resepsionis 24 jam, Kolam Renang indoor",,https://www.instagram.com/delobbyhotel/,,1,1,0,0,0,0,0,https://www.traveloka.com/id-id/hotel/detail?spec=18-09-2025.19-09-2025.1.1.HOTEL.3000020005167.De%20Lobby%20Suite%20Hotel.2&contexts=%7B%22accessCode%22%3A%2290975GHAD1305desktop%22%2C%22metasearchRequestId%22%3A%2239ca1eca-42c4-4111-92c1-665efdcf54a2%22%2C%22inventoryRateKey%22%3A%22povEwB3ZzsU2C6pd%2B6MdU13LUNuufACdbU0usK5vg0cml1WRyVaElGtftcIFM9q%2FfwxXnYiRzoxM4HX9sDmt9%2FAm1AYn3MeGz8Xcpq5hCtgkoYhCABuc4UBUJdDpIzcBkjYFe7E9Hsd3uMKwzSkUl5pNkVNrbZlWauR9OJSMSOjT2kAb5PFnnUsj4yv%2BE8%2BEzV68xXnt2tM8FokeEYVtNo%2BbdPKyeEcnUCrwiPsukDU4xJaQCNZd7Dm9H%2BzKz3SoHlBcSNHFk%2B6M%2Bed81rVbweEHGIhg0KJ7gZAJpw17ItAcEtGPm1fxqcNnBgMR8yyWpiJTgwuBs8jF6ohputfjnLlS81%2FL314%2BEun2%2FX6YDWiQQRGxJ01TH7f1SHrVVT3QDwdwsYGQWlaxhBsYTfbOupZ%2F4BcR1dMJZnHguitAKG5TO77EPx6MJOfP%2BO45OULXmEAQvSMnVoIA9pZMtQ8Ze85oZq7dh6Y2cZlkwKC4KrY6lJCofqZhJ0CASfFAoDcsefho0o7KgbsmK2jlIeR2OjRtcdHHo%2FAWwEPDHg90N1R9O21BdVMumhKJ1LZWTYhAqtovf7l7Wh6O7acT8Ie56zkjUbMpMwoD8bDdfSrNvYejJhdEEziI4Xl3iRJYHk49zVKWfYDUVqNo%2FAall9xaE6X%2BGWrrPjXeSks86OX9%2BgxUlBKRqupGu4ZtsBj%2BfjMbxfH2bKUpSjEuA6nReUpwnnje1JkIlqE%2BPx2SFmTGGUqikieUyZHmHG9ZNh7b5eSMlfxQK1kTlJUI3DHN0EvwNELADmhuhvMZhbVXxqvvmjb36jgruoUXlXJglH4Qjx1rUVyY4QHyTIIsa4hJL78hBhnsuGjNIa8TFVFxXBKa3rThY8Q89DAb2xlIP5cy2xPvFnSk625XvNS6hBLsZ3JeRqFpSIX%2BydxacpJb7fXWYX9Dccz5RbZBmil2r4Ezo1QVcJ%2FJYIM2%2F9fBKqcy%2BrP7muLMGjg7lNNBBjRCF6OgCDjEtfj0VHOQTyFLZqnEGWn8d8a04Hs0edl3XeOUGlScCX8xiW6%2F1%2FDJfj0qfzyZhIMS9ndw6WWAqPyT0aQiHHd0IRSv7uPgFxQgvikV8AlnkUXFKpC7%2FbMNa9pcSR%2F41Ua9uj3nQ2wHzK3xcydn5K%2BaRCg6gbeG0xZpeyAoHMjANNEh%2FG4qwiA7azEsdUjhpr%2FN3vK4ePm17INbotrMMqbAH9DrM9wEjAj7UGk%2BLfXBER%2Fb3M8GuT0bZlIvw1QAGtCp1HIF845X3MCfJA76YvJTcANxUe4wGH%2BFgvBZxRF7NRcdCSAN%2Bublj6Vqe2LuUoCG9hWdfHzb%2Fb2srnqfJvNi%22%7D&loginPromo=1&prevSearchId=1838313948116441425&mToken=CRQ76jZ5mAIMSGYJZNdpdiFg2oF3vXSAjyO%2BhPOqiciIfomPV4cil5g8OGX%2BQUmx5L3mT%2F8zu31U8S7QpTVg7g%3D%3D&metasearchRateId=IDUsers,https://www.tiket.com/hotel/indonesia/de-lobby-suite-hotel-108001534490386399?hotelID=06210b7f-baaa-41eb-8f4d-97ddbf0a9145&checkin=2025-09-18&checkout=2025-09-19&adult=2&country=ID&device=desktop&isAat=true&utm_source=google-hotel&utm_term=06210b7f-baaa-41eb-8f4d-97ddbf0a9145&utm_medium=aff-meta&utm_campaign=Google-Hotel-0023-B2B-none-hotel&utm_external=aff,,,,,,3
48,Hotel,ZALMA HOTEL,"Jl. Imam Bonjol No.8 a, Sisir, Kec. Batu, Kabupaten Malang, Jawa Timur 65314",-7.879666851,112.533329,341594333,,40,94,"Kolam Renang, AC, Wi-Fi, Resepsionis 24 jam, Parkir, Restoran",,https://www.instagram.com/hotelzalma/,,0,1,0,0,0,0,0,,https://www.tiket.com/hotel/indonesia/zalma-hotel-batu-408001627870522698,,,,,,non-bintang
49,Hotel,Redjeki Guesthouse Cafe Batu ,"Jl. Ir. Soekarno No. 225 Mojorejo, Kec. Junrejo, Kota Batu, Jawa Timur 65322",-7.904082761,112.5658006,"(0341) 5100999, 0878-9510-0999",135.000 - 274.000,41,41,"Parkir gratis, Wi-Fi di area publik (gratis), Sarapan, Resepsionis 24 jam, Penyimpanan bagasi, Penatu layanan lengkap, Toko souvenir, Tata graha, Business center, Ruang rapat, AC, Dapur dan lemari es di beberapa kamar, Kamar mandi pribadi, Pancuran","- Dekat dengan Gunung ukir, Taman rekresasi sengkaling, Batu Night Spectacular, Batu Secret Zoo",https://www.instagram.com/redjekiguesthouse/,https://rahardjo.net/redjeki_guesthouse/,1,0,0,1,0,0,1,https://www.traveloka.com/id-id/hotel/indonesia/reddoorz-near-jawa-timur-park-3-9000001136109?spec=04-03-2025.05-03-2025.1.1.HOTEL.9000001136109.RedDoorz%20near%20Jawa%20Timur%20Park%203.2&contexts=%7B%22sourceHotelDetail%22%3A%22SHARE_BUTTON%22%7D&force-app=false&utm_id=XRyK2oVb,,,https://www.agoda.com/id-id/redjeki-guesthouse/hotel/malang-id.html?cid=1844104,,,https://www.reddoorz.com/id-id/hotel/indonesia/batu/junrejo/mojorejo/reddoorz-near-jawa-timur-park-3,2
50,Hotel,BRIGGS INN BATU,"Jl. Ir. Soekarno No.377, Mojorejo, Kec. Junrejo, Kota Batu, Jawa Timur 65326",-7.901020833,112.5586338,"085171103377, (0341) 5107937 ",350.000 - 680.000,14,14,"Bar, Kafe dan lounge, Fasilitas hiburan, AC, Fasilitas kamar, TV kabel, Meja, Pancuran, Servis hotel",,https://www.instagram.com/briggs.inn/,,1,1,0,1,0,0,0,https://www.traveloka.com/id-id/hotel/indonesia/briggs-inn-batu-9000000809376?clickref=1110lfWSEjJ&utm_id=6wVpZzyA&campaign_id=1100l6465&partner_id=1101l345763&gad_source=1,https://www.tiket.com/hotel/indonesia/briggs-inn-batu-306001591245914717,,https://www.agoda.com/id-id/briggs-inn-batu/hotel/malang-id.html?cid=1844104&ds=GhjZXDy8Ah%2FHR8i6,,,,non-bintang
51,Hotel,MENTARI HOTEL,"Jl. Ir. Soekarno, Mojorejo, Kec. Junrejo, Kota Batu, Jawa Timur 65326",-7.903535045,112.5635502,341596159,,41,82,"Wi-Fi gratis, Parkir gratis, Layanan binatu",,,,0,1,0,0,0,0,0,,https://www.tiket.com/hotel/indonesia/mentari-guest-house-306001593179503172,,,,,,non-bintang
52,Hotel,BARU INN HERU HOTEL ,"Jl. Agus Salim No.27, Sisir, Kec. Batu, Kota Batu, Jawa Timur 65314",-7.872845361,112.5275208,"0895417300072, (0341) 593535, 081806507560",138.560 - 201.76,10,10,"Wi-Fi gratis, Fasilitas, Kamar bebas rokok",,,,1,1,1,0,0,0,1,https://www.traveloka.com/en-en/hotel/indonesia/hotel-baru-inn-batu-redpartner-9000001200293,https://www.tiket.com/hotel/indonesia/hotel-baru-inn-batu-redpartner-411001638248919020?00349D33-67E9-4966-B7E6-47469A368EDFcheckin=2022-07-25&checkout=2022-07-26&room=1&adult=1&soldOut=&referrer=https%3A%2F%2Fwww.tiket.com%2Fhotel%2Findonesia%2Freddoorz-near-alun-alun-batu-310001603163262196%3F00349D33-67E9-4966-B7E6-47469A368EDFcheckin%3D2022-07-25%26checkout%3D2022-07-26%26room%3D1%26adult%3D1%26soldOut%3D&utm_page=productDetailPage,https://www.booking.com/hotel/id/baru-inn-batu.id.html?aid=356980&label=gog235jc-1FCAsoaEINYmFydS1pbm4tYmF0dUgSWANoaIgBAZgBErgBF8gBDNgBAegBAfgBAogCAagCA7gCw8HhwwbAAgHSAiRkZDIwMjgwNi1lZDYxLTRlYzgtOTA4Zi01MDk5N2QzODU4YjXYAgXgAgE&sid=98b24db824d9e3e0016ac2e934b51634&all_sr_blocks=669358702_0_2_0_0&checkin=2025-09-18&checkout=2025-09-19&dest_id=-2672159&dest_type=city&dist=0&group_adults=2&group_children=0&hapos=1&highlighted_blocks=669358702_0_2_0_0&hpos=1&matching_block_id=669358702_0_2_0_0&no_rooms=1&req_adults=2&req_children=0&room1=A%2CA&sb_price_type=total&sr_order=popularity&sr_pri_blocks=669358702_0_2_0_0__13088219&srepoch=1752719564&srpvid=539611e2ff2c051f&type=total&ucfs=1&,,,,https://www.reddoorz.com/id-id/hotel/indonesia/batu/batu/sisir/hotel-baru-inn-batu?utm_source=google&utm_medium=mybusiness&utm_campaign=webclick,non-bintang
53,Hotel,"RIVERSTONE HOTEL 
","Jl. Agus Salim No.97, Temas, Kec. Batu, Kota Batu, Jawa Timur 65316",-7.882413619,112.5293003,341524414,323.152 - 416.556,31,62,"Restoran, Resepsionis 24 jam, AC, Wi-Fi gratis, Kursi tinggi untuk bayi",,https://www.instagram.com/hotelriverstone/,,1,1,0,0,0,0,0,https://www.traveloka.com/id-id/hotel/detail?spec=18-09-2025.19-09-2025.1.1.HOTEL.3000010002389.Riverstone%20Hotel%20%26%20Cottage.2&contexts=%7B%22accessCode%22%3A%2290975GHAD1305desktop%22%2C%22metasearchRequestId%22%3A%22b4f688ca-3e7c-43b2-92c9-b045edc79719%22%2C%22inventoryRateKey%22%3A%22anCOSEscNKDGLQu6sxgfKgB%2FLbmP3B30H5przynvKps6qmnoVzjp%2Bpyr7XSKkZeX6txacsMG3n1SPvqeXiBaKYV1YKkyoHr1Kcm8ses25R91KgrGzyRGnkY850CbxRfyR9JoBfSuZgAYy9uuhxT28FxrRvR9ew13bT1%2FFNbLYpuIUt0qoKGyi5V%2FxYjlK96Bes3L2c2FKj9IwNcTG0BrGYgowdZePAOW2pigG5EXNLI%2FZr%2BawX3b%2BSyBaTdj8n4kefYv7sDj%2BWq8jIGotOfxBT5Kagywh%2FdcDueO%2FpbibB959i%2FuwOP5aryMgai05%2FEFvHARBfLUjn9zjZI%2BRCgvQ1K0wOQLhvb7GNCrsytMBBVuSqjAMMnWpCC2uMZlomYaKfhxIU8OKU%2B4dCbx090Et23O9%2BU2DEMdbrTxcShND9JuK6iRhebLrnZMXQHOjjw2cT8m%2Frt86xPxoeZQT6ee3OWfsa4hfnwI67Gd262Smh9AEyJfP3YEEYqGzq%2BkDulfZykOuhzBZZwbXSSVhBp92etRMd0jaWAV8aMt8wxr9%2BkDVYqVKCCF5tN%2B5eZ90WkASYtQMC9dgQpcyIVqgq25rOMts0vdNUHfR2beRAmPE0E%2FIA7jgiauQMR4nNWzdERn6ypk3LaDLYJCDqai4BmGvPSG2bG%2FMwECaP76SVvX5Al%2Fo3fCf0eV6ozI8z0IaAzRzGAthyrdnSym2CjZ1QC7027FKILMMbBkEc%2BT%2FUNLfxjj7HTMeqpDoTPOCD4%2BsOVKO4gQjNatZfqpgnUAN1I%2FYmBUNdRDxMc9Hbdj88m%2Bb28L3yeRCohWeXlnsgws7C6AHY0iYNL8qlxe8wl9L%2FEJdZ6Q1npeRIIoyA8d7VlQKdhc0psSaCRN8eA58rljGdnXQAigojjEa3Rx8PjV%2B3TTJwB%2FXHRYMs3Zszy46cFH8XdQToEXUMSYLh9PAIBiZ0Wwu1N0OKPJa%2F391BpY67%2F5pdtq8XCIsO2l1nqYPpgTJ9JHVxncNAca1Bl5KPo1uCNuZV2n3yrwo8MA9661lDcYVK1%2BdRdumank5RxUvyszQIqSSWPojdAoz%2FcSIkzAELSTga1CBaYPQcnZgmiRAg%2BMzzZ6y10MPQkXObNz5de%2BJxX0ADLygC7RQYYwQOE7%2FpOaw0IhGkHbDW701RbPlEAET%2BF4TjeE0GdkHdfSP0ZkOhfSSEt%2Fdu8EuvvipD0CzSrHURRUUj%2FGnXC8JvOJCQc0NVDYefssX1TObHt6MQyJapvY%2Byb%2Ff4KXSk33uygOVHQR7RLkKavds78icDg%2BQHd6Tw%3D%3D%22%7D&loginPromo=1&prevSearchId=1837860181347691562&mToken=AqS98uaXpJh74kDKhxWQ6%2B%2F3%2BBsjK%2BRpPP27vPu2UHJlTT%2FMNzOwOYHr4yA1ol1RcnpJCBPwB3hudCQO3ELlRw%3D%3D&metasearchRateId=IDUsers,https://www.tiket.com/hotel/indonesia/riverstone-hotel-cottage-807001751614724192?room=1&adult=2&checkin=2025-09-18&checkout=2025-09-19&utm_source=google-hotel&searchSessionId=6CD173B4-24F1-4B07-A4EB-AD55E474DC98&referrer=https%3A%2F%2Fwww.tiket.com%2Fhotel%2Fsearch%3FhotelID%3Da8288aea-15da-4e6a-819e-3220b96f066d%26checkin%3D2025-09-18%26checkout%3D2025-09-19%26adult%3D2%26country%3DID%26device%3Ddesktop%26isAat%3Dtrue%26utm_source%3Dgoogle-hotel%26utm_term%3Da8288aea-15da-4e6a-819e-3220b96f066d%26utm_medium%3Dprf-ppc%26utm_campaign%3D%255BMSA%255D-21472895671%26utm_external%3Dprf%26isRedirect%3Dtrue%26gad_source%3D6%26gad_campaignid%3D21472895671%26gclid%3DCj0KCQjwm93DBhD_ARIsADR_DjF-sn2tlceEV5CNmBpMs-34RFS_D3f_kcT-6pCxuvoEDOOH9pHphpcaAvLqEALw_wcB%26id%3Driverstone-hotel-cottage-807001751614724192%26type%3DHOTEL&utm_page=searchResultPage,,,,,,2
54,Hotel,SEULAWAH RESORT CAFE,"Jl. Mawar No.8, Songgokerto, Kec. Batu, Kota Batu, Jawa Timur 65316",-7.867525044,112.5055507,"341594988, (0341) 524414",218.700 - 349.920,27,27,"Fasilitas layanan kamar 24 jam, Restoran, Kolam Renang luar, Spa, Antar-jemput bandara berbiaya, Penitipan anak, Kolam Renang anak, Fasilitas Rapat",,https://www.instagram.com/seulawahresort/,,1,1,0,0,0,0,0,https://www.traveloka.com/id-id/hotel/detail?spec=18-09-2025.19-09-2025.1.1.HOTEL.3000010002448.Seulawah%20Resort%20%26%20Cafe.2&contexts=%7B%22accessCode%22%3A%2290975GHAD1305desktop%22%2C%22metasearchRequestId%22%3A%228ceef3f5-2828-4ee7-a7ef-6aa18c62133d%22%2C%22inventoryRateKey%22%3A%22povEwB3ZzsU2C6pd%2B6MdU13LUNuufACdbU0usK5vg0e1eRsyZmTqUV%2F3fq7SZw0AfwxXnYiRzoxM4HX9sDmt9%2FAm1AYn3MeGz8Xcpq5hCtgkoYhCABuc4UBUJdDpIzcBkjYFe7E9Hsd3uMKwzSkUl5pNkVNrbZlWauR9OJSMSOgTUF8uPIIQL0rCSb9XNHrUo2NqnPUrB1BZUqaeWb25fI%2BbdPKyeEcnUCrwiPsukDU4xJaQCNZd7Dm9H%2BzKz3SoHlBcSNHFk%2B6M%2Bed81rVbweEHGIhg0KJ7gZAJpw17ItAcEtGPm1fxqcNnBgMR8yyWpiJTgwuBs8jF6ohputfjnLlS81%2FL314%2BEun2%2FX6YDWiQQRGxJ01TH7f1SHrVVT3QDwdwsYGQWlaxhBsYTfbOupZ%2F4BcR1dMJZnHguitAKG5TO77EPx6MJOfP%2BO45OULXmEAQvSMnVoIA9pZMtQ8Ze85oZq7dh6Y2cZlkwKC4KrY6lJCofqZhJ0CASfFAoDcsefho0o7KgbsmK2jlIeR2OjRtcdHHo%2FAWwEPDHg90N1R9O21BdVMumhKJ1LZWTYhAqtovf7l7Wh6O7acT8Ie56zkjUbMpMwoD8bDdfSrNvYejJhdEEziI4Xl3iRJYHk49Az27Z1pwj8m%2BElAgWVy8%2FHBbz%2FePMPYo3IdeUuYesFnpjb3fmEtldkZhYxo%2FxudQxfH2bKUpSjEuA6nReUpwnv1H0sWhzdbH7%2B0Rtsh724%2FjPt0yluV7LIE%2BO9WApLmPlfxQK1kTlJUI3DHN0EvwNELADmhuhvMZhbVXxqvvmjb36jgruoUXlXJglH4Qjx1rUVyY4QHyTIIsa4hJL78hBhnsuGjNIa8TFVFxXBKa3rThY8Q89DAb2xlIP5cy2xPvFnSk625XvNS6hBLsZ3JeRqFpSIX%2BydxacpJb7fXWYX80S0hEKib7w2Te62U6Vel5cJ%2FJYIM2%2F9fBKqcy%2BrP7mk1%2F8SQnx3NxKhXmVDESmX0ZuvZ72kqclIsqi6kZ0yG5d8a04Hs0edl3XeOUGlScCXnn%2BMl0ugx4yWSHX08h3q8S9ndw6WWAqPyT0aQiHHd0IRSv7uPgFxQgvikV8AlnkUXFKpC7%2FbMNa9pcSR%2F41Ua9uj3nQ2wHzK3xcydn5K%2BaRCg6gbeG0xZpeyAoHMjANNEh%2FG4qwiA7azEsdUjhpr%2FN3vK4ePm17INbotrMMqbAH9DrM9wEjAj7UGk%2BLfXBEb8l39GYUH7q4l31W7btXN8%3D%22%7D&loginPromo=1&prevSearchId=1837862916594888630&mToken=AqS98uaXpJh74kDKhxWQ6%2B%2F3%2BBsjK%2BRpPP27vPu2UHIrPtd%2FayKGRRB9q9UCSe4YqVwa7zf%2BRc%2FVrQRbbN5mOA%3D%3D&metasearchRateId=IDUsers,https://www.tiket.com/hotel/indonesia/seulawah-resort-and-cafe-802001739180600243?room=1&adult=2&checkin=2025-09-18&checkout=2025-09-19&utm_source=google-hotel&searchSessionId=2C5A7CCA-8643-441F-8BDB-D22A4FE47370&referrer=https%3A%2F%2Fwww.tiket.com%2Fhotel%2Fsearch%3FhotelID%3D6243bd1f-3d93-4fb7-a049-33031a62c175%26checkin%3D2025-09-18%26checkout%3D2025-09-19%26adult%3D2%26country%3DID%26device%3Ddesktop%26isAat%3Dtrue%26utm_source%3Dgoogle-hotel%26utm_term%3D6243bd1f-3d93-4fb7-a049-33031a62c175%26utm_medium%3Daff-meta%26utm_campaign%3DGoogle-Hotel-0023-B2B-none-hotel%26utm_external%3Daff%26isRedirect%3Dtrue%26id%3Dseulawah-resort-and-cafe-802001739180600243%26type%3DHOTEL&utm_page=searchResultPage,,,,,,3
55,Hotel,DE WAHYU HOTEL,"Jl. Panglima Sudirman No.85, Pesanggrahan, Kec. Batu, Kota Batu, Jawa Timur 65313",-7.868404758,112.5166995,341599090,240.000 - 480.000,47,47,"Kolam Renang, AC, Wi-Fi gratis, Parkir gratis, Restoran, Resepsionis 24 jam, Fasilitas Rapat, Ruang tamu",,https://www.instagram.com/hoteldewahyu/,,0,1,0,1,0,0,0,,https://www.tiket.com/hotel/indonesia/de-wahyu-hotel-and-convention-412001639718127633,,https://www.agoda.com/id-id/hotel-de-wahyu/hotel/malang-id.html?cid=1844104&ds=ig1oH81l9YI3ZhCS,,,,non-bintang
56,Hotel,RAGIL KUNING HOTEL ,"Jl. Panglima Sudirman Blok 9 No.1, Ngaglik, Kec. Batu, Kota Batu, Jawa Timur 65311",-7.868835512,112.5164089,"089501852677, (0341) 593051",102.781 - 114.200,12,12,"Wi-Fi gratis, Sarapan, Parkir gratis, Layanan Check-in VIP, Resepsionis 24 jam",,https://www.instagram.com/ragilkuning_hotel/,,0,1,0,0,1,0,0,,https://www.tiket.com/hotel/indonesia/hotel-ragil-kuning-108001534490381383,,,https://id.trip.com/hotels/batu-sub-district-hotel-detail-8122880/hotel-ragil-kuning/?checkIn=2025-07-17&checkOut=2025-07-21&crn=1&adult=2&children=0,,,non-bintang
57,Hotel,CIPTANINGATI HOTEL,"Jl. Argopuro No.154, Sisir, Kec. Batu, Kota Batu, Jawa Timur 65314",-7.8757527,112.5339056,"89510049558, 082131078257",292.499 - 554.999,26,26,"AC, Restoran, Kolam Renang, Resepsionis 24 jam, Parkir, Wi-Fi",,https://www.instagram.com/ciptaningaticulturehotel/,,1,0,0,0,0,0,0,https://www.traveloka.com/id-id/hotel/indonesia/ciptaningati-culture-hotel-3000010008587,,,,,,,3
58,Hotel,pondok wisata ilona,"Jl. Abdul Gani Atas No.24, Ngaglik, Kec. Batu, Kota Batu, Jawa Timur 65311",-7.88405132,112.5185086,"8113129799, 082132165522",488.700 - 624.450,63,133,"AC, Restoran, Kolam Renang, Resepsionis 24 jam, Parkir, Lift, Wi-Fi",,https://www.instagram.com/pondokwisatailona/,,1,0,0,0,0,0,0,https://www.traveloka.com/id-id/hotel/indonesia/pondok-wisata-ilona--9000000502402?clickref=1100lBjPpLAX&utm_id=6wVpZzyA&campaign_id=1100l6465&partner_id=1101l345763&gad_source=1,,,,,,,non-bintang
59,Hotel,PERDANA HOTEL ,"Jl. Panglima Sudirman No.101, Pesanggrahan, Kec. Batu, Kota Batu, Jawa Timur 65311",-7.867543343,112.5143151,(0341) 591104,,63,133,"Wi-Fi gratis, Ruang tamu, Parkir, Resepsionis 24 jam",,,,0,0,0,0,0,0,0,,,,,,,,2
60,Hotel,HOTEL MUTIARA BARU,"Jl. Panglima Sudirman No.89, Pesanggrahan, Kec. Batu, Kota Batu, Jawa Timur 65313",-7.868230214,112.5162478,(0341) 593011,286.195 - 350.000,50,85,"Restoran, Kolam Renang, Wi-Fi gratis, Resepsionis 24 jam, Parkir",,,,1,0,0,0,0,0,0,https://www.traveloka.com/id-id/hotel/indonesia/mutiara-baru-hotel-3000020005126,,,,,,,non-bintang
61,Hotel,VICTORY HOTEL,"Jl. Raya Junggo No.107, Tulungrejo, Kec. Bumiaji, Kota Batu, Jawa Timur 65338",-7.822119385,112.5297343,"(0341) 593011, 02129707601",84.000 - 300.000,56,137,"Parkir gratis, Wi-Fi gratis, Layanan kamar, Kamar bebas rokok, Kolam renang outdoor, Kamar mandi pribadi, Shower, Pemandangan gunung, Resepsionis 24 jam, Restoran, Ruang keluarga, Kebun, Kolam renang, TV, Ruang rapat",,,,1,0,1,1,0,1,0,https://www.traveloka.com/id-id/hotel/detail?spec=17-08-2025.18-08-2025.1.1.HOTEL.9000000924646.OYO%2090028%20Hotel%20Victory.2&contexts=%7B%22accessCode%22%3A%2290975GHAD1305desktop%22%2C%22metasearchRequestId%22%3A%225f68143b-541e-4d4e-8c24-0d7834f457cb%22%2C%22inventoryRateKey%22%3A%22povEwB3ZzsU2C6pd%2B6MdU13LUNuufACdbU0usK5vg0dafFSdlX85Rim5Qs%2Fxk6OrfwxXnYiRzoxM4HX9sDmt9%2FAm1AYn3MeGz8Xcpq5hCtgkoYhCABuc4UBUJdDpIzcBkjYFe7E9Hsd3uMKwzSkUl5pNkVNrbZlWauR9OJSMSOgTUF8uPIIQL0rCSb9XNHrUjruZi5BY8TWmwhKiun15qY%2BbdPKyeEcnUCrwiPsukDU4xJaQCNZd7Dm9H%2BzKz3SoHlBcSNHFk%2B6M%2Bed81rVbweEHGIhg0KJ7gZAJpw17ItAcEtGPm1fxqcNnBgMR8yyWnuebBjYJVN7XUSC8tUX6J7lS81%2FL314%2BEun2%2FX6YDWj%2FR3U%2FLwS1IszOYpjMw7VLcobv2sM7J0Fdi71F%2BMaPuJZ%2F4BcR1dMJZnHguitAKG51ox0ZfZvH0ZVJE0hz938bmEAQvSMnVoIA9pZMtQ8Ze0yLu6JGJOzMW6%2Fc7HmghUia6RjhZ%2B%2F6QV25zuEEdvqmefho0o7KgbsmK2jlIeR2OjRtcdHHo%2FAWwEPDHg90N1R9O21BdVMumhKJ1LZWTYhAqtovf7l7Wh6O7acT8Ie56zkjUbMpMwoD8bDdfSrNvYejJhdEEziI4Xl3iRJYHk49sHMiu1RbZocTzMrkqgddQyZxoVuBYsozWh%2FznzvxSCcT47O%2B0gI8rJJ4gNzou4KSxfH2bKUpSjEuA6nReUpwng5lt77VApYSiZWlKrVeS927E49qP%2F8fATyH2xNcPCvYlfxQK1kTlJUI3DHN0EvwNDCmFYRHIaL9k1o31jsNJ8ZdRIxAkB%2FTzC2x4qzSPHp2d5pQ5%2BHw1J1TK6E5FeoT6T8AVvZ9qLJTDwbqb88hTw9Ywlx0XWa8wDnyygtf7Crmp%2Fc6G6mL9eWogIEjTUT%2BvxdmjA0pqNs%2Fp6%2F2UetIeMx%2B0ACFTWJVhwkR%2By0sft0uKhbuK%2FcARcRAAI8Iaf2%2BxgHPL3oEASSNci%2FjkzbvZkbVWeEHrTm5GWpw0SEebCYO0QssIJF4VVvNjJAaBS7K7Hj4pQp5XIlKz%2BNKNiDvq2u6FstSAUZUyqFtDyKx3ba2Cw0q2VMu02cVSRYh0YrqJt7X%2B0GM0OLCwDn13xFDD5XySEfQi7jxFVwglluSw%2FLLP0iYYDgDsKS%2Ff%2F2kzwLrzQA2QahzdmMywdfhulpDkMV7IVXmO1xqRZvfBOXDw2Kvw3QpFMnhUWrhKGJxAZcICPA9F6SCSnppuXdXVdExUX9CSKvdk5Ixnpt1ylZxHoFb2LSXDihiwoj3YHZM0Ul49YyCYWIeG6EBYPoXQ7d%2B10k3tCeZVLvOjHn9sURgf8wmDfIv5xB6Ns%2F2kla71kIYhw%3D%3D%22%7D&loginPromo=1&prevSearchId=1840663815719507902&mToken=Pwa6JSbybtz1i75xGIFvxI4MVSsz%2FSndnzNBJtRqz3NzmEzv1zznAPh%2BzRKyzfsAcElP6QdPyErIxXIJy0GwCA%3D%3D&metasearchRateId=IDUsers,,https://www.booking.com/hotel/id/oyo-90028-victory-batu12.id.html?aid=1893449&label=metagha-link-MRID-hotel-6785298_dev-desktop_los-1_bw-0_dow-Sunday_defdate-1_room-0_gstadt-2_rateid-public_aud-0_gacid-21404703723_mcid-50_bc-AGeJEg_ppa-0_clrid-0_ad-1_gstkid-0_checkin-20250817_ppt-CgB_lp-2360_r-1873061964277978606&sid=5efc070815cedccc354adf76c7b90825&all_sr_blocks=678529803_418598637_2_0_0&checkin=2025-08-17&checkout=2025-08-18&dest_id=6785298&dest_type=hotel&dist=0&group_adults=2&group_children=0&hapos=1&highlighted_blocks=678529803_418598637_2_0_0&hpos=1&matching_block_id=678529803_418598637_2_0_0&no_rooms=1&req_adults=2&req_children=0&room1=A%2CA&sb_price_type=total&sr_order=popularity&sr_pri_blocks=678529803_418598637_2_0_0__8434600&srepoch=1755393809&srpvid=f10c09c7cf670095&type=total&ucfs=1&,https://www.agoda.com/id-id/oyo-90028-hotel-victory/hotel/malang-id.html?countryId=192&finalPriceView=1&isShowMobileAppPrice=false&cid=1917614&numberOfBedrooms=&familyMode=false&adults=2&children=0&rooms=1&maxRooms=0&checkIn=2025-08-17&isCalendarCallout=false&childAges=&numberOfGuest=0&missingChildAges=false&travellerType=1&showReviewSubmissionEntry=false&currencyCode=IDR&isFreeOccSearch=false&los=1&searchrequestid=e35e5424-7c51-4e9b-8817-448cce33ed79&ds=FupGG1%2F8JppYsp7q,,https://www.oyorooms.com/id/106653/?checkin=17%2F08%2F2025&checkout=18%2F08%2F2025&rooms=1&guests=2&rooms_config=1-2_0&selected_rcid=30,,2
62,Hotel,GRAND BATU INN HOTEL ,"Jl. Raya Oro-Oro Ombo No.1A, Temas, Kec. Batu, Kota Batu, Jawa Timur 65315",-7.884185463,112.5292814,341593888,588.171 - 688.000,60,120,"AC, Restoran, Area parkir gratis, Wi-Fi gratis, Kolam Renang, Fasilitas Rapat, Ruang rapat",,https://www.instagram.com/grandbatuinn/?hl=en,,1,1,0,0,0,0,0,https://www.traveloka.com/id-id/hotel/detail?spec=19-07-2025.20-07-2025.1.1.HOTEL.3000020010895.Grand%20Batu%20Inn%20Hotel.2&contexts=%7B%22accessCode%22%3A%2290975GHAD1305desktop%22%2C%22metasearchRequestId%22%3A%22d0ab31f9-cdea-4f03-a006-02f68c9a010f%22%2C%22inventoryRateKey%22%3A%22povEwB3ZzsU2C6pd%2B6MdU13LUNuufACdbU0usK5vg0cybfkIzbNBf9e8wryeXpMbfwxXnYiRzoxM4HX9sDmt9%2FAm1AYn3MeGz8Xcpq5hCtgkoYhCABuc4UBUJdDpIzcBkjYFe7E9Hsd3uMKwzSkUl5pNkVNrbZlWauR9OJSMSOiXRHzAZDWeuG0F1hB7SR6yJoJlaGWsRbcMyuApowM4U4%2BbdPKyeEcnUCrwiPsukDU4xJaQCNZd7Dm9H%2BzKz3SoHlBcSNHFk%2B6M%2Bed81rVbweEHGIhg0KJ7gZAJpw17ItAcEtGPm1fxqcNnBgMR8yyWW8AFwx%2FbjrOSF1HWEuG9dblS81%2FL314%2BEun2%2FX6YDWj0n1HaSNoZCVZXiFI8ezV2cobv2sM7J0Fdi71F%2BMaPuJZ%2F4BcR1dMJZnHguitAKG7ELstLSYbY7KfxDFyX4CdTmEAQvSMnVoIA9pZMtQ8Zeyq6DjOsLzs4lSxfInhvlG%2Ba6RjhZ%2B%2F6QV25zuEEdvqmefho0o7KgbsmK2jlIeR2OjRtcdHHo%2FAWwEPDHg90N1R9O21BdVMumhKJ1LZWTYhAqtovf7l7Wh6O7acT8Ie56zkjUbMpMwoD8bDdfSrNvYejJhdEEziI4Xl3iRJYHk49zVKWfYDUVqNo%2FAall9xaE%2FM03egqxOHLk7MM%2BJHY1UKLmXWhyGxjq%2F7FOELgsOLQxfH2bKUpSjEuA6nReUpwng5lt77VApYSiZWlKrVeS927E49qP%2F8fATyH2xNcPCvYlfxQK1kTlJUI3DHN0EvwNELADmhuhvMZhbVXxqvvmjb36jgruoUXlXJglH4Qjx1rUVyY4QHyTIIsa4hJL78hBhnsuGjNIa8TFVFxXBKa3rThY8Q89DAb2xlIP5cy2xPvFnSk625XvNS6hBLsZ3JeRqFpSIX%2BydxacpJb7fXWYX%2Fo%2B8mmu%2BQbFrzgqEgcI6HTA7ZzcWkieGDU0HUjfYhwcEsvHrqReK9Utf7oYRVsNOuOkKUobC7WwRygd4DuZpjnv%2BG46ER6bERqcGXoTjqaYrIrWj8vA8mV33wVXsS2AeiL%2FzdtxTLsjVK3kvoNJLz0%2FnS2BaZupUnoIyHBclTRedFb%2F3c27QlVbCF4NcgKlrbfuv7kEENvbU%2FhIon90pw%2B5HHaxEsmHmxnlBUOq4CNOQO4Pwy%2FL%2Bsph9%2FXG9jou8irRYws%2FQVweWmEa9ZMjCr28Uss3tUFqZb1Uh5zPP4UoeYryJlIhiBxgf2f5Ym1Spc%3D%22%7D&loginPromo=1&prevSearchId=1837957397267640246&mToken=EzQh1GNZiwnKymEcgA7UXwFFtawhQFACUu8Pn6x5CS5DBvwksO30xqGVZr6QWbwdB25WW75m52A9CUy7Fop%2FcQ%3D%3D&metasearchRateId=IDUsers,https://www.tiket.com/hotel/indonesia/grand-batu-inn-108001534490376372?hotelID=44a3db2e-aecf-4299-9f8c-995c3528964a&checkin=2025-07-19&checkout=2025-07-20&adult=2&country=ID&device=desktop&isAat=true&utm_source=google-hotel&utm_term=44a3db2e-aecf-4299-9f8c-995c3528964a&utm_medium=aff-meta&utm_campaign=Google-Hotel-0023-B2B-none-hotel&utm_external=aff,,,,,,non-bintang
63,Hotel,"HOTEL PALEM SARI 
","Jalan Raya Punten No. 2 Punten Bumiaji, Punten, Kec. Batu, Kota Batu, Jawa Timur 65338",-7.841411486,112.5282668,(0341) 597219 ,144.000 - 180.000,22,42,"Kolam Renang, Restoran, Wi-Fi gratis, Kolam Renang anak, Resepsionis 24 jam",,,,1,0,0,0,0,0,0,https://www.traveloka.com/id-id/hotel/indonesia/hotel-palem-sari-9000000134117,,,,,,,non-bintang
64,Hotel,KARTIKA RAYA HOTEL,"Jl. Raya Songgoriti No.17, Songgokerto, Kec. Batu, Kota Batu, Jawa Timur 65312",-7.865431528,112.4959071,"08113675666, (0341) 593020",7.764.880 - 14.543.744,51,51,"Kolam Renang, Wi-Fi gratis, AC, Restoran, Resepsionis 24 jam, Fasilitas anak, Lift, Area Outbound",,https://www.instagram.com/hotelkartikaraya/?hl=en,,0,1,0,0,0,0,0,,https://www.tiket.com/hotel/indonesia/el-hotel-kartika-wijaya-batu-807001751612806164,,,,,,non-bintang
65,Hotel,"ASTER HOTEL 
","Jl. Trunojoyo No.7, Songgokerto, Kec. Batu, Kota Batu, Jawa Timur 65312",-7.866228831,112.5089524,(0341) 501323 ,,90,100,"Kolam Renang, Wi-Fi gratis, Restoran, AC, Ruang tamu, Resepsionis 24 jam, Parkir gratis, Fasilitas Rapat",,https://www.instagram.com/aster_hotel/?hl=en,,1,1,0,1,0,0,0,https://www.traveloka.com/id-id/hotel/indonesia/aster-hotel-3000010002417,https://www.tiket.com/hotel/indonesia/aster-hotel-412001639390395082,,https://www.agoda.com/id-id/aster-hotel-restaurant/hotel/malang-id.html?cid=1844104&ds=METcEUQfF4eVQoZX,,,,non-bintang
66,Hotel,GRAND DREAM CITA MANDIRI SYARIAH," Ds, Jl. Trunojoyo No.7c, RT.02/RW.09, Kec. Junrejo, Kota Batu, Jawa Timur 65321",-7.901709784,112.558617,89607347290,296.594 -  346.193,18,23,"Wi-Fi gratis, Restoran, Parkir gratis, AC, Resepsionis 24 jam, Fasilitas Rapat",,https://www.instagram.com/granddreamcitamandiri/?hl=en,,1,1,0,0,0,0,0,https://www.traveloka.com/id-id/hotel/detail?spec=24-07-2025.25-07-2025.1.1.HOTEL.9000000927547.Grand%20Dream%20Cita%20Mandiri%20Syariah.2&contexts=%7B%22accessCode%22%3A%2290975GHAD1305desktop%22%2C%22metasearchRequestId%22%3A%229c05deab-7e57-488a-854f-1810d2245823%22%2C%22inventoryRateKey%22%3A%22povEwB3ZzsU2C6pd%2B6MdU6u0YYPJ5r8SDvn1XpJMHcn3iaqLoMLe3yh8cBEi32SgfwxXnYiRzoxM4HX9sDmt9%2FAm1AYn3MeGz8Xcpq5hCtgkoYhCABuc4UBUJdDpIzcBkjYFe7E9Hsd3uMKwzSkUl5pNkVNrbZlWauR9OJSMSOjT2kAb5PFnnUsj4yv%2BE8%2BE7Yq86mfEZZsyJT1V1Ki0jY%2BbdPKyeEcnUCrwiPsukDU4xJaQCNZd7Dm9H%2BzKz3SoHlBcSNHFk%2B6M%2Bed81rVbweEHGIhg0KJ7gZAJpw17ItAcEtGPm1fxqcNnBgMR8yyWFpaPmob0J0TL1PLgyPI67blS81%2FL314%2BEun2%2FX6YDWiQQRGxJ01TH7f1SHrVVT3Qcobv2sM7J0Fdi71F%2BMaPuJZ%2F4BcR1dMJZnHguitAKG57VcnANQkeCy%2FnaE8Uz7wWmEAQvSMnVoIA9pZMtQ8Ze85oZq7dh6Y2cZlkwKC4Kraa6RjhZ%2B%2F6QV25zuEEdvqmefho0o7KgbsmK2jlIeR2OjRtcdHHo%2FAWwEPDHg90N1R9O21BdVMumhKJ1LZWTYhAqtovf7l7Wh6O7acT8Ie56zkjUbMpMwoD8bDdfSrNvYejJhdEEziI4Xl3iRJYHk49sHMiu1RbZocTzMrkqgddQ3M9IWyAT8MMmyab6HOkjRKgSYe4orPRyV5wXie%2FEnXPxfH2bKUpSjEuA6nReUpwnnje1JkIlqE%2BPx2SFmTGGUprKEjpIawpPilojDa%2BBoZglfxQK1kTlJUI3DHN0EvwNELADmhuhvMZhbVXxqvvmjb36jgruoUXlXJglH4Qjx1rUVyY4QHyTIIsa4hJL78hBhnsuGjNIa8TFVFxXBKa3rThY8Q89DAb2xlIP5cy2xPvFnSk625XvNS6hBLsZ3JeRqFpSIX%2BydxacpJb7fXWYX8Z%2B1WRnfWwDcPxUXJgRv%2FBcJ%2FJYIM2%2F9fBKqcy%2BrP7ms8AABzJ89UysHAZfWgK1SGGq1DYzAD%2B%2Foajb2CsXSrwFm70ZB1oDO8dyNmvil19WDBxOUrIKuHVY0cHBYkR90QS9ndw6WWAqPyT0aQiHHd0IRSv7uPgFxQgvikV8AlnkUXFKpC7%2FbMNa9pcSR%2F41Ua9uj3nQ2wHzK3xcydn5K%2BaRCg6gbeG0xZpeyAoHMjANNEh%2FG4qwiA7azEsdUjhpr%2FN3vK4ePm17INbotrMMqbAH9DrM9wEjAj7UGk%2BLfXBER%2Fb3M8GuT0bZlIvw1QAGtCp1HIF845X3MCfJA76YvJTcANxUe4wGH%2BFgvBZxRF7NSnSHG5fta2mkY0NcWwfJeIpDBb9FBv1L%2BzcEThd8LKJPOW5BMXpcRthCmGQgOiRpQ%3D%3D%22%7D&loginPromo=1&prevSearchId=1838237878359972302&mToken=mHqtAOJNoS7yL0kTBPSyV%2BuzKL%2BR8uNBTe5KtJZbanVg2njvtxHY%2FkjXzM87nUcAL2YcduuKmWAH7OoT7X3sJA%3D%3D&metasearchRateId=IDUsers,https://www.tiket.com/hotel/indonesia/grand-dream-cita-mandiri-syariah-311001605518369656?hotelID=67d189a4-b6cb-4023-95bf-61105112ed6b&checkin=2025-07-24&checkout=2025-07-25&adult=2&country=ID&device=desktop&isAat=true&utm_source=google-hotel&utm_term=67d189a4-b6cb-4023-95bf-61105112ed6b&utm_medium=aff-meta&utm_campaign=Google-Hotel-0023-B2B-none-hotel&utm_external=aff,,,,,,non-bintang
67,Hotel,Maniva Particael Resort,"Jl. Ir. Soekarno no 1, Beji, Kec. Junrejo, Kota Batu, Jawa Timur 65236",-7.886884495,112.5448385,82335792749,290.000 - 500.000,12,20,"Wi-Fi gratis, AC, Resepsionis 24 jam, Restoran, Tiket CLEAN",,https://www.instagram.com/kaluna.batu/,,1,1,0,1,0,0,0,https://www.traveloka.com/id-id/hotel/indonesia/maniva-particael-resort-9000003352620,https://www.tiket.com/hotel/indonesia/maniva-particael-resort-312001609303529644,,,https://id.trip.com/hotels/temas-hotel-detail-71497031/maniva-particael-resort/,,,non-bintang
68,Hotel,Hidden Paradiso Hotel,"Jl. Minsuarso No.17, Sisir, Kec. Batu, Malang, Jawa Timur 65314",-7.874976244,112.5261847,82230082048,275.562 - 755.040,15,25,"Kolam Renang, Wi-Fi, Resepsionis 24 jam, Fasilitas Rapat, Parkir gratis",,https://www.instagram.com/hiddenparadisobatu/,,1,1,0,0,0,0,0,https://www.traveloka.com/id-id/hotel/indonesia/hidden-paradiso--3000020005155,https://www.tiket.com/hotel/indonesia/hidden-paradiso-807001751714712920,,,,,,2
69,Hotel,Hotel O Central Batu Near Jatim Park 3 Formerly Bunga Matahari Hotel,"Jl. Suropati No.49, Ngaglik, Kec. Batu, Kota Batu, Jawa Timur 65311",-7.874932743,112.5203684,"(0341) 592806 , (021) 29707601",69.000 - 146.487,35,35,"Wi-Fi, Parkir gratis, Resepsionis 24 jam, Parkir difabel, Pemadam api, Penitipan bagasi, Bath or shower, AC, Staf multibahasa, Kamar bebas asap rokok, Kolam Renang, Restoran, Layanan cuci pakaian, Layanan bus antar jemput, Penyewaan sepeda, Transportasi bandara","- tamu tidak perlu membayar deposit saat check-in
- dekat dengan museum tubuh manusia bagong advanture, batu secret zoo, dan eco green park
- ruang bermain anak-anak
- teras taman
- Modern wardrobe dan wooden floors",,,1,0,1,0,0,1,0,https://www.traveloka.com/id-id/hotel/detail?spec=11-08-2025.12-08-2025.1.1.HOTEL.3000010002333.Hotel%20O%20Central%20Batu%20Near%20Jatim%20Park%203%20Formerly%20Bunga%20Matahari%20Hotel.2&contexts=%7B%22accessCode%22%3A%2290975GHAD1305desktop%22%2C%22metasearchRequestId%22%3A%228ed2dae5-21f3-4c87-8cf2-b3aa0ce7be14%22%2C%22inventoryRateKey%22%3A%22povEwB3ZzsU2C6pd%2B6MdU%2B0DXZ%2BT%2Bqw8uON7NhQf%2Ft5gQlgk4IXUbbe20cngrOHlfwxXnYiRzoxM4HX9sDmt9%2FAm1AYn3MeGz8Xcpq5hCtgkoYhCABuc4UBUJdDpIzcBkjYFe7E9Hsd3uMKwzSkUl5pNkVNrbZlWauR9OJSMSOjRfnRAbODkW%2BZ5ObHLaYtvjx9ySMMML%2Bk4D40V3I9LuClByeKd1a%2FVjTvXA5cd5%2FOGIFYfPTL%2FgTaueMOlH5gBZbKgQmrqg8k7rqNokP6bn9ao9jFCECphesPE%2BoPJTsF147SddMndpmbTlnHrsojJLD1%2BJUF8d1rkt6Q5rx6%2Bk5hAEL0jJ1aCAPaWTLUPGXtiD4QnwrTjrAn1HYOPy29Z2iYOhS4wSOTQGzyJ%2FN8%2Bm0Gmb3UOlN0uD7%2FMrpBj8gpoExF2mR2zeAHYNnf21o%2BwlJc%2FKJGLIg1FIl5ukBP%2B69KwznKn8C%2FmUlPZecFH6qztuwgueMJh9ZBAdZUyF5bbzsmfLCKjFY0CGq8UPdBUkMK%2FKllRbjT2kMb79GeMhm535mv0WuHIlwIJoCRiuNMQfNKkhSsCPNWxgjJFxai09xOr7KcQspSvMX5zMox4Ei70h8K1ksh3D%2BJZ%2BCnuzDQjuDjJj9Cwcx1NIu2b7JcoIilKgiRy5CdRDHlvsYP6Mm5xHSPbKHXisg7TmXqbvXsJ9P9cmB8lnJPD57L%2BHY2TObRXER4MvJycokG86k9tqXws2EiXgru%2Fj8uMGYDMKVVIlfxQK1kTlJUI3DHN0EvwNDCmFYRHIaL9k1o31jsNJ8ZdRIxAkB%2FTzC2x4qzSPHp2d5pQ5%2BHw1J1TK6E5FeoT6T8AVvZ9qLJTDwbqb88hTw9Ywlx0XWa8wDnyygtf7Crmp%2Fc6G6mL9eWogIEjTUT%2BvxdmjA0pqNs%2Fp6%2F2UetIeMx%2B0ACFTWJVhwkR%2By0sft0uKhbuK%2FcARcRAAI8Iaf2%2Bxo9buvlwg0AEd2f6UT%2FVrEEU0lHlY2noAE7ZsObYn%2Fla0QssIJF4VVvNjJAaBS7K7CwLB%2BsSjzBpl%2FqeQX8QVGxXiKUf06dn84NgtVVY3m7yNnrLXQw9CRc5s3Pl174nFfQAMvKALtFBhjBA4Tv%2Bk5rDQiEaQdsNbvTVFs%2BUQARP4XhON4TQZ2Qd19I%2FRmQ6F9JIS3927wS6%2B%2BKkPQLNKsdRFFRSP8adcLwm84kJBzQ1UNh5%2ByxfVM5se3oxDIlqm9j7Jv9%2FgpdKTfe7KA5UdBGToqCTwrcmErq2e1J4FxdSDOedE8c8MkAciJplss0mAbQM%2FFaXk5n4sOL1YZs8n8GFMCA92A1r35Q31YCktxvzCnQGOixY6XFd9J2fkCqysQ%3D%3D%22%7D&loginPromo=1&prevSearchId=1840135784395465736&mToken=mHqtAOJNoS7yL0kTBPSyV%2BuzKL%2BR8uNBTe5KtJZbanWu%2BDn6qGf7DgedrDSQ7rbEPyMLxAbZ1TclCV6MTbDvzQ%3D%3D&metasearchRateId=IDUsers,,https://www.booking.com/hotel/id/bunga-matahari-guesthouse-amp.id.html?aid=1893449&label=metagha-link-LUID-hotel-1048092_dev-desktop_los-1_bw-11_dow-Friday_defdate-0_room-0_gstadt-2_rateid-dg_aud-0_gacid-21404703723_mcid-50_ppa-0_clrid-0_ad-1_gstkid-0_checkin-20250725_ppt-CgB_lp-2360_r-11119932371160932351&sid=233728113668e99909dd2ab41b784bea&all_sr_blocks=104809205_405124083_2_0_0&checkin=2025-09-08&checkout=2025-09-09&dest_id=1048092&dest_type=hotel&dist=0&group_adults=2&group_children=0&hapos=1&highlighted_blocks=104809205_405124083_2_0_0&hpos=1&matching_block_id=104809205_405124083_2_0_0&no_rooms=1&req_adults=2&req_children=0&room1=A%2CA&sb_price_type=total&sr_order=popularity&sr_pri_blocks=104809205_405124083_2_0_0__9321950&srepoch=1754890246&srpvid=ec8126bdabb602cc&type=total&ucfs=1&,,,https://www.oyorooms.com/id/51856/?utm_source=Google_gmb_ID&utm_medium=Organic&utm_campaign=ID_BTU003&latitude=-7.87494&longitude=112.5204&locale=id,,2
70,Hotel,Hotel NEVINA,"Jl Sultan Agung no 16. Sebelah barat taman hutan, Sisir, Kec. Batu, Kota Batu, Jawa Timur 65314",-7.878766228,112.5245666,"82332639104, 0856-4946-3666",127.33 - 397.000,14,21,"Wi-Fi, Parkir gratis, Resepsionis 24 jam, Parkir difabel, Pemadam api, Penitipan bagasi, Bath or shower, AC, Staf multibahasa, Kamar bebas asap rokok, Kolam Renang, Restoran, Layanan cuci pakaian, Layanan bus antar jemput, Penyewaan sepeda, Transportasi bandara","- dekat dengan spot populer seperti Museum angkut, Jatim park, batu secret zoo, bns, predator fun park",https://www.instagram.com/p/C7huqLDS5Kh/?hl=en&img_index=2,,0,0,0,1,0,0,0,,,,https://www.agoda.com/id-id/hotel-nevina/hotel/malang-id.html?cid=1844104&ds=IpK99FohRtG78GvQ,,,,non-bintang
71,Homestay,Roemah Ywi,"Jl. Raya Oro-Oro Ombo No.131, Oro-Oro Ombo, Kec. Batu, Kota Batu, Jawa Timur 65316 ",-7.898070673,112.5339808,"81231985392, (0341) 593375,  082143885464",337.419 - 398.249,27,54,"Wi-Fi gratis, Resepsionis 24 jam, Penatu layanan lengkap, Kolam Renang luar, Parkir gratis, Jemputan bandara (biaya tambahan), Restoran, Layanan kamar, Sarapan gratis","- Lokasi diantara ladang dilembah gunung kawi dan gunung arjuna
- Suasana alam yang indah dan tenang
- Dekat tempat wisata Batu Night Spectacular
- Cocok untuk keluarga (bisa menampung 4 orang)
- Beberapa kamar mempunyai balkon dengan pemandangan",https://www.instagram.com/roemah_ywi/?hl=en,,1,1,0,1,0,0,0,https://www.traveloka.com/id-id/hotel/detail?spec=25-07-2025.26-07-2025.1.1.HOTEL.3000020001980.Roemah%20YWI%20by%20Excellence.1&contexts=%7B%22accessCode%22%3A%2290975GHAD1305desktop%22%2C%22metasearchRequestId%22%3A%225ddfe5ff-93c3-4753-8368-66d17bc994ad%22%2C%22inventoryRateKey%22%3A%22povEwB3ZzsU2C6pd%2B6MdU6u0YYPJ5r8SDvn1XpJMHck6KyV%2FgOqrNbwQuPA5Z6pjfwxXnYiRzoxM4HX9sDmt9%2FAm1AYn3MeGz8Xcpq5hCtgkoYhCABuc4UBUJdDpIzcBkjYFe7E9Hsd3uMKwzSkUl5pNkVNrbZlWauR9OJSMSOjT2kAb5PFnnUsj4yv%2BE8%2BE%2BIWN6FP3%2FKR7mm7zAY2DuY%2BbdPKyeEcnUCrwiPsukDU4xJaQCNZd7Dm9H%2BzKz3SoHlBcSNHFk%2B6M%2Bed81rVbweEHGIhg0KJ7gZAJpw17ItAcEtGPm1fxqcNnBgMR8yyWfr0JetwTLoAw%2BDUqcOVIe7lS81%2FL314%2BEun2%2FX6YDWjHWF0oikqVBbEeaqI7v8GTcobv2sM7J0Fdi71F%2BMaPuJZ%2F4BcR1dMJZnHguitAKG52oXq3NKH%2BUBSfYHlHmQ50mEAQvSMnVoIA9pZMtQ8Zeysw8W1okYhx17mwgsTYuDua6RjhZ%2B%2F6QV25zuEEdvqmefho0o7KgbsmK2jlIeR2Orm1X8evE9XE4Cf%2B%2Fiex7%2Bd9O21BdVMumhKJ1LZWTYhAqtovf7l7Wh6O7acT8Ie56zkjUbMpMwoD8bDdfSrNvYejJhdEEziI4Xl3iRJYHk49zVKWfYDUVqNo%2FAall9xaEzaOyEByWld353AT%2B6tWAtyTCCO7WT1YN%2B4EccSkMkHuxfH2bKUpSjEuA6nReUpwng5lt77VApYSiZWlKrVeS927E49qP%2F8fATyH2xNcPCvYlfxQK1kTlJUI3DHN0EvwNELADmhuhvMZhbVXxqvvmjb36jgruoUXlXJglH4Qjx1rUVyY4QHyTIIsa4hJL78hBhnsuGjNIa8TFVFxXBKa3rThY8Q89DAb2xlIP5cy2xPvFnSk625XvNS6hBLsZ3JeRqFpSIX%2BydxacpJb7fXWYX8L7gxC5ElYsfZooMMibmBKcJ%2FJYIM2%2F9fBKqcy%2BrP7mtGB%2BNuPHPWkZx3N%2F1vr52GQn30zIhxXKSOfKn9iaQHed8a04Hs0edl3XeOUGlScCSydKAR2dgcoxY4hgS9rjp0S9ndw6WWAqPyT0aQiHHd0IRSv7uPgFxQgvikV8AlnkUXFKpC7%2FbMNa9pcSR%2F41Ua9uj3nQ2wHzK3xcydn5K%2BaRCg6gbeG0xZpeyAoHMjANNEh%2FG4qwiA7azEsdUjhpr%2FN3vK4ePm17INbotrMMqbAH9DrM9wEjAj7UGk%2BLfXBER%2Fb3M8GuT0bZlIvw1QAGtCp1HIF845X3MCfJA76YvJTcANxUe4wGH%2BFgvBZxRF7NSnSHG5fta2mkY0NcWwfJeIpDBb9FBv1L%2BzcEThd8LKJPOW5BMXpcRthCmGQgOiRpQ%3D%3D%22%7D&loginPromo=1&prevSearchId=1838049186848731552&mToken=mHqtAOJNoS7yL0kTBPSyV%2BuzKL%2BR8uNBTe5KtJZbanWDFPlDnJ6q3LB5XWXgH8p%2BlJS6SqUzeg8c23CRbrJaww%3D%3D&metasearchRateId=IDUsers,https://www.tiket.com/hotel/indonesia/roemah-ywi-by-excellence-711001731506017142?hotelID=4abd70fb-010f-43bc-938d-e139bb551261&checkin=2025-07-25&checkout=2025-07-26&adult=1&country=ID&device=desktop&isAat=true&utm_source=google-hotel&utm_term=4abd70fb-010f-43bc-938d-e139bb551261&utm_medium=prf-ppc&utm_campaign=%5BMSA%5D-17283522910&utm_external=prf&gad_source=1&gad_campaignid=17283522910,,https://www.agoda.com/id-id/roemah-ywi/hotel/malang-id.html?cid=1844104,,,,
73,Homestay,Penginapan arjuno,"Jl. Raya Punten No.90-92, Punten, Kec. Bumiaji, Kota Batu, Jawa Timur 65338",-7.832840357,112.5288244,(0341) 592175.,75.000 - 400.000,20,20,"Kamar mandi dalam dengan shower panas dan dingin, TV, Lemari, Kasur yang nyaman, Meja kerja","- Lokasi berada didaerah Bumiaji yang membuat suasana lebih sejuk dan dingin
- menawarkan pemandangan megah Gunung Arjuno dan Welirang",,,0,0,0,0,0,0,0,,,,,,,,
74,Homestay,O3 Homestay,"Jl. Gondorejo No.900, Oro-Oro Ombo, Kec. Batu, Kota Batu, Jawa Timur 65316",-7.893460615,112.5365457,"(0341) 5025332, 81233330367",250.000 - 300.479,18,36,"Wi-Fi, Area bebas asap rokok, Properti bebas rokok, Ruang keluarga, Barbecue, Area bermain anak, Kolam Renang luar, AC di beberapa kamar, Dapur di beberapa kamar, Meja, TV, Kamar mandi pribadi dengan shower, Tata graha, Sarapan (berbiaya), Penyewaan mobil di tempat, Parkir gratis dan parkir valet gratis, Tidak tersedia minuman beralkohol","- dekat dengan batu secret zoo dan bns
- terdapat rental sepeda motor",,,1,0,0,1,1,0,0,https://www.traveloka.com/id-id/hotel/indonesia/o3-homestay-3000010003263,,,https://www.agoda.com/id-id/o3-homestay/hotel/malang-id.html?cid=1844104&ds=kEpnv3MYfpnTJLYG,https://id.trip.com/hotels/batu-sub-district-hotel-detail-9019119/o3-homestay/,,,
75,Homestay,Homestay Aas,"Jl. Kenanga No.161, RT.2/RW.6, Oro-Oro Ombo, Kec. Batu, Kota Batu, Jawa Timur 65316",-7.89388566,112.5298214,0812-3571-0237,,3,6,,,https://www.instagram.com/aashomestaybatu/,,0,0,0,0,0,0,0,,,,,,,,
76,Homestay,andri homestay,"Jl. Gondorejo No.911, Oro-Oro Ombo, Kec. Batu, Kota Batu, Jawa Timur 65316",-7.893437378,112.5370481,(0341) 7688659,,3,3,"Wi-Fi, Parkir, Resepsionis 24 jam, Pemadam api, Keamanan 24 jam, Shower, Properti bebas asap rokok",,,,0,1,0,0,0,0,0,,https://www.tiket.com/hotel/indonesia/andri-homestay-505001653883547947,,,,,,
77,Homestay,OYO 90828 Ara Guest House,"gg saleh no 07 beji, kec batu, kota batu, jawa timur 65316",-7.892578236,112.5326118,(021) 29707601,121.832 - 230.000,8,10,"AC, TV layar datar dengan TV kabel, Balkon, Area parkir luas (parkir gratis di tempat), Wi-Fi gratis, Kamar bebas rokok, Kamar mandi pribadi, Taman, Resepsionis 24 jam, Layanan kebersihan harian","- dekat dengan museum angkut, jatim park 2, air terjun coban rondo
- menawarkan kenyamanan bagi para tamu yang ingin menjelajahi keindahan Batu.
-Keamanan dan kebersihan juga menjadi prioritas utama di sini
",https://x.com/ARA_GuestHouse,,0,0,1,1,0,1,0,,,https://www.booking.com/hotel/id/oyo-90828-ara-guest-house.id.html?aid=1893449&label=metagha-link-LUID-hotel-8051941_dev-desktop_los-1_bw-11_dow-Friday_defdate-0_room-0_gstadt-2_rateid-public_aud-0_gacid-21404703723_mcid-33_ppa-0_clrid-0_ad-1_gstkid-0_checkin-20250725_ppt-Tag_lp-2360_r-5344336605359457831&sid=233728113668e99909dd2ab41b784bea&all_sr_blocks=805194102_0_2_0_0&checkin=2025-09-08&checkout=2025-09-09&dest_id=8051941&dest_type=hotel&dist=0&group_adults=2&group_children=0&hapos=1&highlighted_blocks=805194102_0_2_0_0&hpos=1&matching_block_id=805194102_0_2_0_0&no_rooms=1&req_adults=2&req_children=0&room1=A%2CA&sb_price_type=total&sr_order=popularity&sr_pri_blocks=805194102_0_2_0_0__14936763&srepoch=1754915765&srpvid=99365895e1d309df&type=total&ucfs=1&,https://www.agoda.com/id-id/oyo-90828-ara-guest-house/hotel/malang-id.html?countryId=192&finalPriceView=1&isShowMobileAppPrice=false&cid=1917614&numberOfBedrooms=&familyMode=false&adults=2&children=0&rooms=1&maxRooms=0&checkIn=2025-08-12&isCalendarCallout=false&childAges=&numberOfGuest=0&missingChildAges=false&travellerType=1&showReviewSubmissionEntry=false&currencyCode=IDR&isFreeOccSearch=false&tspTypes=6&los=1&searchrequestid=4c78cbae-3a50-4d11-9dec-0e143f8060dd&ds=ud8sfX9OKrKPlUGU,,https://www.oyorooms.com/id/167633/?checkin=11%2F08%2F2025&checkout=12%2F08%2F2025&rooms=1&guests=2&rooms_config=1-2_0&selected_rcid=31,,
78,Homestay,ardhas homestay,"Jalan Panderman rt 1 rw 5, Oro-Oro Ombo, Kecamatan Batu, Kota Batu, Jawa Timur",-7.894063257,112.5327118,0815-1571-5541,,4,8,Layanan Kamar dengan jam terbatas,"- dekat dengan bns, skydome batu, jtp2",,,1,0,0,0,1,0,0,https://www.traveloka.com/id-id/hotel/indonesia/ardhas-homestay-3000010004383,,,,https://id.trip.com/hotels/batu-sub-district-hotel-detail-25659338/ardhas-homestay/,,,
79,Homestay,Family Homestay Arya,"Jl. Tvri No.36, Oro-Oro Ombo, Kec. Batu, Kota Batu, Jawa Timur 65316",-7.896058643,112.5321046,"85852686422, 0856-4645-9870",204.100 - 251.217,4,4,"Wi-Fi, Resepsionis 24 jam, Area parkir gratis, Shower, TV, Teras, Faks","- dekat dengan bns
- tamu dapat menikmati makan di rawon subuh makmur
- dekat dengan bandara abdul rachman saleh",,,1,1,0,0,0,0,0,https://www.traveloka.com/id-id/hotel/indonesia/family-homestay-arya-3000010031675,https://www.tiket.com/hotel/indonesia/family-homestay-arya-601001674439523996,,,,,,
80,Homestay,azalea homestay,"Jl. Panglima Sudirman Raya No.24a, Tlekung, Kec. Junrejo, Kota Batu, Jawa Timur 65327",-7.906070151,112.536657,,,6,6,"Parkir gratis, Dapur bersama, Kamar tamu dilengkapi TV layar datar dan dapur, Semua kamar memiliki kamar mandi bersama dengan shower dan amenitas kamar mandi gratis, Terdapat setrika","- dekat dengan bns, jtp 2, eco green park
- terdapat area lounge",,,0,1,0,0,1,0,0,,https://www.tiket.com/homes/indonesia/azalea-homestay-504001649918774839,,,https://id.trip.com/hotels/tlekung-hotel-detail-14201650/azalea-homestay/,,,
81,Homestay,citra homestay,"Jl. Srikoyo Jl. Puri Indah No.25 K3, Oro-Oro Ombo, Kec. Junrejo, Kota Batu, Jawa Timur 65316",-7.893753975,112.5404784,0813-3456-0405,648.375 - 720.000,3,3,"Kamar bebas rokok, Parkir gratis, Wi-Fi, Ruang tamu, Ruang makan, Halaman, Teras atau balkon, Dapur dilengkapi dengan kulkas, kompor, penanak nasi, ketel, dan peralatan makan, Lemari es, Smart TV, TV, Mesin cuci, Tirai anti tembus pandang, Toilet dengan bidet dan shower, Kamar mandi dengan shower, Sewa mingguan/bulanan tersedia","- dekat dengan batu night spectacular, balitjestro, jtp 1
- menawarkan akomodasi di Batu dengan akses ke lounge bersama, teras, serta dapur bersama.",https://www.instagram.com/citrahomestay_batu/,,0,1,1,0,0,0,0,,https://www.tiket.com/homes/indonesia/citra-homestay-batu-602001675671922543,https://www.booking.com/hotel/id/citra-homestay.id.html?aid=1893449&label=metagha-link-LUID-hotel-5750199_dev-desktop_los-1_bw-11_dow-Friday_defdate-0_room-0_gstadt-2_rateid-public_aud-0_gacid-21404703723_mcid-50_bc-AFe9tw_ppa-0_clrid-0_ad-1_gstkid-0_checkin-20250725_ppt-CgB_lp-2360_r-10020747945812529448&sid=5efc070815cedccc354adf76c7b90825&all_sr_blocks=575019901_221945107_5_0_0&checkin=2025-07-25&checkout=2025-07-26&dest_id=-2672159&dest_type=city&dist=0&group_adults=2&group_children=0&hapos=1&highlighted_blocks=575019901_221945107_5_0_0&hpos=1&matching_block_id=575019901_221945107_5_0_0&no_rooms=1&req_adults=2&req_children=0&room1=A%2CA&sb_price_type=total&sr_order=popularity&sr_pri_blocks=575019901_221945107_5_0_0__64837500&srepoch=1752480088&srpvid=947b3869b87401aa&type=total&ucfs=1&,,,,,
82,Homestay,darmo homestay,"Jl. Panderman No.250, Oro-Oro Ombo, Kec. Batu, Kota Batu, Jawa Timur 65316",-7.894099136,112.5322745,(021) 29707601,,2,3,"Layanan Kamar 24 jam, Area parkir, Parkir valet, Penitipan sepeda, Wi-Fi di area umum dan kamar, Internet kamar, Fasilitas komputer/internet, Teras, Late check-out, Aula, Toko, Mini market, TV, Pancuran, Pancuran dan bathtub terpisah, Dapur kecil, Penitipan jaket","- dekat dengan skydome batu, alun alun kota batu
- cocok untuk backpacker
- desain dan arsitektur yang cantik 
- pilihan yang tepat untuk solo traveling",,,1,0,0,0,1,0,0,https://www.traveloka.com/id-id/hotel/indonesia/darmo-homestay-room-3000010000718,,,,https://id.trip.com/hotels/batu-sub-district-hotel-detail-8344984/darmo-homestay-kota-batu/,,,
83,Homestay,Comfort Room at Darmo Homestay Vivi,"Jl. raya oro-oro ombo no 32, depan Jatim Park 2, Batu , Malang, Jawa Timur, Indonesia, 65316",-7.894683462,112.5305722,82141340874,,22,22,"Resepsionis 24 jam, Layanan Kamar 24 jam, Wi-Fi gratis (tersedia di kamar dan area umum), Area parkir tersedia, Kamar bebas rokok, Dapur kecil di dalam kamar, Lemari es, TV, Meja, Alat pemanas, Pancuran (shower) dan bathtub terpisah, Ruang keluarga, Teras rooftop","- dekat degnan salon, atm, toko oleh-oleh, supermarket, laundry swadaya",,,1,0,0,0,0,0,0,https://www.traveloka.com/id-id/hotel/indonesia/comfort-room-at-darmo-homestay-vivi-3000020009923,,,,,,,
84,Homestay,Dhea Homestay Kamaran,"Jl. Panderman, Oro-Oro Ombo, Kec. Batu, Kota Batu, Jawa Timur 65316",-7.894297451,112.5325655,"82257462686, 0857-7341-2999",,7,7,,,,,0,0,0,0,0,0,0,,,,,,,,
85,Homestay,homestay diksa ,"Jl. Panderman No.6, RT.1/RW.5, Oro-Oro Ombo, Kec. Batu, Kota Batu, Jawa Timur 65316",-7.894078115,112.5328784,"85257916818, 0812-1737-0035",605.15,7,7,,,https://www.instagram.com/villadiksa?igsh=MTV2Zm15dGxmajdlbA%3D%3D&sa=X&ved=0CJkCEMiuA2oXChMIkIa-vL28jgMVAAAAAB0AAAAAECc,,0,0,0,0,0,0,0,,,,,,,,
86,Homestay,Griya Andini Homestay dan Kost,"Depan RS Baptis Batu, Jl. Raya Tlekung No.30, Tlekung, Kec. Junrejo, Kota Batu, Jawa Timur 65327",-7.906330781,112.5367969,0856-4657-1145,,2,2,,,,,0,0,0,0,0,0,0,,,,,,,,
87,Homestay,Griya Asri Homestay,"Jl. Raya Oro-Oro Ombo No.2, Oro-Oro Ombo, Kec. Batu, Kota Batu, Jawa Timur 65316",-7.895023728,112.5334777,0853-3567-4895,,2,2,"Kamar dengan tempat tidur nyaman, Shower, Akses Wi-Fi gratis, Dapur lengkap (kompor, peralatan masak, dispenser), Ruang tamu, Ruang makan, Teras atau balkon, Area parkir gratis, TV","-  dekat denganThe Singhasari Resort & Convention Batu, kota batu Art Center, dan Lampion Garden (BNS)",,,0,0,0,0,1,0,0,,,,,https://id.trip.com/hotels/batu-sub-district-hotel-detail-48980090/homestay-griya-asri-two-bedroom/,,,
88,Homestay,guest house syariah nusaindah 2,"Jl. raya tlekung no 52, batu, malang, jawa timur, indonesia, 65327",-7.90836333,112.5384953,"0895-4139-61366, 0857-9289-0020",87.523 - 232.609,23,23,"Wi-Fi gratis, Parkir pribadi gratis, Alat pemanas, Area merokok, Area bebas asap rokok, Kamar dengan TV kabel, Meja, Kipas angin","- akomodasi dengan fasilitas baik dan kualitas pelayanan memuaskan
- dekat dengn bns, rumah sakit baptis batu, jtp 2
- Tempat-tempat menarik lokal seperti Gunung Panderman dan Agro Tourism Kusuma dapat dijangkau dalam jarak 5 km dan 6 km
",,https://guesthousenusaindahsyariah2.zoombookdirect.com/,1,0,1,1,0,0,0,https://www.traveloka.com/id-id/hotel/indonesia/guesthouse-nusa-indah-syariah-2-9000000736162,,https://www.booking.com/hotel/id/guesthouse-nusa-indah-syariah-2-kota-batu.id.html?aid=356980&label=gog235jc-1FCAsoaEIpZ3Vlc3Rob3VzZS1udXNhLWluZGFoLXN5YXJpYWgtMi1rb3RhLWJhdHVIElgDaGiIAQGYARK4ARfIAQzYAQHoAQH4AQKIAgGoAgO4Apij1MMGwAIB0gIkOGI5NDFjYjgtYjM0MS00NTQ1LWEzY2QtMWE1MjQyMWU2Y2Nj2AIF4AIB&sid=5efc070815cedccc354adf76c7b90825&all_sr_blocks=581058502_0_2_0_0&checkin=2025-07-25&checkout=2025-07-26&dest_id=-2672159&dest_type=city&dist=0&group_adults=2&group_children=0&hapos=1&highlighted_blocks=581058502_0_2_0_0&hpos=1&matching_block_id=581058502_0_2_0_0&no_rooms=1&req_adults=2&req_children=0&room1=A%2CA&sb_price_type=total&sr_order=popularity&sr_pri_blocks=581058502_0_2_0_0__10389837&srepoch=1752502683&srpvid=4650648c752d019a&type=total&ucfs=1&,https://www.agoda.com/id-id/guesthouse-nusa-indah-syariah-2/hotel/malang-id.html?cid=1844104&ds=E1%2BdNrb%2Bp7qNB3qA,,,,
89,Homestay,Super OYO 604 Cemara's Homestay,"Jl. Raya Oro-Oro Ombo No.429, Oro-Oro Ombo, Kec. Batu, Kota Batu, Jawa Timur 65316",-7.895965688,112.5338077,"85706399423, (021) 29707601",135.156 - 256.795,8,16,"Lemari pakaian modern, Tempat tidur twin single, TV, Wi-Fi gratis, Parkir gratis, Resepsionis dan manajer fasilitas 24 jam, Layanan kamar (room service), Layanan tata graha harian, Restoran, Perlengkapan mandi lengkap, Kamar mandi pribadi, Kamar bebas rokok, Dapur dan ketel listrik, Pembuat kopi/teh, Ruang keluarga, Kebun/halaman belakang, Penitipan barang, Kamera CCTV dan keamanan, Pemadam api dan kotak P3K, Daya cadangan (backup power)","- Terletak 3 km dari Museum Angkut dan 0,9 km dari Jawa Timur Park 2, 0,1 km dari bns
- OYO 604 Cemara’s Homestay telah memuaskan tamu sejak 18 Maret 2019",,,0,0,1,1,0,1,0,,,https://www.booking.com/hotel/id/cemaras-homestay.id.html?aid=1893449&label=metagha-link-LUID-hotel-3776404_dev-desktop_los-1_bw-11_dow-Friday_defdate-0_room-0_gstadt-2_rateid-dg_aud-0_gacid-21404703723_mcid-50_bc-ADmflA_ppa-0_clrid-0_ad-1_gstkid-0_checkin-20250725_ppt-GEdB_lp-2360_r-742556089106898572&sid=233728113668e99909dd2ab41b784bea&all_sr_blocks=377640404_401870398_2_0_0&checkin=2025-07-25&checkout=2025-07-26&dest_id=3776404&dest_type=hotel&dist=0&group_adults=2&group_children=0&hapos=1&highlighted_blocks=377640404_401870398_2_0_0&hpos=1&matching_block_id=377640404_401870398_2_0_0&no_rooms=1&req_adults=2&req_children=0&room1=A%2CA&sb_price_type=total&sr_order=popularity&sr_pri_blocks=377640404_401870398_2_0_0__28088827&srepoch=1753325602&srpvid=e350144a74250218&type=total&ucfs=1&,https://www.agoda.com/id-id/oyo-604-cemara-s-homestay/hotel/malang-id.html?countryId=192&finalPriceView=1&isShowMobileAppPrice=false&cid=1833981&numberOfBedrooms=&familyMode=false&adults=2&children=0&rooms=1&maxRooms=0&checkIn=2025-07-25&isCalendarCallout=false&childAges=&numberOfGuest=0&missingChildAges=false&travellerType=1&showReviewSubmissionEntry=false&currencyCode=IDR&isFreeOccSearch=false&los=1&searchrequestid=7abc6eb0-985d-44ea-abdd-ed2c126c1f73&ds=bpZ9dxzAekR9Sogc,,https://www.oyorooms.com/id/52826/?utm_source=Google_gmb_ID&utm_medium=Organic&utm_campaign=ID_BTU005&latitude=-7.89598&longitude=112.5338&locale=id,,
90,Homestay,homestay hasya,"Jl griya modern estate B14, Oro-Oro Ombo, Kec. Batu, Kota Batu, Jawa Timur 65316",-7.891280921,112.5391711,0814-5917-2210,,2,2,"Wi-Fi gratis, Properti bebas rokok, Parkir gratis, bak mandi, shower di beberapa kamar, Lemari es, mesin pembuat kopi di beberapa kamar, Kolam Renang dengan bak air panas","- dekat dengan bns, jtp 2, batu ciry square
- bandara terdekat yaitu abdul rachman saleh airpport dengan jarak 20km
- dilengkapi dapur kecil",,,1,0,0,1,0,0,0,https://www.traveloka.com/id-id/hotel/indonesia/homestay-hasya-3000020003528,,,https://www.agoda.com/id-id/homestay-hasya-h20039133/hotel/malang-id.html?countryId=192&finalPriceView=1&isShowMobileAppPrice=false&cid=1922865&numberOfBedrooms=&familyMode=false&adults=1&children=0&rooms=1&maxRooms=0&checkIn=2025-07-24&isCalendarCallout=false&childAges=&numberOfGuest=0&missingChildAges=false&travellerType=-1&showReviewSubmissionEntry=false&currencyCode=IDR&isFreeOccSearch=false&tag=af678d7c-23a5-4fb1-95d7-99f76d192a80&los=1&searchrequestid=6fb39951-095e-43f7-8d86-396b0333097b&ds=YKugnppPQXMuNmhI,,,,
91,Homestay,Soimah homestay,"Jl. Panderman No.5, Oro-Oro Ombo, Kec. Batu, Kota Batu, Jawa Timur 65316",-7.8942458,112.5329125,0822-3024-0600,,7,7,,"- harga terjangkau 
- dekat dengan wisata seperti bns, jtp1 dan jtp 2",https://www.instagram.com/teguh_sayudi87/,,0,0,0,0,0,0,0,,,,,,,,
92,Homestay,Tar Tar Homestay,"Jl. Kenanga No.27, Oro-Oro Ombo, Kec. Batu, Kota Batu, Jawa Timur 65316",-7.893673736,112.5323317,0812-3368-3483,,3,3,"Wi-Fi gratis di semua kamar, Dapur bersama, Parkir",- dekat degan museum angkut ,,,0,0,0,1,0,0,0,,,,https://www.agoda.com/id-id/tar-tar-homestay-h34562031/hotel/malang-id.html?countryId=192&finalPriceView=1&isShowMobileAppPrice=false&cid=1908339&numberOfBedrooms=&familyMode=false&adults=1&children=0&rooms=1&maxRooms=0&checkIn=2025-07-24&isCalendarCallout=false&childAges=&numberOfGuest=0&missingChildAges=false&travellerType=-1&showReviewSubmissionEntry=false&currencyCode=IDR&isFreeOccSearch=false&los=1&searchrequestid=ee4ae727-fcf3-4fe8-b7ec-9384a2b5b71b&ds=CNOhzopwQq4VELo0,,,,
93,Homestay,Yogi Homestay,"Jl. Kenanga No.5, Oro-Oro Ombo, Kec. Batu, Kota Batu, Jawa Timur 65316",-7.893371207,112.532642,(0341) 511057,,5,10,"Parkir gratis, Dapur, Penyewaan mobil, Area merokok","- dekat dengan batu secret zoo, bns, jtp, rumah sakit baptis batu, hypermart",,,0,0,0,1,0,0,0,,,,https://www.agoda.com/id-id/yogi-homestay/hotel/malang-id.html?locale=id-id&ckuid=251b4872-7526-48ea-bcb3-774fc36d6aae&prid=0&currency=IDR&correlationId=4a62cc7b-6cc1-4b06-9032-c82b96543cd7&analyticsSessionId=1033536760918487549&pageTypeId=7&realLanguageId=26&languageId=26&origin=ID&stateCode=JI&cid=1844104&userId=251b4872-7526-48ea-bcb3-774fc36d6aae&whitelabelid=1&loginLvl=0&storefrontId=3&currencyId=25&currencyCode=IDR&htmlLanguage=id-id&cultureInfoName=id-id&machineName=sg-pc-6g-acm-web-user-79d995976b-vc8ml&trafficGroupId=1&trafficSubGroupId=84&aid=130589&useFullPageLogin=true&cttp=4&isRealUser=true&mode=production&browserFamily=Chrome&cdnDomain=agoda.net&checkIn=2025-07-17&checkOut=2025-07-18&rooms=1&adults=2&childs=0&priceCur=IDR&los=1&textToSearch=Yogi+Homestay&productType=-1&travellerType=1&familyMode=off&ds=o3PbRLTq2pZzIlbV,,,,
94,Homestay,HOMESTAY ABANG YASIN,"Jalan Panderman No 25A, Oro oro Ombo Rt.1/Rw.4, Batu, Batu, Malang, Jawa Timur, Indonesia, 65316",-7.894527528,112.5302857,"81233809471, 0852-0430-9620",,9,9,"Wi-Fi gratis, Parkir gratis, Penitipan bagasi, Bebas rokok, Kamar mandi dengan shower, TV","- dekat dengan skydome batu, alun alun kota batu, shainaz cell",,,1,1,0,0,0,0,0,https://www.traveloka.com/id-id/hotel/indonesia/abang-yasin-homestay-9000003356306,https://www.tiket.com/hotel/indonesia/abang-yasin-homestay-411001637824588510,,,,,,
95,Homestay,Abas Homestay,"Jalan Mangga No. 18 Dusun Gondorejo, Oro-Oro Ombo, Kecamatan Batu, Oro-Oro Ombo, Kec. Batu, Kota Batu, Jawa Timur 65316",-7.892945036,112.538814,0812-3006-2282,,2,2,"Wi-Fi, Parkir, Taman, Pemadam api, Shower, Keamanan 24 jam",,,,0,1,0,0,0,0,0,,https://www.tiket.com/hotel/indonesia/abas-homestay-506001655775787724?adult=1&room=1&checkin=2025-08-13&checkout=2025-08-14&night=1,,,,,,
96,Homestay,homestay akbar 1,JL MANGGIS NO 27 RT 02 RW 05 ,-7.897313006,112.5280243,81216152794,,3,6,,,,,0,0,0,0,0,0,0,,,,,,,,
97,Homestay,AKBAR 3 Homestay,"jl. Tvri No.37, Oro-Oro Ombo, Kec. Batu, Kota Batu, Jawa Timur 65316",-7.8961977,112.531503,0895-4173-00072,,10,10,"Sarapan, Parkir gratis di tempat, Wi-Fi gratis, Layanan kamar, Kamar bebas rokok / bebas asap rokok, Kamar mandi pribadi dengan shower, TV layar datar / TV, Taman / kebun, Resepsionis 24 jam, Layanan sarapan bawa pulang, Layanan binatu, Ruang makan (Dining Room), Patio atau balkon",,,,0,1,1,1,0,0,1,,https://www.tiket.com/hotel/indonesia/reddoorz-villa-akbar-3-507001657096385430?hotelID=b7e9d15f-a9b2-4a52-9008-debd4208f868&checkin=2025-08-10&checkout=2025-08-11&adult=2&country=ID&device=desktop&isAat=true&utm_source=google-hotel&utm_term=b7e9d15f-a9b2-4a52-9008-debd4208f868&utm_medium=prf-ppc&utm_campaign=%5BMSA%5D-17283522910&utm_external=prf&gad_source=1&gad_campaignid=17283522910&gclid=Cj0KCQjwndHEBhDVARIsAGh0g3DF8xNv7_PUGuQdIrp57nBsEE8TH-i-uw9vai-9GXlh-L6KbmdBf0MaAhyyEALw_wcB,https://www.booking.com/hotel/id/villa-2-kamar-akbar-3.id.html?aid=1893449&label=metagha-link-LUID-hotel-4693317_dev-desktop_los-1_bw-2_dow-Sunday_defdate-0_room-0_gstadt-2_rateid-dg_aud-0_gacid-21404703723_mcid-50_bc-AEedRQ_ppa-0_clrid-0_ad-1_gstkid-0_checkin-20250810_ppt-GBdB_lp-2360_r-17823734189699960556&sid=98b24db824d9e3e0016ac2e934b51634&all_sr_blocks=469331704_383116050_0_0_0_839966&checkin=2025-08-10&checkout=2025-08-11&dest_id=4693317&dest_type=hotel&dist=0&group_adults=2&group_children=0&hapos=1&highlighted_blocks=469331704_383116050_0_0_0_839966&hpos=1&matching_block_id=469331704_383116050_0_0_0_839966&no_rooms=1&req_adults=2&req_children=0&room1=A%2CA&sb_price_type=total&sr_order=popularity&sr_pri_blocks=469331704_383116050_0_0_0_839966_12648600&srepoch=1754636076&srpvid=b42530959ea7085f&type=total&ucfs=1&,https://www.agoda.com/id-id/reddoorz-villa-akbar-3/hotel/malang-id.html?countryId=192&finalPriceView=1&isShowMobileAppPrice=false&cid=1917614&numberOfBedrooms=&familyMode=false&adults=2&children=0&rooms=1&maxRooms=0&checkIn=2025-08-10&isCalendarCallout=false&childAges=&numberOfGuest=0&missingChildAges=false&travellerType=1&showReviewSubmissionEntry=false&currencyCode=IDR&isFreeOccSearch=false&los=1&searchrequestid=889fd8c1-bb22-40a6-8c8c-ea80f6d1c12c&ds=HoENMMyKGrSGuXoR,,,https://www.reddoorz.com/id-id/hotel/indonesia/batu/batu/oro-oro-ombo/reddoorz-villa-akbar-3?check_in_date=10-08-2025&check_out_date=11-08-2025&rooms=1&sort_by=popular&order_by=desc&currency=idr&gha_source=true&guest=2,
98,Homestay,Alika Zahra Homestay,"Jl. Tvri, RT.3 RW3/RW.NO 459, Oro-Oro Ombo, Kec. Batu, Kota Batu, Jawa Timur 65316",-7.896193468,112.5299726,0812-4893-6224,,2,2,"Wi-Fi, Parkir gratis, Ruang tamu, Dapur, Pemadam api, Shower, Properti bebas asap rokok","- dapat menikmati makanan di Kebunmu
- dekat dengan bns, svb travel batu, jungle fast food
- mingguan/bulanan",https://www.instagram.com/zahrahomestay/,,1,1,0,0,0,0,0,https://www.traveloka.com/id-id/hotel/indonesia/homestay-syariah-alika-zahra-near-bns-two-bedroom-3000020013005,https://www.tiket.com/homes/indonesia/alika-zahra-homestay-syariah-609001694684377973,,,,,,
99,Homestay,Homestay Ardhana,"Jl. Kenanga No.190, Oro-Oro Ombo, Kec. Batu, Kota Batu, Jawa Timur 65316",-7.893866843,112.5282609,0822-3182-8439,,3,3,,"- dekat dengan jungle advanture
- dapat menikmati makan di Warung Mbok Sri",,,0,1,0,0,1,0,0,,https://www.tiket.com/homes/indonesia/ardhana-homestay-batu-507001656994649705,,,https://id.trip.com/hotels/batu-sub-district-hotel-detail-101138283/ardhana-homestay-batu/,,,
100,Homestay,BAROKAH HOMESTAY,"Jl. Panderman No.23, Oro-Oro Ombo, Kec. Batu, Kota Batu, Jawa Timur 65316",-7.894297044,112.5321494,0813-3126-3785,,3,3,,,,,0,0,0,0,0,0,0,,,,,,,,
101,Homestay,"Homestay Berkah ""NS""","Jl. Kenanga No.114, Oro-Oro Ombo, Kec. Batu, Kota Batu, Jawa Timur 65316",-7.893539336,112.530556,"81239634620, (0341) 599996",,3,3,,,,,0,0,0,0,0,0,0,,,,,,,,
102,Homestay,Homestay Kamaran Blessing,"Jl. Kenanga No.186, Oro-Oro Ombo, Kec. Batu, Kota Batu, Jawa Timur 65316",-7.893877878,112.5283919,81334242867,,5,5,"Wi-Fi gratis di semua kamar, Parkir gratis, Resepsionis 24 jam, Kedap suara, Layanan binatu, Pengantaran makanan, Wi-Fi gratis, TV kabel, Meja, Pancuran, TV, Parkir gratis, Resepsionis 24 jam, Layanan binatu, Kamar bebas asap rokok, Kedap suara, Pengantaran makanan, Air minum dalam botol","- dekat dengan atraksi dan opsi restoran menarik
- jarak ke pusat kota 1,5 km, bandara terdekat Bandara Abdul Rachman Saleh dengan jarak 20,8 km",,https://infovilamurahkotabatumalang.blogspot.com/?m=1,1,0,0,1,0,0,0,https://www.traveloka.com/id-id/hotel/indonesia/blessing-homestay-9000001071614,,,https://www.agoda.com/id-id/blessing-homestay/hotel/malang-id.html?cid=1844104&ds=Qe%2FrRgmqcEH6tPEI,,,,
103,Homestay,Ceria Homestay,"Jl. Kenanga No.105, Oro-Oro Ombo, Kec. Batu, Kota Batu, Jawa Timur 65316",-7.89360587,112.5311373,"82136887531, 0822-4545-5111",,4,4,,,,,0,0,0,0,0,0,0,,,,,,,,
104,Homestay,homestay danis,"JL. NANGKA NO.2 RT.03, RW02 ",-7.900510095,112.5318608,81334345876,,2,2,,,,,0,0,0,0,0,0,0,,,,,,,,
105,Homestay,Homestay Delima,"Jl. Tvri No.78, Oro-Oro Ombo, Kec. Batu, Kota Batu, Jawa Timur 65316",-7.898740657,112.5278744,"81331109835, 0822-3285-3353",,3,3,,,,,0,0,0,0,0,0,0,,,,,,,,
106,Homestay,DINI HOMESTAY,"Jl. Tvri No 15, RT.02/RW.03, Oro-Oro Ombo, Kec. Batu, Kota Batu, Jawa Timur 65316",-7.896215953,112.532341,0812-5235-2128,,10,10,"Area parkir, Layanan kamar dengan jam terbatas, Wi-Fi publik, Resepsionis 24 jam, Hewan peliharaan dibolehkan, Shower, TV","- menyediakan fasilitas memadai dan pelayanan yang tetap terjaga mutunya
- cocok untuk backpacker 
- dekat dnegan skydome batu",,,1,1,0,0,0,0,0,https://www.traveloka.com/id-id/hotel/indonesia/standard-room-at-dini-homestay-3000010005280,https://www.tiket.com/homes/indonesia/dini-homestay-412001638720898407,,,,,,
107,Homestay,Dinotiyo Homestay Batu Malang,"Jl. Kenangan No. 14 RT 1 RW 5, Oro-oro Ombo, Batu, Malang, Jawa Timur, Indonesia, 65316",-7.893948951,112.5323753,85230050705,,4,4,"Wi-Fi gratis, Area parkir, Resepsionis 24 jam, Antar jemput bandara, Ramah hewan peliharaan, Area merokok dan bebas asap rokok, Ruang keluarga & ruang TV, Dapur lengkap dan dapur kecil, Microwave, lemari es, minibar, Peralatan membuat kopi/teh, Shower & kamar mandi bersama, Peralatan mandi gratis, Pengering pakaian, Mesin cuci, Setrika dan meja setrika (berdasarkan permintaan), Ruang makan terpisah, Produk pembersih & air minum kemasan gratis, Karaoke dan layanan pijat, TV kabel, Layanan streaming (Netflix, HBO, Disney+, dll), Pemutar DVD, AC, kipas angin, pemanas ruangan, Meja tulis, gantungan baju, kelambu, seprai, Lemari pakaian dan brankas, Tempat tidur ekstra (biaya tambahan), Tempat tidur sofa, Ruang duduk terpisah","- lokasi strategis
- cocok untuk backpacker, solo traveler, dan liburan keluarga
- harga terjangkau fasilitas memadai
- fasilitas penunjang bisnis
- suasana tenang jauh dari keramaian, ",,,1,1,0,0,0,0,0,https://www.traveloka.com/id-id/hotel/indonesia/homestay-dinotiyo---four-bedroom-3000020001012,https://www.tiket.com/hotel/indonesia/homestay-dinotiyo-batu-malang-802001740485135039,,,,,,
108,Homestay,EMBUN PAGI HOMESTAY FAMILY,"Jl. Kenanga No.80, Oro-Oro Ombo, Kec. Batu, Kota Batu, Jawa Timur 65316",-7.893486964,112.5308403,0812-4961-5573,350.000 - 750.000,4,4,,,https://www.instagram.com/embunpagi_homestay/,,0,1,0,0,0,0,0,,https://www.tiket.com/hotel/indonesia/embun-pagi-homestay-301001579900134742,,,,,,
109,Homestay,Eva Homestay 2 Batu Malang,"Jl. Leci No.83, Oro-Oro Ombo, Kec. Batu, Kota Batu, Jawa Timur 65316",-7.8933569,112.5315792,"81385518196, 0813-3199-0955",,3,3,,,,,0,0,0,0,0,0,0,,,,,,,,
110,Homestay,homestay fortuna 1,"Jl. Panderman No.21, Oro-Oro Ombo, Kec. Batu, Kota Batu, Jawa Timur , Indonesia",-7.894351251,112.5322879,,,3,3,"Wi-Fi, Dapur, TV, Balkon, Parkir, Keamanan, Shower",,,,1,1,0,0,0,0,0,https://www.traveloka.com/id-id/hotel/indonesia/fortuna-homestay-1-9000001071114,https://www.tiket.com/homes/indonesia/fortuna-homestay-1-504001649657476335,,,,,,
111,Homestay,homestay fortuna 2,"Jl. Panderman No.25, Oro-Oro Ombo, Kec. Batu, Kota Batu, Jawa Timur 65316, Indonesia",-7.894345937,112.5321954,,,3,6,"Bebas rokok, Shower, Ruang tamu, Parkir, TV","- dekat dnegan skydome batu, shainaz cell, alun alun kota batu, bns",,,1,1,0,0,0,0,0,https://www.traveloka.com/id-id/hotel/indonesia/fortuna-homestay-2-9000005821494,https://www.tiket.com/homes/indonesia/fortuna-homestay-2-707001720525250716,,,,,,
112,Homestay,Green 28 Homestay,"Jl. Panderman No.28, Oro-Oro Ombo, Kec. Batu, Kota Batu, Jawa Timur 65316",-7.894335531,112.5307129,0812-1673-3978,,2,3,,,,,0,0,0,0,0,0,0,,,,,,,,
113,Homestay,Griya Pesona Homestay,"Jl. Panderman No.36A, RT.01/RW.04, Oro-Oro Ombo, Kec. Batu, Kota Batu, Jawa Timur 65316",-7.894390984,112.5301341,0822-5709-4138,,7,7,,,,,0,0,0,0,0,0,0,,,,,,,,
114,Homestay,Happy Homestay,"Jalan Mangga No.61, RT.01/RW.11, Dusun Gondorejo, Oro-Oro Ombo, Kec. Batu, Kota Batu, Jawa Timur 65316",-7.89289763,112.5386583,0858-5637-7878,,2,2,,,,,0,0,0,0,0,0,0,,,,,,,,
115,Homestay,Kahan Homestay,"Jl. Tvri No.2, Oro-Oro Ombo, Kec. Batu, Kota Batu, Jawa Timur 65316",-7.894633993,112.5330615,0822-5745-6600,160.000 - 200.000,7,7,"Wi-Fi gratis, Parkir gratis, Resepsionis 24 jam, Taman, Parkir yang aman, Layanan kamar, Rental sepeda dan mobil, Kedai kopi, Laundry, Minimarket dan toko oleh-oleh, Kamar bebas rokok, Fasilitas setrika dalam kamar","- bernuansa seperti rumah sendiri dengan dilengkapi kebun yang segar
- Interiornya simpel namun representatif
- dekat Batu Night Spectacular dan Wisata Petik Apel",,,1,1,0,1,0,0,0,https://www.traveloka.com/id-id/hotel/indonesia/comfort-room-at-penginapan-kahan-3000020007028,https://www.tiket.com/hotel/indonesia/penginapan-kahan-111001543189904019,,https://www.agoda.com/id-id/kahan-penginapan/hotel/malang-id.html,,,,
116,Homestay,Kenanga Homestay Kota Batu,"Jalan Kenangan No 29, RT 01/RW.07, Desa Oro Oro Ombo, Oro-Oro Ombo, 65316 Kecamatan Batu, Kota Batu, Jawa Timur",-7.893735307,112.532389,82115016789,,3,3,"Parkir gratis, Wi-Fi gratis di area umum, Rental mobil, Kamar mandi dengan shower",,,,0,0,0,0,0,0,0,,,,,,,,
117,Homestay,Homestay keysa,"Jl. Tvri No.51, Oro-Oro Ombo, Kec. Batu, Kota Batu, Jawa Timur 65316",-7.896162388,112.5305254,"82228214310, 0822-1078-1853",,3,3,,,,,0,0,0,0,0,0,0,,,,,,,,
118,Homestay,Super OYO 90642 Lancar Homestay Syariah,"Jl. Tvri III No.21, Oro-Oro Ombo, Kec. Batu, Kota Batu, Jawa Timur 60000",-7.897117336,112.5309697,(021) 29707601,74.635 - 566.500,10,10,"Manajer Fasilitas 24x7, TV, Kamera CCTV, Wi-Fi, Pembuat Kopi/Teh, Layanan Kamar, Pembersihan Harian, Rak Pakaian, Ruang Tamu, Dapur, Teras atau Balkon, Kulkas, Bola Voli, Opsi Menginap Mingguan/Bulanan","- terletak 3 km dari Museum Angkut dan 1 km dari Jawa Timur Park 2, berjarak 3 km dari Jawa Timur Park 3, 0,4 km dari Batu Night Spectacular (BNS),
- Tonton TV dan nikmati Geyser untuk mandi air hangat yang nyaman
- bersantai di furnitur luar ruangan kami
-  kenyamanan di meja samping tempat tidur/meja kerja dan sofa kami.",,,1,1,0,1,0,1,0,https://www.traveloka.com/id-id/hotel/indonesia/oyo-90642-lancar-homestay-syariah-3000020010850,https://www.tiket.com/homes/indonesia/lancar-villa-syariah-604001680331821000?room=1&adult=2&checkin=2025-07-25&checkout=2025-07-26&utm_source=google-hotel&searchSessionId=45F2254E-8E63-41C2-ADA4-209513454190&referrer=https%3A%2F%2Fwww.tiket.com%2Fhomes%2Fsearch%3FhotelID%3D1c04c8a2-bcd1-4042-963e-836294ed9a6a%26checkin%3D2025-07-25%26checkout%3D2025-07-26%26adult%3D2%26country%3DID%26device%3Ddesktop%26isAat%3Dtrue%26utm_source%3Dgoogle-hotel%26utm_term%3D1c04c8a2-bcd1-4042-963e-836294ed9a6a%26utm_medium%3Dprf-ppc%26utm_campaign%3D%255BMSA%255D-17283522910%26utm_external%3Dprf%26isRedirect%3Dtrue%26gad_source%3D1%26gad_campaignid%3D17283522910%26gclid%3DCj0KCQjw-NfDBhDyARIsAD-ILeAkoIHrfX1s5HlQvr7M9_hg-yDrWThXNRIEFK7pVDHlf0Ck6uXFTjUaAo9sEALw_wcB%26id%3Dlancar-villa-syariah-604001680331821000%26type%3DHOTEL&utm_page=searchResultPage,,https://www.agoda.com/id-id/lancar-homestay-syariah_2/hotel/malang-id.html?cid=1844104&ds=UX2zjridoc7wCHbi,,https://www.oyorooms.com/id/114828/?utm_source=Google_gmb_ID&utm_medium=Organic&utm_campaign=ID_BTU067&latitude=-7.89712&longitude=112.531&locale=id,,
119,Homestay,Lestari homestay,"Jl. Kenanga No.19, Oro-Oro Ombo, Kec. Batu, Kota Batu, Jawa Timur 65316",-7.893835101,112.5325339,0812-8350-4863,420,3,3,"Wi-Fi gratis, Area parkir, Resepsionis 24 jam","- dekat Batu Night Spectacular (BNS) berjarak sekitar 0,47 km dan Jawa Timur Park 2 berjarak sekitar 0,56 km",,,1,0,0,0,0,0,0,https://www.traveloka.com/id-id/hotel/indonesia/lestary-homestay---3-bedroom-9000000803317,,,,,,,
120,Homestay,LUSI HOMESTAY,"Jl. srikoyo, Perum Puri Indah Blok J1 No.13, RT.05/RW.12, Oro-Oro Ombo, Kec. Batu, Kota Batu, Jawa Timur 65316",-7.893803879,112.5407669,"81334114511, 0856-0606-7377",348.075,3,3,"Bathtub, Dapur kecil dan lemari es dalam kamar, Parkir berjaga, Wi-Fi gratis, Alat pemanas, Transportasi, Garasi, Area parkir, Wi-Fi di area umum, Early check-in, Meja, Pancuran, TV","- memberikan kemudahan untuk mengeksplorasi destinasi petualangan 
- cocok untuk backpaker
-  kualitas pelayanan oke dengan harga yang ramah di kantong
",,,1,1,0,0,0,0,0,https://www.traveloka.com/id-id/hotel/indonesia/comfort-stay-at-lusi-homestay-3000020016485,https://www.tiket.com/hotel/indonesia/comfort-stay-at-lusi-homestay-706001718236201149,,,,,,
121,Homestay,homestay mandiri,"Puri indah blok h3, RT.9, Oro-Oro Ombo, Kec. Batu, Kota Batu, Jawa Timur 65316",-7.89400118,112.5426581,0813-3362-1058,,2,2,,,,,0,0,0,0,0,0,0,,,,,,,,
122,Homestay,homestay mangga asri,"Jl. Tvri No.47, Oro-Oro Ombo, Kec. Batu, Kota Batu, Jawa Timur 65316",-7.896205514,112.5306853,"81334809958, 0881-6294-436",,3,3,,,,,0,0,0,0,0,0,0,,,,,,,,
123,Homestay,MATAHARI Homestay Private Pool,"Jl. Kenanga No.180a, Oro-Oro Ombo, Kec. Batu, Kota Batu, Jawa Timur 65316",-7.893744707,112.5284462,0822-4517-9118,,2,2,"Wi-Fi gratis, Kolam Renang, Parkir gratis, Dapur, Ruang keluarga, Shower, TV",,https://www.instagram.com/mataharihomestaybatu?igshid=NGExMmI2YTkyZg%3D%3D,,1,0,0,0,0,0,0,https://www.traveloka.com/id-id/hotel/indonesia/affordable-room-at-matahari-homestay-3000020003834,,,,,,,
124,Homestay,"Mocestay","l. Panderman No.38, Oro-Oro Ombo, Kec. Batu, Kota Batu, Jawa Timur 65316",-7.894369664,112.5297736,81233843741,,2,2,,,https://www.instagram.com/mocehomestaykota/,,0,0,0,0,0,0,0,,,,,,,,
125,Homestay,"homestay MY TRIP ROOM ","JL. PISANG NO.3, RT03, RW10, Oro-Oro Ombo, Kec. Batu, Kota Batu, Jawa Timur",-7.908878936,112.5250669,81333495051,,2,2,,,,,0,0,0,0,0,0,0,,,,,,,,
126,Homestay,Homestay NEW PANORAMA,"Jl. Gondorejo No.911, Oro-Oro Ombo, Kec. Batu, Kota Batu, Jawa Timur 65316",-7.893442247,112.5370297,0812-3537-537,,5,5,,"- sangat dekat dengan beberapa taman hiburan, 1 menit ke Batu Night Spectacular, 4 menit ke Jatim Park 2, 6 menit ke Jatim Park 3, 10 menit ke Kusuma Agro, 8 menit ke Museum Angkut, 11 menit ke Alun-Alun Batu, dan 12 menit ke Coban Rais",,,0,0,0,0,0,0,0,,,,,,,,
127,Homestay,nindy homestay,"Desa Oro-Oro Ombo, Dresel, Oro-Oro Ombo, Kec. Batu, Kota Batu, Jawa Timur 65316",-7.892930769,112.5334069,82142187916,,4,4,,,,,0,0,0,0,0,0,0,,,,,,,,
128,Homestay,Nita Homestay Batu,"Jl. Panderman No.28, Oro-Oro Ombo, Kec. Batu, Kota Batu, Jawa Timur 65316",-7.894329793,112.5307247,"85755019775, 0812-3225-6186",,4,4,,,,,0,0,0,0,0,0,0,,,,,,,,
129,Homestay,Novi Homestay,"Jl. Panderman Desa No.03, Oro-Oro Ombo, Kec. Batu, Kota Batu, Jawa Timur 65316",-7.894235068,112.5330092,0856-4974-9058,,10,15,"Wi-Fi gratis, Parkir gratis, Kamar non-AC",,,,0,1,0,0,0,0,0,,https://www.tiket.com/hotel/indonesia/novi-homestay-306001593179381219,,,,,,
130,Homestay,homestay rachel,"Jl. Kenanga No.192, Oro-Oro Ombo, Kec. Batu, Kota Batu, Jawa Timur 65316",-7.893781702,112.5281864,0821-3233-8951,,3,3,"Wi-Fi gratis, Kolam Renang, Parkir gratis, Resepsionis 24 jam, Dapur, Penitipan barang, Layanan binatu, Kamar bebas asap rokok",,,,0,1,0,1,0,0,0,,https://www.tiket.com/hotel/indonesia/villa-rachel-homestay-511001669034361222,,https://www.agoda.com/villa-rachel-homestay/hotel/malang-id.html?cid=1844104&ds=hmFtY8b2V8DAKD1D,,,,
131,Homestay,revansah homestay,"Jl. Kenanga No.169, Oro-Oro Ombo, Kec. Batu, Kota Batu, Jawa Timur 65316",-7.893953184,112.5293299,"81231275532, 0822-4443-1675",,3,3,,,,,0,0,0,0,0,0,0,,,,,,,,
132,Homestay,homestay sekar arum,"Jl. Kenanga No. 162 Dusun Krajan Rt.01 / Rw. 06, Desa Oro Oro Ombo, Kota Batu",-7.893716043,112.5291462,,,15,15,"Tour guide, Air hangat, Kolam Renang, Karaoke, Minibar, Wi-Fi, Billiard",,,,0,0,0,0,0,0,0,,,,,,,,
133,Homestay,Home Stay SURYA,"Gg. 4 No.34, Oro-Oro Ombo, Kec. Batu, Kota Batu, Jawa Timur 65316",-7.896845909,112.5286969,85336190290,,5,5,,,,,0,0,0,0,1,0,0,,,,,https://id.trip.com/hotels/batu-sub-district-hotel-detail-10021152/homestay-surya/,,,
134,Homestay,Homestay Susi,"Jl. Durian No.25, Oro-Oro Ombo, Kec. Batu, Kota Batu, Jawa Timur 65316",-7.897191889,112.5306922,0822-3173-0332,,4,4,,,,,0,0,0,0,0,0,0,,,,,,,,
135,Homestay,HOMESTAY SYARIAH CEMPAKA,"Jl. Tvri No.9, RT.03/RW.02, Oro-Oro Ombo, Kec. Batu, Kota Batu, Jawa Timur 65316",-7.8965752,112.5274828,0856-4653-1548,409.500 - 505.400,4,4,"Fasilitas BBQ, Kamar ber-AC dan meja, Bathtub, TV kabel, Pemutar DVD, Pengering rambut, Dapur kecil, Lemari es, Pancuran, TV, Barbecue, Taman, Karaoke, Aktivitas outdoor, Ruang keluarga, Alat pemanas, Teras rooftop, Bebas rokok, Teras, Garasi, Wi-Fi gratis, Area parkir",,,,1,1,0,0,0,0,0,https://www.traveloka.com/id-id/hotel/indonesia/homestay-syariah-cempaka---three-bedroom-3000010041574,https://www.tiket.com/hotel/indonesia/homestay-syariah-cempaka-three-bedroom-509001662939245198,,,,,,
136,Homestay,homestay thalita,"Jl. Hayam Wuruk No.24, Kota Batu ",-7.896035327,112.5340545,82257456600,,6,6,"Wi-Fi gratis, Parkir gratis, Kamar mandi dengan shower, Teras atau balkon, Penitipan bagasi, Resepsionis 24 jam, Wi-Fi publik",,,,0,1,0,0,0,0,0,,https://www.tiket.com/hotel/indonesia/thalita-homestay-303001583469160615,,,,,,
137,Homestay,homestay tiga putra,"Jl. Mangga Gg. III No.40, Oro-Oro Ombo, Kec. Batu, Kota Batu, Jawa Timur 65316",-7.892905639,112.5387185,"85749687978, 0813-3189-8901",,3,3,,,,,0,1,0,0,0,0,0,,https://www.tiket.com/homes/indonesia/3-putra-homestay-506001656190226581,,,,,,
138,Homestay,homestay tribuana,"Jl. Kenanga No.180a, Oro-Oro Ombo, Kec. Batu, Kota Batu, Jawa Timur",-7.893873173,112.5285676,81230422461,,3,3,"Wi-Fi publik, Alat pemadam api, Parkir gratis, TV, Pembuat kopi dan teh",,,,0,1,0,0,0,0,0,,https://www.tiket.com/homes/indonesia/villa-tribuana-homestay-506001654586131176,,,,,,
139,Homestay,homestay villix,"Jl. Tvri No.03, Oro-Oro Ombo, Kec. Batu, Kota Batu, Jawa Timur 65316",-7.895672656,112.5331498,0858-1723-9918,1.500.000⁣ - 3.000.000⁣,4,4,"1 rumah dengan 2 lantai, Ruang tamu, TV LED, 5 kamar tidur, 3 kamar mandi, Water heater dan shower, Dapur dan peralatan masak, Balkon dan ruang bersama, Free parking area","lokasinya yang sangat strategis karena sangat dekat dengan Batu Night Spectaculer (BNS) dan juga wisata lain seperti Jawa Timur Park 2, Batu Flower Garden Coban Rais serta Jawa Timur Park 3.⁣",,,0,0,0,0,1,0,0,,,,,https://id.trip.com/hotels/batu-sub-district-hotel-detail-28575733/comfy-room-in-batu-at-vilix-homestay/,,,
140,Homestay,homestay wetta,"Jl. Tvri No.544, Oro-Oro Ombo, Kec. Batu, Kota Batu, Jawa Timur 65316",-7.896009956,112.5303253,0851-0655-0058,,3,3,,,,,0,0,0,0,0,0,0,,,,,,,,
141,Homestay,homestay yuni,"Jl. Oro-Oro Ombo No.9, Oro-Oro Ombo, Kec. Batu, Kota Batu, Jawa Timur 65316",-7.892220305,112.5331831,82132323501,,2,22,"Parkir gratis, Layanan kamar 24 jam, Layanan binatu, Area merokok, Ruang bersama/area TV, Pengantaran makanan, Air minum dalam botol, Bahasa Inggris",,,,0,1,0,1,0,0,0,,https://www.tiket.com/hotel/indonesia/yuni-homestay-508001660631860718,,https://www.agoda.com/id-id/yuni-homestay/hotel/malang-id.html,,,,
142,Homestay,IDA family Homestay,"BNS, Jl. Gondorejo No.13, Oro-Oro Ombo, Kec. Batu, Kota Batu, Jawa Timur 65316",-7.8939847,112.5339401,0881-0360-23811,,2,2,"Wi-Fi gratis, Parkir, Lemari es",,,,0,1,0,0,0,0,0,,https://www.tiket.com/hotel/indonesia/ida-homestay-506001655315699658,,,,,,
143,Homestay,Iedha Homestay Batu,"Jl. Alpukat No.21, Oro-Oro Ombo, Kec. Batu, Kota Batu, Jawa Timur 65316",-7.898933259,112.5288117,0852-3050-9852,,6,6,"Parkir gratis, Ruang tamu, Shower, TV, Wi-Fi gratis, Front desk 24 jam, Laundry, Kamar bebas asap rokok, Kedap suara, Pengantaran makanan, Air minum dalam botol","berjarak sejauh 1,4 km dari Batu Night Spectacular (BNS)",,,0,1,0,1,0,0,0,,https://www.tiket.com/homes/indonesia/iedha-homestay-batu-508001661240012024,,https://www.agoda.com/en-za/iedha-homestay-batu/hotel/malang-id.html?cid=1844104&ds=kCZjCTUWBG4tqgEH,,,,
144,Homestay,JESTRO GUEST HOUSE,"Jl. Raya Tlekung No.1, Tlekung, Kec. Junrejo, Kota Batu, Jawa Timur 65236",-7.9048757,112.5360329,0813-3337-7401,250.000 - 350.000,11,12,"Kamar mandi nyaman dengan water heater, Peralatan mandi lengkap, Air panas dengan kopi/teh, Sarapan (2 orang), Jogging track, Self service hospitality, Free petik buah (jika musim panen)","- Hanya 3 menit ke Batu Night Spectacular (BNS)
- 5 Menit ke Jawa Timur Park 2 (Museum Satwa, Secret Zoo) dan Eco Green Park.
- 10 Menit ke Alun - alun Kota Batu",,https://kpricitrus.com/guest-house/,0,0,0,0,0,0,0,,,,,,,,
145,Homestay,Guest house syariah KaGami,"Jl TVRI puden 1, Oro-Oro Ombo, Kota Batu, Jawa Timur",-7.896558593,112.5326414,85331215552,157.084 - 177.574,12,15,"Wi-Fi gratis, TV layar datar, AC (termasuk di area umum), Pemanas air, Shower & kamar mandi pribadi, Kamar bebas asap rokok, Pemandangan kota, Rooftop, Musholla, Parkir gratis di tempat, Resepsionis 24 jam, Layanan kebersihan harian, Disinfeksi harian di semua kamar, Pengantaran makanan","- harga terjangkau 
- lokasi strategis kenyamanan dan fasilitas lengkap 
- cocok untuk berbagai kalangan",https://www.instagram.com/kagami.guesthouse/?hl=id,,0,0,1,1,0,0,1,,,https://www.booking.com/hotel/id/reddoorz-syariah-near-batu-night-spectacular.id.html?aid=356980&label=gog235jc-1FCAsoaEIscmVkZG9vcnotc3lhcmlhaC1uZWFyLWJhdHUtbmlnaHQtc3BlY3RhY3VsYXJIElgDaGiIAQGYARK4ARfIAQzYAQHoAQH4AQKIAgGoAgO4AozU3MMGwAIB0gIkNzc4Nzg0YjQtMjUwOS00YTUxLThiZDQtYzlkMGIzM2UzNGVm2AIF4AIB&sid=5efc070815cedccc354adf76c7b90825&age=0&all_sr_blocks=500248001_383115216_0_0_0_839874&checkin=2025-07-25&checkout=2025-07-26&dest_id=-2686378&dest_type=city&dist=0&group_adults=2&group_children=0&hapos=1&highlighted_blocks=500248001_383115216_0_0_0_839874&hpos=1&matching_block_id=500248001_383115216_0_0_0_839874&no_rooms=1&req_adults=2&req_children=0&room1=A%2CA&sb_price_type=total&sr_order=popularity&sr_pri_blocks=500248001_383115216_0_0_0_839874_20849400&srepoch=1752640018&srpvid=1a811f462d8a0294&type=total&ucfs=1&,https://www.agoda.com/id-id/reddoorz-syariah-near-batu-night-spectacular/hotel/malang-id.html?cid=1844104&ds=YE6X4fXLby%2BcOn7z,,,https://www.reddoorz.com/id-id/hotel/indonesia/batu/batu/oro-oro-ombo/reddoorz-syariah-near-batu-night-spectacular,
146,Homestay,Khania Homestay,"Jl. Raya Oro-Oro Ombo No.20, Oro-Oro Ombo, Kec. Batu, Kota Batu, Jawa Timur 65316",-7.892769136,112.5332055,"85646679472, 0822-5707-0850",,8,8,"Wi-Fi gratis, Parkir gratis, Resepsionis 24 jam, Indonesia CARE, TV kabel, Shower, Teras atau balkon, Layanan binatu",,https://www.instagram.com/penginapan_khaniahomestay_batu/,,0,1,0,1,0,0,0,,https://www.tiket.com/hotel/indonesia/khania-homestay-306001593190605218,,https://www.agoda.com/id-id/khania-homestay/hotel/grajagan-id.html?cid=1844104,,,,
147,Homestay,kiki homestay,"jl. tvri Gg. I No.1, RT.02/RW.03, Oro-Oro Ombo, Kec. Batu, Kota Batu, Jawa Timur 65316",-7.896177349,112.532786,85815588602,,5,5,"Parkir gratis, Wi-Fi gratis",,,,0,1,0,1,0,0,0,,https://www.tiket.com/hotel/indonesia/kiki-homestay-syariah-412001639107697722,,https://www.agoda.com/en-au/kiki-homestay-syariah/hotel/malang-id.html?cid=1844104&ds=SwIcNllAnCZxgf7Y,,,,
148,Homestay,Ling RedPartner ,"Jl. Tvri No.5, Oro-Oro Ombo, Kec. Batu, Kota Batu, Jawa Timur 65316",-7.895848864,112.5330607,0895-4173-00072,106.992 - 136.890,13,26,"Wi-Fi gratis, parkir gratis (termasuk parkir pribadi), resepsionis 24 jam, penitipan barang, kebun, layanan binatu, penyewaan sepeda, kamar bebas asap rokok, TV layar datar, kamar mandi pribadi dengan shower, handuk.",Lokasi properti yang strategis,,,0,1,1,1,0,0,1,,https://www.tiket.com/hotel/indonesia/ling-homestay-803001741286154736,https://www.booking.com/hotel/id/ling-homestay.id.html?aid=356980&label=gog235jc-1FCAsoaEINbGluZy1ob21lc3RheUgSWANoaIgBAZgBErgBF8gBDNgBAegBAfgBAogCAagCA7gCit_cwwbAAgHSAiQ1M2NhM2FlNi05ODQxLTRhMzktODhlYi0wMmM2NGZmNTdjN2HYAgXgAgE&sid=5efc070815cedccc354adf76c7b90825&age=0&all_sr_blocks=562214802_410085003_0_0_0_1094274&checkin=2025-07-25&checkout=2025-07-26&dest_id=-2700850&dest_type=city&dist=0&group_adults=2&group_children=0&hapos=1&highlighted_blocks=562214802_410085003_0_0_0_1094274&hpos=1&matching_block_id=562214802_410085003_0_0_0_1094274&no_rooms=1&req_adults=2&req_children=0&room1=A%2CA&sb_price_type=total&sr_order=popularity&sr_pri_blocks=562214802_410085003_0_0_0_1094274_13689000&srepoch=1752641423&srpvid=483d22059a8d0337&type=total&ucfs=1&,https://www.agoda.com/id-id/ling-homestay/hotel/malang-id.html?cid=1844104&ds=Ls%2F9W0pi3lCVaiKS,,,https://www.reddoorz.com/id-id/hotel/indonesia/batu/batu/oro-oro-ombo/ling-redpartner-near-jawa-timur-park-2?utm_campaign=webclick&utm_medium=mybusiness&utm_source=google,
149,Homestay,Mentari Homestay,"Jl. Gondorejo No.19, RT.1/RW.5, Oro-Oro Ombo, Kec. Batu, Kota Batu, Jawa Timur 65316",-7.893830565,112.5351114,"81230913677, 0821-3194-0766",,3,3,,,,,0,0,0,0,0,0,0,,,,,,,,
150,Homestay,midi homestay,"Jalan Mangga G1 Desa No.9A, Jl. Mangga G1 Desa No.9A, Oro-Oro Ombo, Kec. Batu, Kota Batu, Jawa Timur 65316",-7.893722472,112.5336956,0812-3138-9809,131.000 - 200.000,5,5,"Wi-Fi gratis, parkir gratis, resepsionis, balkon, bebas rokok di semua ruangan.",,,,0,1,1,1,0,0,0,,https://www.tiket.com/hotel/indonesia/midi-homestay-room-412001639125857478,https://www.booking.com/hotel/id/midi-homestay-kota-batu.id.html?aid=1893449&label=metagha-link-LUID-hotel-12974439_dev-desktop_los-1_bw-9_dow-Friday_defdate-0_room-0_gstadt-2_rateid-public_aud-0_gacid-21404703723_mcid-50_bc-AMX5Zw_ppa-0_clrid-0_ad-1_gstkid-0_checkin-20250725_ppt-B_lp-2360_r-11159483108895815439&sid=5efc070815cedccc354adf76c7b90825&all_sr_blocks=1297443901_402654770_2_0_0&checkin=2025-07-25&checkout=2025-07-26&dest_id=12974439&dest_type=hotel&dist=0&group_adults=2&group_children=0&hapos=1&highlighted_blocks=1297443901_402654770_2_0_0&hpos=1&matching_block_id=1297443901_402654770_2_0_0&no_rooms=1&req_adults=2&req_children=0&room1=A%2CA&sb_price_type=total&sr_order=popularity&sr_pri_blocks=1297443901_402654770_2_0_0__13104000&srepoch=1752642438&srpvid=d7cd2400e44301d7&type=total&ucfs=1&,https://www.agoda.com/id-id/midi-homestay-room/hotel/malang-id.html?countryId=192&finalPriceView=1&isShowMobileAppPrice=false&cid=1918349&numberOfBedrooms=&familyMode=false&adults=2&children=0&rooms=1&maxRooms=0&checkIn=2025-07-25&isCalendarCallout=false&childAges=&numberOfGuest=0&missingChildAges=false&travellerType=1&showReviewSubmissionEntry=false&currencyCode=IDR&isFreeOccSearch=false&los=1&searchrequestid=745da046-1639-471f-b214-ad6abb983971&ds=HSi9ku2lusJYtPqZ,,,,
151,Homestay,Nella House,"Jl. Gondorejo No.56, RT.02/RW.XI, Oro-Oro Ombo, Kec. Batu, Kota Batu, Jawa Timur 65316",-7.892073443,112.540349,0856-4821-6490,,5,5,"Wi-Fi gratis, parkir gratis, lemari es/kulkas, TV kabel, shower, dapur bersama, sarapan, layanan binatu, kamar bebas asap rokok, ruang bersama/area TV, pengantaran makanan, teras atau balkon.",,,,0,1,0,1,0,0,0,,https://www.tiket.com/homes/indonesia/nella-homestay-503001647847590516,,https://www.agoda.com/id-id/nella-homestay/hotel/malang-id.html?cid=1844104&ds=qBEeENR8aEtTPWo%2F,,,,
152,Homestay,Nurya Homestay Kota Batu,"Jl. Panderman No.36, Oro-Oro Ombo, Kec. Batu, Kota Batu, Jawa Timur 65316",-7.894180243,112.5318028,0812-5255-3823,,3,3,,,,,0,0,0,0,0,0,0,,,,,,,,
153,Homestay,GUEST HOUSE PALEM ASRI,"jl. Gondorejo, Oro-Oro Ombo, Kec. Batu, Kota Batu, Jawa Timur 65316",-7.893954257,112.5350822,0813-3356-9300,189.831 - 500.000,15,15,"taksi, dan antar jemput lokal. Tamu juga dapat menikmati fasilitas kolam renang, restoran, taman, ruang TV bersama, serta area rooftop yang menyuguhkan pemandangan. Beberapa kamar dilengkapi AC, alat pemanas, TV kabel, meja, dan pancuran. Suasana penginapan pun mendukung kenyamanan dengan area bebas asap rokok, area merokok yang terpisah, serta layanan penitipan barang dan pemesanan tur atau tiket bagi tamu yang ingin berwisata.",,,https://palemasriguesthousebatu.com/en-gb/,1,1,0,1,0,0,0,https://www.traveloka.com/id-id/hotel/detail?spec=25-07-2025.26-07-2025.1.1.HOTEL.3000010003241.Palem%20Asri%20Guest%20House%20Syariah.2&contexts=%7B%22accessCode%22%3A%2290975GHAD1305desktop%22%2C%22metasearchRequestId%22%3A%2235058a97-f934-4be9-b320-816c64c54414%22%2C%22inventoryRateKey%22%3A%22povEwB3ZzsU2C6pd%2B6MdU%2B0DXZ%2BT%2Bqw8uON7NhQf%2Ft5np8CRWv8AMCTjMnf84xFufwxXnYiRzoxM4HX9sDmt9%2FAm1AYn3MeGz8Xcpq5hCtgkoYhCABuc4UBUJdDpIzcBkjYFe7E9Hsd3uMKwzSkUl5pNkVNrbZlWauR9OJSMSOg3Ecwbn2%2F2IuOUXTOX6qJUNjaINRyWXj61jAOR59NnuI%2BbdPKyeEcnUCrwiPsukDU4xJaQCNZd7Dm9H%2BzKz3SoHlBcSNHFk%2B6M%2Bed81rVbweEHGIhg0KJ7gZAJpw17ItAcEtGPm1fxqcNnBgMR8yyWfr0JetwTLoAw%2BDUqcOVIe7lS81%2FL314%2BEun2%2FX6YDWjHWF0oikqVBbEeaqI7v8GTcobv2sM7J0Fdi71F%2BMaPuJZ%2F4BcR1dMJZnHguitAKG52oXq3NKH%2BUBSfYHlHmQ50mEAQvSMnVoIA9pZMtQ8Zeysw8W1okYhx17mwgsTYuDua6RjhZ%2B%2F6QV25zuEEdvqmefho0o7KgbsmK2jlIeR2OjRtcdHHo%2FAWwEPDHg90N1R9O21BdVMumhKJ1LZWTYhAqtovf7l7Wh6O7acT8Ie56zkjUbMpMwoD8bDdfSrNvYejJhdEEziI4Xl3iRJYHk49Az27Z1pwj8m%2BElAgWVy8%2FPDc29iidg%2BryzmAw6a23OH3vhDCUrqj6uDzIsL2VFGixfH2bKUpSjEuA6nReUpwnoNpHyMob8pzGm%2BV6DCotdm4lV6YSS5Tso4kjBqOeJ7xFNPey1P2y0SHQcywexj%2FYBqoKaN%2FRXEwNWlxuPDGjQUqbNxpkkKDcfGBBfT%2BSpQfujBK8HL%2BZhz6IjEsBaXSHWkervjyMh%2BIaj9g0F7KwkN27V862wvMObkb6MyjADcNZ4d%2BXTHeHbxezq%2BT5G0TpDjM4fcNDUGm2KTQnR%2B%2B4j%2Fmdzz3OEdJT6J8wrA4WtZrA7ZzcWkieGDU0HUjfYhwcMzNWv9vu%2FKYIsQrmygVowMsAaQzL%2FDGIwBfFEiQsKdJQ17UV97xzHSXoK%2B%2BdT0D1S3%2FGcYEfjIJ%2F6wLIlMev%2FqL%2FzdtxTLsjVK3kvoNJLz0%2FnS2BaZupUnoIyHBclTRedFb%2F3c27QlVbCF4NcgKlrbfuv7kEENvbU%2FhIon90pw%2B5HHaxEsmHmxnlBUOq4CNOQO4Pwy%2FL%2Bsph9%2FXG9jou8irRYws%2FQVweWmEa9ZMjCr28Uss3tUFqZb1Uh5zPP4UoeYryJlIhiBxgf2f5Ym1Spc%3D%22%7D&loginPromo=1&prevSearchId=1837779600550154554&mToken=Pwa6JSbybtz1i75xGIFvxI4MVSsz%2FSndnzNBJtRqz3P6EBmT91i12asjiEKXRQTjupzK%2FtunC0xJMKpWd9hhXQ%3D%3D&metasearchRateId=IDUsers,https://www.tiket.com/homes/indonesia/palem-asri-guest-house-syariah-509001662804431781,,https://www.agoda.com/id-id/palem-asri-guesthouse-syariah/hotel/malang-id.html?countryId=192&finalPriceView=1&isShowMobileAppPrice=false&cid=1917614&numberOfBedrooms=&familyMode=false&adults=2&children=0&rooms=1&maxRooms=0&checkIn=2025-07-25&isCalendarCallout=false&childAges=&numberOfGuest=0&missingChildAges=false&travellerType=1&showReviewSubmissionEntry=false&currencyCode=IDR&isFreeOccSearch=false&los=1&searchrequestid=72499609-3e02-4669-ae29-d7819c89a19c&ds=ToNNijYiQnrfy4G5,,,,
154,Homestay,penginapan ani,"Jl. Raya Oro-Oro Ombo Jl. Tvri No.3A, Oro-Oro Ombo, Kec. Batu, Kota Batu, Jawa Timur 65316",-7.894744479,112.5330499,0822-4545-5111,170.883,5,5,"Wi-Fi gratis, parkir gratis, resepsionis 24 jam, restoran, layanan kamar dengan jam terbatas, penitipan barang, TV kabel, shower, water heater.",,https://www.instagram.com/penginapan.ani/,,1,0,0,0,0,0,0,https://www.traveloka.com/id-id/hotel/detail?spec=25-07-2025.26-07-2025.1.1.HOTEL.3000010005788.Deluxe%20Room%20at%20Ani%20Homestay.2&contexts=%7B%22accessCode%22%3A%2290975GHAD1305desktop%22%2C%22metasearchRequestId%22%3A%221636ef80-109c-4827-b8a8-c6bbd93ce0b7%22%2C%22inventoryRateKey%22%3A%22povEwB3ZzsU2C6pd%2B6MdU13LUNuufACdbU0usK5vg0eWO87KyUpyZGvVtyYptfDhfwxXnYiRzoxM4HX9sDmt9%2FAm1AYn3MeGz8Xcpq5hCtgkoYhCABuc4UBUJdDpIzcBkjYFe7E9Hsd3uMKwzSkUl5pNkVNrbZlWauR9OJSMSOgTUF8uPIIQL0rCSb9XNHrUkdfFG%2FeYBFV2RpMYStRTFI%2BbdPKyeEcnUCrwiPsukDU4xJaQCNZd7Dm9H%2BzKz3SoHlBcSNHFk%2B6M%2Bed81rVbweEHGIhg0KJ7gZAJpw17ItAcEtGPm1fxqcNnBgMR8yyWfr0JetwTLoAw%2BDUqcOVIe7lS81%2FL314%2BEun2%2FX6YDWjHWF0oikqVBbEeaqI7v8GTcobv2sM7J0Fdi71F%2BMaPuJZ%2F4BcR1dMJZnHguitAKG52oXq3NKH%2BUBSfYHlHmQ50mEAQvSMnVoIA9pZMtQ8Zeysw8W1okYhx17mwgsTYuDua6RjhZ%2B%2F6QV25zuEEdvqmefho0o7KgbsmK2jlIeR2OjRtcdHHo%2FAWwEPDHg90N1R9O21BdVMumhKJ1LZWTYhAqtovf7l7Wh6O7acT8Ie56zkjUbMpMwoD8bDdfSrNvYejJhdEEziI4Xl3iRJYHk49Az27Z1pwj8m%2BElAgWVy8%2FGxtkxK8HaLBtmv03zDaj5%2FJRf%2BwxbpSlDf4yW7SdPxLxfH2bKUpSjEuA6nReUpwnv1H0sWhzdbH7%2B0Rtsh724%2FjPt0yluV7LIE%2BO9WApLmPlfxQK1kTlJUI3DHN0EvwNELADmhuhvMZhbVXxqvvmjb36jgruoUXlXJglH4Qjx1rUVyY4QHyTIIsa4hJL78hBhnsuGjNIa8TFVFxXBKa3rThY8Q89DAb2xlIP5cy2xPvFnSk625XvNS6hBLsZ3JeRqFpSIX%2BydxacpJb7fXWYX97%2BHfjQ7xTozPlqrNqufTDcJ%2FJYIM2%2F9fBKqcy%2BrP7mhm8XX7nQCe3ry7LJJXLtU%2Fyt4IatJI0f2xCBmzA5gDUPzNprDmJb9TkoF5z88H4GsBiakEtzu2B4t9mQW%2Bdc7QS9ndw6WWAqPyT0aQiHHd0IRSv7uPgFxQgvikV8AlnkUXFKpC7%2FbMNa9pcSR%2F41Ua9uj3nQ2wHzK3xcydn5K%2BaRCg6gbeG0xZpeyAoHMjANNEh%2FG4qwiA7azEsdUjhpr%2FN3vK4ePm17INbotrMMqbAH9DrM9wEjAj7UGk%2BLfXBER%2Fb3M8GuT0bZlIvw1QAGtCp1HIF845X3MCfJA76YvJTcANxUe4wGH%2BFgvBZxRF7NRcdCSAN%2Bublj6Vqe2LuUoCG9hWdfHzb%2Fb2srnqfJvNi%22%7D&loginPromo=1&prevSearchId=1838312816151389705&mToken=Pwa6JSbybtz1i75xGIFvxI4MVSsz%2FSndnzNBJtRqz3Pt6RWgQ1BJpjLTSsCK8o2rQC6IYC889Klvcn%2BKfD4mTw%3D%3D&metasearchRateId=IDUsers,,,,,,,
155,Homestay,Rey homestay 2,"Perum PURI INDAH Beji F2 No 22, Oro-Oro Ombo, Kec. Batu, Kota Batu, Jawa Timur 65316",-7.894123343,112.5434565,,,4,4,"Wi-Fi gratis, rooftop, ruang TV, parkir, layanan kamar 24 jam, teras.",,,,1,0,0,0,0,0,0,https://www.traveloka.com/en-en/hotel/indonesia/rey-homestay-2---two-bedroom-9000000565047,,,,,,,
156,Homestay,HOMESTAY SAKINAH,"Jl. Gondorejo No.892, Oro-Oro Ombo, Kec. Batu, Kota Batu, Jawa Timur 65316",-7.893609882,112.5361554,0851-0017-5475,,3,3,"Ruang tamu, dispenser, magic com, dapur lengkap, shower.",,,,0,0,0,0,0,0,0,,,,,,,,
157,Homestay,SiDoel Homestay,"Jl. Raya Oro-Oro Ombo No.6, Oro-Oro Ombo, Kec. Batu, Kota Batu, Jawa Timur 65316",-7.893676679,112.5329455,0853-3496-6204,,3,3,,,,,0,0,0,0,0,0,0,,,,,,,,
158,Homestay,Griya Sumber Rejeki Homestay,"Jl. Raya Oro-Oro Ombo No.221, Oro-Oro Ombo, Kec. Batu, Kota Batu, Jawa Timur 65316",-7.893545852,112.5331394,0857-5562-4628,206.082 - 232.168,3,6,"TV, kompor, peralatan makan, ketel, teras atau balkon, Wi-Fi gratis, resepsionis 24 jam, parkir gratis, ruang tamu, kamar mandi dengan shower, dan kamar bebas asap rokok.",,,,1,1,0,0,0,0,0,https://www.traveloka.com/id-id/hotel/indonesia/griya-sumber-rejeki-homestay-3000010003499,https://www.tiket.com/hotel/indonesia/griya-sumber-rejeki-homestay-206001560502648563,,,,,,
159,Homestay,thania homestay,"Jl. Kenanga No.75-77, Oro-Oro Ombo, Kec. Batu, Kota Batu, Jawa Timur 65316",-7.893346707,112.5317517,0812-5134-0186,,10,10,,,,,0,1,0,0,0,0,0,,https://www.tiket.com/hotel/indonesia/thania-homestay-301001579895506070,,,,,,
160,Homestay,TIDAR WULANSARI HOMESTAY,"Jl. Gondorejo No.157, Oro-Oro Ombo, Kec. Batu, Kota Batu, Jawa Timur 65316, Batu",-7.893949358,112.5350069,82228362320,129.000 - 178.000,10,11,"Wi-Fi gratis, ruang TV, TV kabel, meja, resepsionis 24 jam, parkir.",,,,1,1,1,0,0,0,1,https://www.traveloka.com/id-id/hotel/indonesia/oyo-3849-tidar-wulansari-homestay-9000000882259,https://www.tiket.com/hotel/indonesia/oyo-3849-tidar-wulansari-homestay-412001639107867754,https://www.booking.com/hotel/id/airy-eco-gondorejo-157-batu.id.html?aid=1893449&label=metagha-link-LUID-hotel-6317554_dev-desktop_los-1_bw-3_dow-Friday_defdate-0_room-0_gstadt-2_rateid-dg_aud-0_gacid-21404703723_mcid-50_bc-AGBl8g_ppa-0_clrid-0_ad-1_gstkid-0_checkin-20250725_ppt-GBdB_lp-2360_r-16261779722371949406&sid=5efc070815cedccc354adf76c7b90825&all_sr_blocks=631755402_309556177_0_0_0_839383&checkin=2025-07-25&checkout=2025-07-26&dest_id=6317554&dest_type=hotel&dist=0&group_adults=2&group_children=0&hapos=1&highlighted_blocks=631755402_309556177_0_0_0_839383&hpos=1&matching_block_id=631755402_309556177_0_0_0_839383&no_rooms=1&req_adults=2&req_children=0&room1=A%2CA&sb_price_type=total&sr_order=popularity&sr_pri_blocks=631755402_309556177_0_0_0_839383_16225400&srepoch=1753153211&srpvid=5252151b9fb1077d&type=total&ucfs=1&activeTab=photosGallery,,,,https://www.reddoorz.com/id-id/hotel/indonesia/batu/batu/oro-oro-ombo/reddoorz-oro-oro-ombo-batu?utm_source=google&utm_medium=mybusiness&utm_campaign=webclick,
161,Homestay,Griya Ummi,"Jl. Gondorejo No.12, Oro-Oro Ombo, Kec. Batu, Kota Batu, Jawa Timur 65316",-7.893963323,112.5359923,"85236169770, 81555465203",,17,17,,,,,0,0,0,0,0,0,0,,,,,,,,
162,Homestay,varel  n2 homestay,"jl. Nangka No. 25 RT.2/RW.11, Dusun Pokopek, Oro-Oro Ombo, Kec. Batu, Kota Batu, Jawa Timur 65316",-7.892209207,112.5387083,0856-0407-5424,,3,3,"AC, parkir gratis, CHSE, bebas rokok, shower.",,,,0,1,0,0,0,0,0,,https://www.tiket.com/hotel/indonesia/varel-n2-homestay-504001650530725583,,,,,,
163,Homestay,vima homestay,"Jl. Mangga G1, RT.01/RW.11, Oro-Oro Ombo, Kec. Batu, Kota Batu, Jawa Timur 65316",-7.893372704,112.5384544,0857-5510-3676,,3,5,,,,,0,0,0,0,0,0,0,,,,,,,,
164,Homestay,AKOR GUEST HOUSE,"Jl. Imam Bonjol No.47, Sisir, Kec. Batu, Kota Batu, Jawa Timur 65315",-7.880817874,112.5295705,82288814747,,12,18,"Wi-Fi gratis, parkir gratis, layanan kamar, sarapan (biaya tambahan), pijat, salon rambut, penatu swalayan, penyimpanan bagasi, resepsionis 24 jam, shower, area merokok, AC, bellboy, dan layanan concierge.",,https://www.instagram.com/akorguesthouse/,,1,1,0,0,0,0,0,https://www.traveloka.com/id-id/hotel/indonesia/akor-guest-house-9000000966351,https://www.tiket.com/hotel/indonesia/akor-guest-house-612001703507522527,,,,,,
165,Homestay,ARIMBI GUEST HOUSE,"Jl. Patimura No.9, RT.03/RW.08, Temas, Kec. Batu, Kota Batu, Jawa Timur 65315",-7.879756216,112.5349652,"85707089971, 0821-4215-9796",225.225 - 275.000,12,12,"Wi-Fi gratis, parkir gratis, resepsionis 24 jam, kamar mandi pribadi dan shower, AC, TV, bathtub, shower, dan mesin cuci.",,,,0,1,1,0,0,0,0,,https://www.tiket.com/homes/indonesia/arimbi-guest-house-701001704323491058,https://www.booking.com/hotel/id/arimbi-guest-house.id.html?aid=356980&label=gog235jc-1FCAsoaEISYXJpbWJpLWd1ZXN0LWhvdXNlSBJYA2hoiAEBmAESuAEXyAEM2AEB6AEB-AECiAIBqAIDuALtn93DBsACAdICJGM2ZTc5MzBlLTdiNmMtNDdkYy1hNjY2LTFhNmMwNWMyYjNkZtgCBeACAQ&sid=5efc070815cedccc354adf76c7b90825&age=1&all_sr_blocks=1116010301_384493205_2_0_0&checkin=2025-07-25&checkout=2025-07-26&dest_id=-2672159&dest_type=city&dist=0&group_adults=2&group_children=0&hapos=1&highlighted_blocks=1116010301_384493205_2_0_0&hpos=1&matching_block_id=1116010301_384493205_2_0_0&no_rooms=1&req_adults=2&req_children=0&room1=A%2CA&sb_price_type=total&sr_order=popularity&sr_pri_blocks=1116010301_384493205_2_0_0__24750000&srepoch=1752649715&srpvid=1585323773a7035f&type=total&ucfs=1&,,,,,
166,Homestay,Arina homestay batu,"Jl. Dewi Sartika gang 1f No.10, Temas, Kec. Batu, Kota Batu, Jawa Timur 65315",-7.883123244,112.5376181,81233342777,,2,2,,,,,0,0,0,0,0,0,0,,,,,,,,
167,Homestay,Homestay Cockatoo 85,"Perumahan, Jl. Batu Permai Jalan Kakak Tua No.85 86, Temas, Kota Batu, Jawa Timur 65315",-7.886521822,112.5317336,0812-3368-179,,2,2,,,https://www.instagram.com/retnoyulianti842/,,0,0,0,0,0,0,0,,,,,,,,
168,Homestay,Homestay Cockatoo 86,"Perumahan, Jl. Batu Permai Jalan Kakak Tua No.85 86, Temas, Kota Batu, Jawa Timur 65315
",-7.886521822,112.5317336,0812-3368-179,,3,3,,,"https://www.instagram.com/retnoyulianti842/",,0,0,0,0,0,0,0,,,,,,,,
169,Homestay,GRIYA RAHAYU GUEST HOUSE,"Jl. Dewi Sartika III Blk. N No.9, Temas, Kec. Batu, Malang, Jawa Timur 65315",-7.885995661,112.5330838,"0822-6643-8018, 0895-4173-00072",112.000 - 167.954,5,5,"Wi-Fi gratis, parkir gratis (mobil & motor), resepsionis 24 jam, shower, TV, kamar bebas asap rokok, ruang bersama/area TV.",,,,0,1,1,1,0,0,1,,https://www.tiket.com/hotel/indonesia/griya-rahayu-guesthouse-mitra-reddoorz-near-jatim-park-2-batu-702001708584662731?hotelID=283412b7-5375-4f7f-958d-16b32add1cb3&checkin=2025-07-25&checkout=2025-07-26&adult=2&country=ID&device=desktop&isAat=true&utm_source=google-hotel&utm_term=283412b7-5375-4f7f-958d-16b32add1cb3&utm_medium=prf-ppc&utm_campaign=%5BMSA%5D-17283522910&utm_external=prf&gad_source=1&gad_campaignid=17283522910&gclid=Cj0KCQjwm93DBhD_ARIsADR_DjGs_88fCvZtdG1ISQEdKYhzRNdTtR0xgqlyv3FjrSjNruwtvyDYkdUaAiVuEALw_wcB,https://www.booking.com/hotel/id/griya-rahayu-guesthouse-redpartner.id.html?aid=1893449&label=metagha-link-LUID-hotel-8277154_dev-desktop_los-1_bw-9_dow-Friday_defdate-0_room-0_gstadt-2_rateid-dg_aud-0_gacid-21404703723_mcid-50_bc-AH5Mog_ppa-0_clrid-0_ad-1_gstkid-0_checkin-20250725_ppt-GBdB_lp-2360_r-18405454099245521875&sid=5efc070815cedccc354adf76c7b90825&all_sr_blocks=827715401_383116502_2_0_0_838852&checkin=2025-07-25&checkout=2025-07-26&dest_id=8277154&dest_type=hotel&dist=0&group_adults=2&group_children=0&hapos=1&highlighted_blocks=827715401_383116502_2_0_0_838852&hpos=1&matching_block_id=827715401_383116502_2_0_0_838852&no_rooms=1&req_adults=2&req_children=0&room1=A%2CA&sb_price_type=total&sr_order=popularity&sr_pri_blocks=827715401_383116502_2_0_0_838852_16117500&srepoch=1752650205&srpvid=01ee332cb39f07bc&type=total&ucfs=1&,https://www.agoda.com/id-id/griya-rahayu-guesthouse-redpartner/hotel/malang-id.html?countryId=192&finalPriceView=1&isShowMobileAppPrice=false&cid=1917614&numberOfBedrooms=&familyMode=false&adults=2&children=0&rooms=1&maxRooms=0&checkIn=2025-07-25&isCalendarCallout=false&childAges=&numberOfGuest=0&missingChildAges=false&travellerType=1&showReviewSubmissionEntry=false&currencyCode=IDR&isFreeOccSearch=false&los=1&searchrequestid=33203ee8-7b4c-457a-b143-af2998d7b982&ds=G3ojdwRIEXISOi83,,,https://www.reddoorz.com/id-id/hotel/indonesia/batu/batu/temas/griya-rahayu-guesthouse-redpartner?utm_source=google&utm_medium=mybusiness&utm_campaign=webclick,
170,Homestay,Casa Grande By Cozystay,"Gg. Pesantren No.24, Temas, Kec. Batu, Kota Batu, Jawa Timur 65315",-7.887740314,112.5322623,82142603381,,3,3,"Parkir gratis di tempat, Wi-Fi gratis, kamar keluarga, kamar bebas rokok, teras/balkon, kamar mandi pribadi dengan shower, dapur lengkap (kompor, rice cooker, peralatan makan), ruang tamu & ruang makan, smart TV & TV tambahan, layanan streaming (Netflix, HBO, Disney+), kulkas, layanan kamar terbatas, doorkeeper.",,,,0,1,1,0,0,0,0,,https://www.tiket.com/homes/indonesia/villa-all-new-casa-grande-by-masterpiece-villa-403001616988624061,https://www.booking.com/hotel/id/villa-all-new-casa-grande-by-masterpiece-villa.id.html?aid=356980&label=gog235jc-10CAsoaEIudmlsbGEtYWxsLW5ldy1jYXNhLWdyYW5kZS1ieS1tYXN0ZXJwaWVjZS12aWxsYUgSWANoaIgBAZgBM7gBF8gBDNgBA-gBAfgBAYgCAagCAbgC_obNxAbAAgHSAiQ2NmEwYTdmMy03OTVlLTRjZGEtYTY2OC1lZWEwMDEyNjI0YjnYAgHgAgE&sid=5efc070815cedccc354adf76c7b90825&checkin=2025-08-27&checkout=2025-08-28&dest_id=-2672159&dest_type=city&dist=0&group_adults=2&group_children=0&hapos=1&hpos=1&no_rooms=1&req_adults=2&req_children=0&room1=A%2CA&sb_price_type=total&soh=1&sr_order=popularity&srepoch=1754481549&srpvid=8d11543fcf70029c&type=total&ucfs=1&#no_availability_msg,,,,,
171,Homestay,Omah Anin Guest House Batu,"Perumahan Batu Permai Blok A No.7-8 Jalan Cendrawasih Temas, Beji, Kec. Junrejo, Kota Batu, Jawa Timur 65327",-7.886213867,112.5306082,0822-4567-8277,196.042 - 500.000,16,16,"Wi-Fi gratis, parkir gratis, resepsionis 24 jam, AC, ruang keluarga, kamar bebas rokok, kamar mandi pribadi dengan shower, balkon/teras, penitipan barang, layanan kebersihan harian, penyewaan mobil & sepeda.",,"https://www.instagram.com/omah_anin/?hl=id,",,1,1,1,1,0,0,1,https://www.traveloka.com/id-id/hotel/detail?spec=25-07-2025.26-07-2025.1.1.HOTEL.3000010041319.Urbanview%20Hotel%20Omah%20Anin%20Batu%20by%20RedDoorz.2&contexts=%7B%22accessCode%22%3A%2290975GHAD1305desktop%22%2C%22metasearchRequestId%22%3A%22fc575f8a-1e01-4310-90d0-9531327db901%22%2C%22inventoryRateKey%22%3A%22povEwB3ZzsU2C6pd%2B6MdU2B9D%2BXTtnp8xBPheXkh8zedtnWwcZ5yiDvV1uLBVwwufwxXnYiRzoxM4HX9sDmt9%2FAm1AYn3MeGz8Xcpq5hCtgkoYhCABuc4UBUJdDpIzcBkjYFe7E9Hsd3uMKwzSkUl5pNkVNrbZlWauR9OJSMSOg3Ecwbn2%2F2IuOUXTOX6qJUeGdIxsGYtFwvta8wEa2U%2BI%2BbdPKyeEcnUCrwiPsukDU4xJaQCNZd7Dm9H%2BzKz3SoHlBcSNHFk%2B6M%2Bed81rVbweEHGIhg0KJ7gZAJpw17ItAcEtGPm1fxqcNnBgMR8yyWfr0JetwTLoAw%2BDUqcOVIe7lS81%2FL314%2BEun2%2FX6YDWjHWF0oikqVBbEeaqI7v8GTcobv2sM7J0Fdi71F%2BMaPuJZ%2F4BcR1dMJZnHguitAKG52oXq3NKH%2BUBSfYHlHmQ50mEAQvSMnVoIA9pZMtQ8Zeysw8W1okYhx17mwgsTYuDua6RjhZ%2B%2F6QV25zuEEdvqmefho0o7KgbsmK2jlIeR2OjRtcdHHo%2FAWwEPDHg90N1R9O21BdVMumhKJ1LZWTYhAqtovf7l7Wh6O7acT8Ie56zkjUbMpMwoD8bDdfSrNvYejJhdEEziI4Xl3iRJYHk49Az27Z1pwj8m%2BElAgWVy8%2FIvLu2%2BEqreSd8NMzEoiepe3exClYaaNZEqXdtkEmG6JxfH2bKUpSjEuA6nReUpwng5lt77VApYSiZWlKrVeS927E49qP%2F8fATyH2xNcPCvYlfxQK1kTlJUI3DHN0EvwNELADmhuhvMZhbVXxqvvmjb36jgruoUXlXJglH4Qjx1rUVyY4QHyTIIsa4hJL78hBhnsuGjNIa8TFVFxXBKa3rThY8Q89DAb2xlIP5cy2xPvFnSk625XvNS6hBLsZ3JeRqFpSIX%2BydxacpJb7fXWYX%2FxGvh8ob7%2BNhvVTZok1v5%2FcJ%2FJYIM2%2F9fBKqcy%2BrP7mhbMPMkV0hkmiYzN0kTobfHoyNomEfJOOyqfbD7zJvZMwwhqUS7Numk5dlJEKQ%2FJ7amuyo2AyHMqclETpYRBjfcS9ndw6WWAqPyT0aQiHHd0IRSv7uPgFxQgvikV8AlnkUXFKpC7%2FbMNa9pcSR%2F41Ua9uj3nQ2wHzK3xcydn5K%2BaRCg6gbeG0xZpeyAoHMjANNEh%2FG4qwiA7azEsdUjhpr%2FN3vK4ePm17INbotrMMqbAH9DrM9wEjAj7UGk%2BLfXBEb8l39GYUH7q4l31W7btXN8%3D%22%7D&loginPromo=1&prevSearchId=1837803964409599426&mToken=Pwa6JSbybtz1i75xGIFvxI4MVSsz%2FSndnzNBJtRqz3MD3Z8kJetzUzf2yj5Ly%2FReBOPxr3UJBFOEzEERFlWYBQ%3D%3D&metasearchRateId=IDUsers,https://www.tiket.com/hotel/indonesia/omah-anin-guesthouse-807001752218330460?hotelID=43d2dc81-730a-4165-985a-8e0e92bdacad&checkin=2025-07-25&checkout=2025-07-26&adult=2&country=ID&device=desktop&isAat=true&utm_source=google-hotel&utm_term=43d2dc81-730a-4165-985a-8e0e92bdacad&utm_medium=prf-ppc&utm_campaign=%5BMSA%5D-17283522910&utm_external=prf&gad_source=1&gad_campaignid=17283522910&gclid=Cj0KCQjwm93DBhD_ARIsADR_DjGA5pYrEOS_PL67n5b3tc4RP7lbVBSATMjoetuV2EC6ioQxjn27RvAaAr5cEALw_wcB,https://www.booking.com/hotel/id/omah-anin-guest-house.id.html?aid=1893449&label=metagha-link-LUID-hotel-4424050_dev-desktop_los-1_bw-9_dow-Friday_defdate-0_room-0_gstadt-2_rateid-id_aud-0_gacid-21404703723_mcid-50_bc-AEOBcg_ppa-0_clrid-0_ad-1_gstkid-0_checkin-20250725_ppt-GBdB_lp-2360_r-13130549449006217201&sid=5efc070815cedccc354adf76c7b90825&all_sr_blocks=442405003_387805572_2_0_0_840020&checkin=2025-07-25&checkout=2025-07-26&dest_id=4424050&dest_type=hotel&dist=0&group_adults=2&group_children=0&hapos=1&highlighted_blocks=442405003_387805572_2_0_0_840020&hpos=1&matching_block_id=442405003_387805572_2_0_0_840020&no_rooms=1&req_adults=2&req_children=0&room1=A%2CA&sb_price_type=total&sr_order=popularity&sr_pri_blocks=442405003_387805572_2_0_0_840020_29286400&srepoch=1752666531&srpvid=bc62531180470ea4&type=total&ucfs=1&,https://www.agoda.com/id-id/omah-anin-guest-house-h22011395/hotel/malang-id.html?countryId=192&finalPriceView=1&isShowMobileAppPrice=false&cid=1917614&numberOfBedrooms=&familyMode=false&adults=2&children=0&rooms=1&maxRooms=0&checkIn=2025-07-25&isCalendarCallout=false&childAges=&numberOfGuest=0&missingChildAges=false&travellerType=1&showReviewSubmissionEntry=false&currencyCode=IDR&isFreeOccSearch=false&tspTypes=-1&los=1&searchrequestid=09b05016-c998-4d16-a668-3636fbd6ac92&ds=o4184phgcehAHY0S,,,https://www.reddoorz.com/id-id/hotel/indonesia/batu/batu/oro-oro-ombo/omah-anin-guest-house?check_in_date=25-07-2025&check_out_date=26-07-2025&rooms=1&sort_by=popular&order_by=desc&currency=idr&gha_source=true&guest=2,
172,Homestay,wukir mas homestay,"Jl. Wukir No.7, Temas, Kec. Batu, Kota Batu, Jawa Timur 65316",-7.878887315,112.5363167,"85183071175, 0812-3484-0048",122.920 - 370.000,11,13,"Wi-Fi gratis, resepsionis 24 jam, layanan membangunkan, tata graha, parkir gratis, layanan mobil pribadi & antar-jemput bandara (biaya tambahan), properti bebas rokok.",,,https://book-directonline.com/properties/wukirmashomestay?locale=en&_gads_gcid=751303339&_gads_gclabel=4F6CCNCE-qIBEKv1n-YC&_gha_gcid=1064825070&_gha_phid=51fa6954-d6b2-40d8-adc9-3486a1448ca5&_src=DemandPlus&abw=9&booking_source=cpc&campaign_id=14790898205&cdow=Friday&checkInDate=2025-07-25&checkOutDate=2025-07-26&country=ID&currency=IDR&device=desktop&gad_campaignid=14790898205&gad_source=1&gbraid=0AAAAACzH-qu-PdNAqOFjdhBv-jlPZMah_&gclid=Cj0KCQjwm93DBhD_ARIsADR_DjEGQ8w8SFmZy_68eQgBsdNK-xNuCYyiI7kohXsJF7TzGVJtLP-aUk4aArVjEALw_wcB&los=1&meta=Google&tsd=selected&utm_source=GoogleHotelAds&items[0][adults]=2&items[0][children]=0&items[0][infants]=0&items[0][rateId]=672890&trackPage=yes,1,1,0,0,0,0,0,https://www.traveloka.com/id-id/hotel/indonesia/wukir-mas-9000003363958,https://www.tiket.com/hotel/indonesia/wukir-mas-705001714969212306?hotelID=a8af8a30-74e0-481e-a4a5-11df6e09fa94&checkin=2025-07-25&checkout=2025-07-26&adult=2&country=ID&device=desktop&isAat=true&utm_source=google-hotel&utm_term=a8af8a30-74e0-481e-a4a5-11df6e09fa94&utm_medium=prf-ppc&utm_campaign=%5BMSA%5D-21472895668&utm_external=prf&gad_source=1&gad_campaignid=21472895668&gclid=Cj0KCQjwm93DBhD_ARIsADR_DjGO6Qf33PAoRa8wgJnwJ4fltV6pGzhF7ai2XvmCAZ8J1yl6pVj46xgaArqZEALw_wcB,,,,,,
173,Homestay,Guest House 180,"Jl. Agus Salim No.19, Sisir, Kec. Batu, Kota Batu, Jawa Timur 65314",-7.876368664,112.5280056,"85859124003, (021) 29707601",124.432 - 267.045,13,13,"Wi-Fi gratis, parkir gratis, restoran, kamar mandi pribadi, sarapan, layanan kamar, resepsionis 24 jam, kamar bebas asap rokok, layanan kebersihan harian, ruang keluarga, dan layanan binatu.",,,,1,0,1,1,0,1,0,https://www.traveloka.com/id-id/hotel/detail?spec=25-07-2025.26-07-2025.1.1.HOTEL.9000000927871.Super%20OYO%2090151%20Guest%20House%20180.2&contexts=%7B%22accessCode%22%3A%2290975GHAD1305desktop%22%2C%22metasearchRequestId%22%3A%22cbd0f043-5d54-4c70-906c-230c9d7e3072%22%2C%22inventoryRateKey%22%3A%22povEwB3ZzsU2C6pd%2B6MdU2B9D%2BXTtnp8xBPheXkh8zeezeDLiKh66tDg4VHJAHMhfwxXnYiRzoxM4HX9sDmt9%2FAm1AYn3MeGz8Xcpq5hCtgkoYhCABuc4UBUJdDpIzcBkjYFe7E9Hsd3uMKwzSkUl5pNkVNrbZlWauR9OJSMSOg3Ecwbn2%2F2IuOUXTOX6qJUGa%2FbFluKFJfG1DkdhqfJNI%2BbdPKyeEcnUCrwiPsukDU4xJaQCNZd7Dm9H%2BzKz3SoHlBcSNHFk%2B6M%2Bed81rVbweEHGIhg0KJ7gZAJpw17ItAcEtGPm1fxqcNnBgMR8yyWfr0JetwTLoAw%2BDUqcOVIe7lS81%2FL314%2BEun2%2FX6YDWjHWF0oikqVBbEeaqI7v8GTcobv2sM7J0Fdi71F%2BMaPuJZ%2F4BcR1dMJZnHguitAKG52oXq3NKH%2BUBSfYHlHmQ50mEAQvSMnVoIA9pZMtQ8Zeysw8W1okYhx17mwgsTYuDua6RjhZ%2B%2F6QV25zuEEdvqmefho0o7KgbsmK2jlIeR2OjRtcdHHo%2FAWwEPDHg90N1R9O21BdVMumhKJ1LZWTYhAqtovf7l7Wh6O7acT8Ie56zkjUbMpMwoD8bDdfSrNvYejJhdEEziI4Xl3iRJYHk49sHMiu1RbZocTzMrkqgddQ7LSVEAjQdG0VXKh0SoBu%2Bkc2%2BWUZkuR%2FqnOj9ZJ3P0ExfH2bKUpSjEuA6nReUpwng5lt77VApYSiZWlKrVeS927E49qP%2F8fATyH2xNcPCvYlfxQK1kTlJUI3DHN0EvwNELADmhuhvMZhbVXxqvvmjb36jgruoUXlXJglH4Qjx1rUVyY4QHyTIIsa4hJL78hBhnsuGjNIa8TFVFxXBKa3rThY8Q89DAb2xlIP5cy2xPvFnSk625XvNS6hBLsZ3JeRqFpSIX%2BydxacpJb7fXWYX9T6GCZsMtTsb73UTesKxdlcJ%2FJYIM2%2F9fBKqcy%2BrP7mkGifdUsgAEZICn7kFWzQUAZuvZ72kqclIsqi6kZ0yG569q4HGOSYy9hDQpjhhg5VAn4GxDNuVwb6w%2B5OZJHA9ES9ndw6WWAqPyT0aQiHHd0IRSv7uPgFxQgvikV8AlnkUXFKpC7%2FbMNa9pcSR%2F41Ua9uj3nQ2wHzK3xcydn5K%2BaRCg6gbeG0xZpeyAoHMjANNEh%2FG4qwiA7azEsdUjhpr%2FN3vK4ePm17INbotrMMqbAH9DrM9wEjAj7UGk%2BLfXBEb8l39GYUH7q4l31W7btXN8%3D%22%7D&loginPromo=1&prevSearchId=1837804959192600515&mToken=Pwa6JSbybtz1i75xGIFvxI4MVSsz%2FSndnzNBJtRqz3OOWRX9aGE3GJ8ir1nAQKxH4W1QPcU16FtjDXuFTtcLEQ%3D%3D&metasearchRateId=IDUsers,,https://www.booking.com/hotel/id/guest-house-180.id.html?aid=1893449&label=metagha-link-LUID-hotel-3875694_dev-desktop_los-1_bw-9_dow-Friday_defdate-0_room-0_gstadt-2_rateid-0_aud-0_gacid-21404703723_mcid-50_bc-ADsjbg_ppa-0_clrid-0_ad-1_gstkid-0_checkin-20250725_ppt-_lp-2360_r-10338172658832126628&sid=5efc070815cedccc354adf76c7b90825&all_sr_blocks=387569404_401188808_2_0_0&checkin=2025-07-25&checkout=2025-07-26&dest_id=3875694&dest_type=hotel&dist=0&group_adults=2&group_children=0&hapos=1&highlighted_blocks=387569404_401188808_2_0_0&hpos=1&matching_block_id=387569404_401188808_2_0_0&no_rooms=1&req_adults=2&req_children=0&room1=A%2CA&sb_price_type=total&sr_order=popularity&sr_pri_blocks=387569404_401188808_2_0_0__16456898&srepoch=1752667451&srpvid=6d7154bcadf00132&type=total&ucfs=1&,https://www.agoda.com/id-id/oyo-90151-guest-house-180/hotel/malang-id.html?countryId=192&finalPriceView=1&isShowMobileAppPrice=false&cid=1917614&numberOfBedrooms=&familyMode=false&adults=2&children=0&rooms=1&maxRooms=0&checkIn=2025-07-25&isCalendarCallout=false&childAges=&numberOfGuest=0&missingChildAges=false&travellerType=1&showReviewSubmissionEntry=false&currencyCode=IDR&isFreeOccSearch=false&los=1&searchrequestid=29826029-4faf-4cff-97f4-f183b5b29bcd&ds=Abw9BTirG6gmhetm,,https://www.oyorooms.com/id/108188/?utm_source=GMB_ID&utm_medium=Organic&utm_campaign=ID_BTU051&latitude=-7.876406325163798&longitude=112.52791647571509&locale=id,,
174,Homestay,Adam's Apple Guest Gouse,"Jl. Diponegoro No.16, Sisir, Kec. Batu, Kota Batu, Jawa Timur 65314",-7.875812905,112.5314453,(021) 29707601,130,17,17,"Smoking room, AC, Wi-Fi publik, ruang tamu, parkir gratis, ruang rapat, shower, teras atau balkon, TV.",,,,0,1,0,0,0,1,0,,https://www.tiket.com/hotel/indonesia/oyo-2060-adams-apple-family-guest-house-211001574671506104,,,,https://www.oyorooms.com/id/86910/,,
175,Homestay,Bayleaf Guest House Syariah Batu,"Jl. Argopuro No.2, Sisir, Kec. Batu, Kota Batu, Jawa Timur 65314",-7.876670872,112.5333833,"85255417778, 0813-3146-6232",270.000 - 530.000,19,19,"AC, kolam renang, Wi-Fi gratis (termasuk area publik), resepsionis 24 jam, parkir gratis, layanan pijat, ruang tamu & area merokok, penitipan bagasi, check-in & check-out tanpa antre, kotak P3K & pemadam api, pengisi baterai mobil listrik, layanan streaming (Netflix, HBO, Disney+, dll.), TV kabel & smart TV, teras atau balkon, shower & bidet, peralatan makan, dan mesin fotokopi.",,https://www.instagram.com/bayleaf.guesthouse/,,1,1,0,0,0,0,0,https://www.traveloka.com/id-id/hotel/detail?spec=25-07-2025.26-07-2025.1.1.HOTEL.9000000984774.Bayleaf%20Guest%20House%20Syariah.2&contexts=%7B%22accessCode%22%3A%2290975GHAD1305desktop%22%2C%22metasearchRequestId%22%3A%229dbf2c22-adfb-48d1-90dd-da5334bc5dcc%22%2C%22inventoryRateKey%22%3A%22povEwB3ZzsU2C6pd%2B6MdU2B9D%2BXTtnp8xBPheXkh8zcZWRbCwxZ89RzLxBoMtxevfwxXnYiRzoxM4HX9sDmt9%2FAm1AYn3MeGz8Xcpq5hCtgkoYhCABuc4UBUJdDpIzcBkjYFe7E9Hsd3uMKwzSkUl5pNkVNrbZlWauR9OJSMSOjT2kAb5PFnnUsj4yv%2BE8%2BEMSvRbkd2wcMBonNsXBVruY%2BbdPKyeEcnUCrwiPsukDU4xJaQCNZd7Dm9H%2BzKz3SoHlBcSNHFk%2B6M%2Bed81rVbweEHGIhg0KJ7gZAJpw17ItAcEtGPm1fxqcNnBgMR8yyWfr0JetwTLoAw%2BDUqcOVIe7lS81%2FL314%2BEun2%2FX6YDWjHWF0oikqVBbEeaqI7v8GTcobv2sM7J0Fdi71F%2BMaPuJZ%2F4BcR1dMJZnHguitAKG52oXq3NKH%2BUBSfYHlHmQ50mEAQvSMnVoIA9pZMtQ8Zeysw8W1okYhx17mwgsTYuDua6RjhZ%2B%2F6QV25zuEEdvqmefho0o7KgbsmK2jlIeR2OjRtcdHHo%2FAWwEPDHg90N1R9O21BdVMumhKJ1LZWTYhAqtovf7l7Wh6O7acT8Ie56zkjUbMpMwoD8bDdfSrNvYejJhdEEziI4Xl3iRJYHk49sHMiu1RbZocTzMrkqgddQ7OknBGmtWl%2FW9LhRpv7Cte7FGfTq%2FGRJHnqoEw3Uj8kxfH2bKUpSjEuA6nReUpwnv1H0sWhzdbH7%2B0Rtsh724%2FjPt0yluV7LIE%2BO9WApLmPlfxQK1kTlJUI3DHN0EvwNELADmhuhvMZhbVXxqvvmjb36jgruoUXlXJglH4Qjx1rUVyY4QHyTIIsa4hJL78hBhnsuGjNIa8TFVFxXBKa3rThY8Q89DAb2xlIP5cy2xPvFnSk625XvNS6hBLsZ3JeRqFpSIX%2BydxacpJb7fXWYX8Es%2Bi6XY1XhKYRmBF0iTCAcJ%2FJYIM2%2F9fBKqcy%2BrP7mgHSUijjZpGVpvc02zCh%2Bvh%2B626lDHRhYXcxDIcFvgdZrRnuKTpsiGyIKWMmBAdAWPeJ7iuf9F3K%2B5G%2BKYLWZdcS9ndw6WWAqPyT0aQiHHd0IRSv7uPgFxQgvikV8AlnkUXFKpC7%2FbMNa9pcSR%2F41Ua9uj3nQ2wHzK3xcydn5K%2BaRCg6gbeG0xZpeyAoHMjANNEh%2FG4qwiA7azEsdUjhpr%2FN3vK4ePm17INbotrMMqbAH9DrM9wEjAj7UGk%2BLfXBEb8l39GYUH7q4l31W7btXN8%3D%22%7D&loginPromo=1&prevSearchId=1837805389923505602&mToken=Pwa6JSbybtz1i75xGIFvxI4MVSsz%2FSndnzNBJtRqz3NmUL9XY8%2BuUub4LBzJs6WC2pYUrX6zwGXoJCPTpnkKiQ%3D%3D&metasearchRateId=IDUsers,https://www.tiket.com/hotel/indonesia/bayleaf-guest-house-syariah-502001644841877195?hotelID=367321a0-dcdd-4ee9-87c3-f3563848ba09&checkin=2025-07-25&checkout=2025-07-26&adult=2&country=ID&device=desktop&isAat=true&utm_source=google-hotel&utm_term=367321a0-dcdd-4ee9-87c3-f3563848ba09&utm_medium=prf-ppc&utm_campaign=%5BMSA%5D-21444681982&utm_external=prf&gad_source=1&gad_campaignid=21444681982&gclid=Cj0KCQjwm93DBhD_ARIsADR_DjFIPZpxgKOb1RE5EEF0V-Uk_4o4hDNLH_KdBx15l8pRvi6vzratA4saAmhdEALw_wcB,,,,,,
176,Homestay,D&D Bellevue Guest House,"Jl. Langsep No.589, Sisir, Kec. Batu, Kota Batu, Jawa Timur 65311",-7.891854172,112.5150617,0851-0778-8899,500.000 - 650.000,6,6,"Parkir gratis, layanan kamar, kamar bebas rokok, kamar keluarga, pembuat teh/kopi di semua kamar, sarapan, teras atau balkon, taman/area kebun, ruang keluarga, check-in/check-out bebas kontak, layanan binatu, dan shower.",,https://www.instagram.com/dndbellevue.guesthouse/?hl=id,,1,1,1,1,0,0,0,https://www.traveloka.com/id-id/hotel/indonesia/guest-house-dd-bellevue-9000000502147,https://www.tiket.com/homes/indonesia/dd-bellevue-guest-house-704001713148176402,https://www.booking.com/hotel/id/d-amp-d-bellevue-guest-house-kota-batu1.id.html?aid=356980&label=gog235jc-1FCAsoaEInZC1hbXAtZC1iZWxsZXZ1ZS1ndWVzdC1ob3VzZS1rb3RhLWJhdHUxSBJYA2hoiAEBmAESuAEXyAEM2AEB6AEB-AECiAIBqAIDuALBoPzDBsACAdICJGQwN2JjNWM3LTNmY2ItNGFjOC1iYWFkLTM5OTVlZDAyMGM5OdgCBeACAQ&sid=5efc070815cedccc354adf76c7b90825&age=1&all_sr_blocks=1144593801_387303041_2_2_0&checkin=2025-07-25&checkout=2025-07-26&dest_id=-2700850&dest_type=city&dist=0&group_adults=2&group_children=0&hapos=1&highlighted_blocks=1144593801_387303041_2_2_0&hpos=1&matching_block_id=1144593801_387303041_2_2_0&no_rooms=1&req_adults=2&req_children=0&room1=A%2CA&sb_price_type=total&sr_order=popularity&sr_pri_blocks=1144593801_387303041_2_2_0__57600000&srepoch=1753157704&srpvid=38a41de1bc2801f6&type=total&ucfs=1&activeTab=photosGallery,https://www.agoda.com/id-id/d-d-bellevue-h26001981/hotel/malang-id.html?countryId=192&finalPriceView=1&isShowMobileAppPrice=false&cid=1918349&numberOfBedrooms=&familyMode=false&adults=2&children=0&rooms=1&maxRooms=0&checkIn=2025-07-25&isCalendarCallout=false&childAges=&numberOfGuest=0&missingChildAges=false&travellerType=1&showReviewSubmissionEntry=false&currencyCode=IDR&isFreeOccSearch=false&los=1&searchrequestid=dd548ac3-2ea9-403f-8fa8-7d8ab0c2af2a&ds=dOynRbWmOq0pzJjt,,,,
177,Homestay,griya bestari,"Jl. Wilis Gg. VI No.4, Sisir, Kec. Batu, Kota Batu, Jawa Timur 65314",-7.870126173,112.5318273,0857-9096-0804,1.085.159,3,3,"Smart TV 42"", karaoke, BBQ, dapur, Wi-Fi gratis, parkir gratis, dan balkon.",,,,0,1,0,1,0,0,0,,https://www.tiket.com/hotel/indonesia/griya-bestari-807001752216585873,,https://www.agoda.com/id-id/griya-bestari/hotel/malang-id.html?cid=1844104,,,,
178,Homestay,omah etan batu ,"Jl. WR. Supratman No.61, Sisir, Kec. Batu, Kota Batu, Jawa Timur 65314",-7.873596036,112.5255433,"0812-3945-4410, 85649929612",180.000 - 216.000,9,9,"Wi-Fi gratis, sarapan, share kitchen, hot water, share refrigerator, parkir, dan shower.",,"https://www.instagram.com/omahetan/
https://www.instagram.com/omahetan.batu/?hl=am-et ",,1,0,0,0,0,0,0,https://www.traveloka.com/id-id/hotel/detail?spec=25-07-2025.26-07-2025.1.1.HOTEL.3000020000591.Omah%20Etan%20Batu.2&contexts=%7B%22accessCode%22%3A%2290975GHAD1305desktop%22%2C%22metasearchRequestId%22%3A%22b6bcfb1e-1093-4ce1-815c-ab8b663e5404%22%2C%22inventoryRateKey%22%3A%22povEwB3ZzsU2C6pd%2B6MdU13LUNuufACdbU0usK5vg0eumEowapF%2FSv5epEr6b1A0fwxXnYiRzoxM4HX9sDmt9%2FAm1AYn3MeGz8Xcpq5hCtgkoYhCABuc4UBUJdDpIzcBkjYFe7E9Hsd3uMKwzSkUl5pNkVNrbZlWauR9OJSMSOgTUF8uPIIQL0rCSb9XNHrUK7iWremM%2BSLJvzQkGG7SNo%2BbdPKyeEcnUCrwiPsukDU4xJaQCNZd7Dm9H%2BzKz3SoHlBcSNHFk%2B6M%2Bed81rVbweEHGIhg0KJ7gZAJpw17ItAcEtGPm1fxqcNnBgMR8yyWfr0JetwTLoAw%2BDUqcOVIe7lS81%2FL314%2BEun2%2FX6YDWjHWF0oikqVBbEeaqI7v8GTcobv2sM7J0Fdi71F%2BMaPuJZ%2F4BcR1dMJZnHguitAKG52oXq3NKH%2BUBSfYHlHmQ50mEAQvSMnVoIA9pZMtQ8Zeysw8W1okYhx17mwgsTYuDua6RjhZ%2B%2F6QV25zuEEdvqmefho0o7KgbsmK2jlIeR2OjRtcdHHo%2FAWwEPDHg90N1R9O21BdVMumhKJ1LZWTYhAqtovf7l7Wh6O7acT8Ie56zkjUbMpMwoD8bDdfSrNvYejJhdEEziI4Xl3iRJYHk49zVKWfYDUVqNo%2FAall9xaEz3iwxadcp8AyOukUTKVDraGyJGZ%2Bw8PUGYGN4%2B3URbtxfH2bKUpSjEuA6nReUpwnv1H0sWhzdbH7%2B0Rtsh724%2FjPt0yluV7LIE%2BO9WApLmPlfxQK1kTlJUI3DHN0EvwNELADmhuhvMZhbVXxqvvmjb36jgruoUXlXJglH4Qjx1rUVyY4QHyTIIsa4hJL78hBhnsuGjNIa8TFVFxXBKa3rThY8Q89DAb2xlIP5cy2xPvFnSk625XvNS6hBLsZ3JeRqFpSIX%2BydxacpJb7fXWYX8FDI48cQyH6O3OVzhb24gzcJ%2FJYIM2%2F9fBKqcy%2BrP7mgMmsNgE5A%2FxX1rjv9cExpsDj81nSjvKB9OxX3wkaihtZ3%2FXEnHEIKy%2Bb3iYUE%2FWJCfmvOnWmmT6rzhQgLpio78S9ndw6WWAqPyT0aQiHHd0IRSv7uPgFxQgvikV8AlnkUXFKpC7%2FbMNa9pcSR%2F41Ua9uj3nQ2wHzK3xcydn5K%2BaRCg6gbeG0xZpeyAoHMjANNEh%2FG4qwiA7azEsdUjhpr%2FN3vK4ePm17INbotrMMqbAH9DrM9wEjAj7UGk%2BLfXBEb8l39GYUH7q4l31W7btXN8%3D%22%7D&loginPromo=1&prevSearchId=1837858553183886654&mToken=Pwa6JSbybtz1i75xGIFvxI4MVSsz%2FSndnzNBJtRqz3N9kDCbljSOOjUjR9oobRM6Jze9Ij52eA5x7BV2X9nsSg%3D%3D&metasearchRateId=IDUsers,,,,,,,
179,Homestay,Twin Pillars Guest House Syariah,"Jl. Minsuarso No.21, Sisir, Kec. Batu, Kota Batu, Jawa Timur 65314",-7.875042128,112.5263308,0821-4151-2663,,10,11,"Wi-Fi gratis, parkir gratis, kamar mandi pribadi (di beberapa kamar), bak mandi (di beberapa kamar), ruang rapat, shower, AC, lemari es, dapur (di beberapa kamar), fasilitas ramah difabel, layanan kamar, dan resepsionis.",,,,1,1,0,1,0,0,0,https://www.traveloka.com/id-id/hotel/indonesia/twin-pillars-guesthouse-syariah-9000001071304,https://www.tiket.com/hotel/indonesia/twin-pillars-guesthouse-syariah-506001654854347817,,https://www.agoda.com/id-id/twin-pillars-guesthouse-syariah/hotel/malang-id.html?countryId=192&finalPriceView=1&isShowMobileAppPrice=false&cid=-999&numberOfBedrooms=&familyMode=false&adults=2&children=0&rooms=1&maxRooms=0&checkIn=2025-07-25&isCalendarCallout=false&childAges=&numberOfGuest=0&missingChildAges=false&travellerType=1&showReviewSubmissionEntry=false&currencyCode=IDR&isFreeOccSearch=false&los=1&searchrequestid=bed667a3-823a-4376-8949-6c4152947132&ds=vllg8bMDOCC8XJe7,,,,
180,Homestay,OYO 354 32 Guest House,"Jl. Suropati No.32, Ngaglik, Kec. Batu, Kota Batu, Jawa Timur 65311",-7.87421285,112.5207003,"81231661216, (021) 29707601",114.000 - 503.000,8,12,"Wi-Fi gratis, parkir gratis, jemputan bandara (biaya tambahan), AC, resepsionis 24 jam, ruang keluarga, penitipan barang, layanan kamar, layanan binatu, kamar bebas asap rokok, meja, TV, ruang TV, parkir berjaga, area bebas asap rokok, teras rooftop, area merokok, teras, parkir gratis di tempat, kamar keluarga, shower, kamar mandi pribadi, TV layar datar, TV kabel, dan pemandangan kota.",,,,1,0,1,1,0,1,0,https://www.traveloka.com/id-id/hotel/indonesia/oyo-354-32-guest-house-3000020012974,,https://www.booking.com/hotel/id/32-guest-house.id.html?aid=356980&label=gog235jc-1FCAsoaEIOMzItZ3Vlc3QtaG91c2VIElgDaGiIAQGYARK4ARfIAQzYAQHoAQH4AQKIAgGoAgO4Av3N_MMGwAIB0gIkYTlmOWI0ZmEtYjYzOS00NTc1LTg0MjAtOTgyNzBiYzM4MmQw2AIF4AIB&sid=5efc070815cedccc354adf76c7b90825&age=0&all_sr_blocks=398402009_409829606_2_0_0&checkin=2025-07-25&checkout=2025-07-26&dest_id=-2672159&dest_type=city&dist=0&group_adults=2&group_children=0&hapos=1&highlighted_blocks=398402009_409829606_2_0_0&hpos=1&matching_block_id=398402009_409829606_2_0_0&no_rooms=1&req_adults=2&req_children=0&room1=A%2CA&sb_price_type=total&sr_order=popularity&sr_pri_blocks=398402009_409829606_2_0_0__12346700&srepoch=1753163521&srpvid=f081293f6dde1114&type=total&ucfs=1&activeTab=photosGallery,https://www.agoda.com/id-id/oyo-354-32-residence/hotel/malang-id.html?cid=1844104&ds=gJ%2BnUP%2BNGm%2FDClzl,,https://www.oyorooms.com/id/48848/?utm_source=Google_gmb_ID&utm_medium=Organic&utm_campaign=ID_MLG008&latitude=-7.87421&longitude=112.5206&locale=id,,
181,Homestay,BaliKu Guest House,"jl. Abdul Gani Atas No.32, Ngaglik, Kec. Batu, Kota Batu, Jawa Timur 65311",-7.881278422,112.5201406,"8124971750,(0341) 512020 ",,16,22,"Resepsionis 24 jam, area bebas asap rokok, area merokok, Wi-Fi gratis, parkir gratis, early check-in, bellboy, keamanan 24 jam, staf multibahasa, meja, TV, shower, teras atau balkon, kamar mandi dengan shower, alat pemanas, akses internet, kunci kedua pada jendela, layanan kamar, laundry, penitipan bagasi/barang, dan penyewaan mobil.",,,,1,1,0,1,0,0,0,https://www.traveloka.com/id-id/hotel/indonesia/baliku-guest-house-3000010002418?clickref=1100lAAfupbG&utm_id=6wVpZzyA&campaign_id=1100l6465&partner_id=1100l12126&gad_source=1,https://www.tiket.com/hotel/indonesia/baliku-guest-house-412001639107248891,,https://www.agoda.com/id-id/baliku-guest-house/hotel/malang-id.html?cid=1844104&ds=j75s0U%2FQIz0R%2Fy9g,,,,
182,Homestay,sahar backpaker,"jalan Moch Sahar No.10 Gang III, Ngaglik, Batu, kota batu, jawa timur 65314",-7.875764936,112.5242676,"81337556425, 62822-5781-8987",70.000 - 164.000,4,4,Wi-Fi gratis dan sarapan.,,https://www.instagram.com/saharbackpackerhostel/,,1,0,0,0,0,0,0,https://www.traveloka.com/id-id/hotel/detail?spec=25-07-2025.26-07-2025.1.1.HOTEL.3000010040226.Sahar%20Backpacker.2&contexts=%7B%22accessCode%22%3A%2290975GHAD1305desktop%22%2C%22metasearchRequestId%22%3A%22470226f0-360e-4175-8a63-84d34dba8308%22%2C%22inventoryRateKey%22%3A%22povEwB3ZzsU2C6pd%2B6MdUxPQfH0zjQrhnrQN8muKP1mcJ%2Bb8uDrQFMC3G8R8yr8HfwxXnYiRzoxM4HX9sDmt9%2FAm1AYn3MeGz8Xcpq5hCtgkoYhCABuc4UBUJdDpIzcBkjYFe7E9Hsd3uMKwzSkUl5pNkVNrbZlWauR9OJSMSOhqSdeRrOIJdiNjtKln2V621PkbOEaXxf7IUWBWlT0npilByeKd1a%2FVjTvXA5cd5%2FOGIFYfPTL%2FgTaueMOlH5gBZbKgQmrqg8k7rqNokP6bn9ao9jFCECphesPE%2BoPJTsF147SddMndpmbTlnHrsojJemCaHzo8ZKwlr895cwQsTphAEL0jJ1aCAPaWTLUPGXsqug4zrC87OJUsXyJ4b5Rv2iYOhS4wSOTQGzyJ%2FN8%2Bm0Gmb3UOlN0uD7%2FMrpBj8gp6PSSnlypkdMDDukIcvXAplJc%2FKJGLIg1FIl5ukBP%2B6wBsJyp0PuEqO07PVihJKl3tuwgueMJh9ZBAdZUyF5bbzsmfLCKjFY0CGq8UPdBUkMK%2FKllRbjT2kMb79GeMhm535mv0WuHIlwIJoCRiuNMQfNKkhSsCPNWxgjJFxai09xOr7KcQspSvMX5zMox4Ei70h8K1ksh3D%2BJZ%2BCnuzDQjuDjJj9Cwcx1NIu2b7JcoIoTpgRjmZk%2FB%2Bx%2FVsvqazU2ieBLWXUbPvudiOWm5cfFd9P9cmB8lnJPD57L%2BHY2TOZPunDspM6y1%2BXUvGkVYjPoo3NaOI15oqNg4tyEwoSKLDeDusr9%2FkMVDSp1aqi2Kvuame0UnupydsqAaOQ%2BdoxR7y9lYiTUlU7qZDaAwgDCLpHNJWdQQ0E7Hip%2BEAHv8XpdpfaAqnnzJX6xewlKC17ffL5t1HdKQtVEwsrKcffjPDDcuCeYyIwtYjMP5LHiao0kSvAFuHEhp%2Fxrhwu8DvJ9kMQ4H%2B9I1cAA1Xw7m9VrfTxPA1HEgrC0sYmyJkW9q7%2FafAbI8ZsLUTuaPqNk8GC7130Viae0frs7E9JuiHR%2BAcyelLIC8PX6XV06rRS30zKNWL4JDOyxgbKJnPkf%2B8R0CTn%2BP9FwgB9Oal5SwzAogM1fXTpYuCehU7r5zJmn9xelFHgPTueH3dCfZnipji9gF8Y%2Fapmb5DGXhK7QMM8GQE%2BZ4QkqBJpjxjuYoLKnwoxAnZhyeLkAWC80fril32j9rZyIEpH2BVS5%2BQBlabcZUqVJxUHQcw%2BZscSSpvpFJIA%3D%3D%22%7D&loginPromo=1&prevSearchId=1837860687521541162&mToken=Pwa6JSbybtz1i75xGIFvxI4MVSsz%2FSndnzNBJtRqz3OaMmPwTE0VF87HbYC1y2GOWXJbEjVLzy23AdrtW6rrpQ%3D%3D&metasearchRateId=IDUsers,,,,,,,
183,Homestay,RedDoorz @ WR. Supratman Batu,"Jl. WR. Supratman No.39, Ngaglik, Kec. Batu, Kota Batu, Jawa Timur 65314",-7.873538794,112.5241966,"83824701794, 0895-4173-00072",130.000 - 181.000,10,10,"Wi-Fi gratis, layanan kamar, kamar bebas rokok, shower, TV kabel, resepsionis 24 jam, dan layanan kebersihan harian.",,,,0,1,1,0,0,0,1,,https://www.tiket.com/hotel/indonesia/reddoorz-wr-supratman-batu-603001677728150379?hotelID=0a1d65c4-f984-4892-9591-466aa393eb8f&checkin=2025-07-22&checkout=2025-07-23&adult=2&country=ID&device=desktop&isAat=true&utm_source=google-hotel&utm_term=0a1d65c4-f984-4892-9591-466aa393eb8f&utm_medium=aff-meta&utm_campaign=Google-Hotel-0023-B2B-none-hotel&utm_external=aff,https://www.booking.com/hotel/id/oyo-90175-tl-guest-house.id.html?aid=2127680&label=metagha-link-LUID-hotel-6966995_dev-desktop_los-1_bw-0_dow-Tuesday_defdate-1_room-0_gstadt-2_rateid-dg_aud-0_gacid-_mcid-50_bc-AGpO0w_ppa-0_clrid-0_ad-0_gstkid-0_checkin-20250722_ppt-GBdB&sid=5efc070815cedccc354adf76c7b90825&all_sr_blocks=696699503_375405958_0_0_0_839190&checkin=2025-07-22&checkout=2025-07-23&dest_id=6966995&dest_type=hotel&dist=0&group_adults=2&group_children=0&hapos=1&highlighted_blocks=696699503_375405958_0_0_0_839190&hpos=1&matching_block_id=696699503_375405958_0_0_0_839190&no_rooms=1&req_adults=2&req_children=0&room1=A%2CA&sb_price_type=total&sr_order=popularity&sr_pri_blocks=696699503_375405958_0_0_0_839190_18120100&srepoch=1753163849&srpvid=b72a29c1cfd5004d&type=total&ucfs=1&,,,,https://www.reddoorz.com/id-id/hotel/indonesia/batu/batu/ngaglik/reddoorz-wr-supratman-batu?utm_source=google&utm_medium=mybusiness&utm_campaign=webclick,
184,Homestay,amaranta guest house,"Jalan Melati Kavling Atas No. 15, Songgokerto, Kec. Batu, Kota Batu, Jawa Timur 65312",-7.868395179,112.5061715,"8123305403, 0815-5655-6907",491.500 - 570.000,8,8,"Ruang merokok, ruang tamu, Wi-Fi gratis, restoran, penitipan bagasi, dan resepsionis 24 jam.",,https://www.instagram.com/amaranta_guest_house/,,1,1,1,1,0,0,0,https://www.traveloka.com/id-id/hotel/indonesia/amaranta-guest-house-3000020012753?clickref=1100lAAeWRWk&utm_id=6wVpZzyA&campaign_id=1100l6465&partner_id=1101l345763&gad_source=1,https://www.tiket.com/hotel/indonesia/amaranta-guest-house-108001534490380918,https://www.booking.com/hotel/id/amaranta-guest-house.id.html?aid=356980&label=gog235jc-1FCAsoaEIUYW1hcmFudGEtZ3Vlc3QtaG91c2VIElgDaGiIAQGYARK4ARfIAQzYAQHoAQH4AQKIAgGoAgO4AvXV4cMGwAIB0gIkY2FkYWMyOWEtNzI1Ny00ODA5LWJmYWQtMWFhZmI5Y2ViMjBj2AIF4AIB&sid=5efc070815cedccc354adf76c7b90825&age=0&all_sr_blocks=0_0_2_0_0&checkin=2025-07-25&checkout=2025-07-26&dest_id=-2672159&dest_type=city&dist=0&group_adults=2&group_children=0&hapos=1&highlighted_blocks=0_0_2_0_0&hpos=1&matching_block_id=0_0_2_0_0&no_rooms=1&req_adults=2&req_children=0&room1=A%2CA&sb_price_type=total&sr_order=popularity&sr_pri_blocks=0_0_2_0_0__52304102&srepoch=1752722169&srpvid=577f16fb883c1278&type=total&ucfs=1&,https://www.agoda.com/id-id/amaranta-guest-house/hotel/malang-id.html?cid=1844104,,,,
185,Homestay,Pondok Gruduk Rejeki,"Jl. Rambutan No.13, Songgokerto, Kec. Batu, Kota Batu, Jawa Timur 65312",-7.86270745,112.4936991,0813-3451-6921,,4,4,,,,,0,0,0,0,0,0,0,,,,,,,,
186,Homestay,Djanur Homestay,"Jl. Arumdalu, Songgokerto, Kec. Batu, Kota Batu, Jawa Timur 65312",-7.864302279,112.494501,"85604616518, 0858-1504-9092",,6,6,,,,,0,0,0,0,0,0,0,,,,,,,,
187,Homestay,"Wisma ""Dwi Putra""","Jl. Rambutan No.02, Songgokerto, Kec. Batu, Kota Batu, Jawa Timur 65312",-7.863989553,112.4944564,0813-3384-2466,,7,7,,,,,0,0,0,0,0,0,0,,,,,,,,
188,Homestay,Pondok Andini,"Jl. Jeruk No.6 C, Songgokerto, Kec. Batu, Kota Batu, Jawa Timur 65312",-7.863496314,112.4943863,0813-3468-7032,,5,5,,,,,0,0,0,0,0,0,0,,,,,,,,
189,Homestay,PONDOK ANUGRAH,"Jl. Rambutan No.11, Songgokerto, Kec. Batu, Kota Batu, Jawa Timur 65312",-7.86252094,112.4925029,81235229968,,3,3,,,,,0,0,0,0,0,0,0,,,,,,,,
190,Homestay,shakila guest house,"Jl. Arumdalu No.179, Songgokerto, Kec. Batu, Kota Batu, Jawa Timur 65312",-7.863823536,112.5037878,0823-3299-2916,125.744 - 1.600.000,27,27,"Wi-Fi gratis, parkir gratis, restoran, AC, bebas asap rokok, resepsionis 24 jam, dapur, ruang keluarga.",,,https://shakilabatu.com/,1,1,1,1,0,0,0,https://www.traveloka.com/id-id/hotel/detail?spec=25-07-2025.26-07-2025.1.1.HOTEL.3000010004877.Shakila%20Guest%20House.2&contexts=%7B%22accessCode%22%3A%2290975GHAD1305desktop%22%2C%22metasearchRequestId%22%3A%228ea117b2-e7a0-472f-9472-78127032e696%22%2C%22inventoryRateKey%22%3A%22povEwB3ZzsU2C6pd%2B6MdU2B9D%2BXTtnp8xBPheXkh8zfuSbH0j9iTzeWudc6j8rB5fwxXnYiRzoxM4HX9sDmt9%2FAm1AYn3MeGz8Xcpq5hCtgkoYhCABuc4UBUJdDpIzcBkjYFe7E9Hsd3uMKwzSkUl5pNkVNrbZlWauR9OJSMSOg3Ecwbn2%2F2IuOUXTOX6qJUpD%2BBOy0OkU8bRX2gGdZPZI%2BbdPKyeEcnUCrwiPsukDU4xJaQCNZd7Dm9H%2BzKz3SoHlBcSNHFk%2B6M%2Bed81rVbweEHGIhg0KJ7gZAJpw17ItAcEtGPm1fxqcNnBgMR8yyWfr0JetwTLoAw%2BDUqcOVIe7lS81%2FL314%2BEun2%2FX6YDWjHWF0oikqVBbEeaqI7v8GTcobv2sM7J0Fdi71F%2BMaPuJZ%2F4BcR1dMJZnHguitAKG52oXq3NKH%2BUBSfYHlHmQ50mEAQvSMnVoIA9pZMtQ8Zeysw8W1okYhx17mwgsTYuDua6RjhZ%2B%2F6QV25zuEEdvqmefho0o7KgbsmK2jlIeR2OjRtcdHHo%2FAWwEPDHg90N1R9O21BdVMumhKJ1LZWTYhAqtovf7l7Wh6O7acT8Ie56zkjUbMpMwoD8bDdfSrNvYejJhdEEziI4Xl3iRJYHk49Az27Z1pwj8m%2BElAgWVy8%2FCTCmUQ4IgCzAc66UD6yGyMRNwsM%2FLaczZ4m9O1wDbrkxfH2bKUpSjEuA6nReUpwnnje1JkIlqE%2BPx2SFmTGGUqtzNgBVBUaFxdXa73JQNTxlfxQK1kTlJUI3DHN0EvwNELADmhuhvMZhbVXxqvvmjb36jgruoUXlXJglH4Qjx1rUVyY4QHyTIIsa4hJL78hBhnsuGjNIa8TFVFxXBKa3rThY8Q89DAb2xlIP5cy2xPvFnSk625XvNS6hBLsZ3JeRqFpSIX%2BydxacpJb7fXWYX%2BgJfANNB7AUBKbQsawJF8kcJ%2FJYIM2%2F9fBKqcy%2BrP7mlbtT0MEfiSZ6lEU%2BeAmmzbbpmonUg7%2FB6aibAiVQ7mgFm70ZB1oDO8dyNmvil19WL4TKDxhi28XvPIBlSgaP10S9ndw6WWAqPyT0aQiHHd0IRSv7uPgFxQgvikV8AlnkUXFKpC7%2FbMNa9pcSR%2F41Ua9uj3nQ2wHzK3xcydn5K%2BaRCg6gbeG0xZpeyAoHMjANNEh%2FG4qwiA7azEsdUjhpr%2FN3vK4ePm17INbotrMMqbAH9DrM9wEjAj7UGk%2BLfXBEb8l39GYUH7q4l31W7btXN8%3D%22%7D&loginPromo=1&prevSearchId=1837876528439916719&mToken=Pwa6JSbybtz1i75xGIFvxI4MVSsz%2FSndnzNBJtRqz3M22M8CNJoRJBbQOf2tFup6YQ2Sv0wkNbqvPfDpEzTBJA%3D%3D&metasearchRateId=IDUsers,https://www.tiket.com/hotel/indonesia/shakila-guest-house-batu-108001534490328523,https://www.booking.com/hotel/id/shakila-guest-house-kota-batu.id.html?aid=1893449&label=metagha-link-LUID-hotel-13629252_dev-desktop_los-1_bw-8_dow-Friday_defdate-0_room-0_gstadt-2_rateid-public_aud-0_gacid-21404703723_mcid-50_bc-AM%243RA_ppa-0_clrid-0_ad-1_gstkid-0_checkin-20250725_ppt-B_lp-2360_r-9316836136913832952&sid=5efc070815cedccc354adf76c7b90825&all_sr_blocks=1362925201_408586582_2_0_0&checkin=2025-07-25&checkout=2025-07-26&dest_id=13629252&dest_type=hotel&dist=0&group_adults=2&group_children=0&hapos=1&highlighted_blocks=1362925201_408586582_2_0_0&hpos=1&matching_block_id=1362925201_408586582_2_0_0&no_rooms=1&req_adults=2&req_children=0&room1=A%2CA&sb_price_type=total&sr_order=popularity&sr_pri_blocks=1362925201_408586582_2_0_0__20475000&srepoch=1752735649&srpvid=e211314b4f55036f&type=total&ucfs=1&,https://www.agoda.com/id-id/shakila-guest-house/hotel/malang-id.html?countryId=192&finalPriceView=1&isShowMobileAppPrice=false&cid=1917614&numberOfBedrooms=&familyMode=false&adults=2&children=0&rooms=1&maxRooms=0&checkIn=2025-07-25&isCalendarCallout=false&childAges=&numberOfGuest=0&missingChildAges=false&travellerType=1&showReviewSubmissionEntry=false&currencyCode=IDR&isFreeOccSearch=false&los=1&searchrequestid=a502925d-f9a7-4d2c-8896-5b63153cc79c&ds=urprpHwLBgE%2B7oAp,,,,
191,Homestay,Homestay Sekar Gambir,"Jl. Indragiri Gg. 6 No.120, Sumberejo, Kec. Batu, Kota Batu, Jawa Timur 65318",-7.858745022,112.5081181,0813-1688-3471,223.181 - 742.603,9,15,"Wi-Fi gratis, parkir gratis, AC, TV, ruang tamu, ruang merokok, layanan makan pribadi, bathtub & shower, lemari es, teras atau balkon, dapur bersama, kebun, layanan kebersihan harian, layanan binatu (dry cleaning).",,,https://sekargambirhomestay-bke.zoombookdirect.com/search/2025-07-25/2025-07-26/rooms/1/adults/2?channel=google-pre-pay&adType=0&utm_campaign=,0,1,1,1,0,0,0,,https://www.tiket.com/hotel/indonesia/sekar-gambir-homestay-302001581391813965?hotelID=82db53db-37a1-43ce-92cb-3c59eddaedf7&checkin=2025-07-25&checkout=2025-07-26&adult=2&country=ID&device=desktop&isAat=true&utm_source=google-hotel&utm_term=82db53db-37a1-43ce-92cb-3c59eddaedf7&utm_medium=prf-ppc&utm_campaign=%5BMSA%5D-21472895668&utm_external=prf&gad_source=1&gad_campaignid=21472895668&gclid=CjwKCAjw4efDBhATEiwAaDBpboyhTs832T0464lGX633KPSqonJJm9LFHyz4c3WE-cfuIuRPZn9PzRoCQbsQAvD_BwE,https://www.booking.com/hotel/id/sekargambir-homestay.id.html?aid=1893449&label=metagha-link-LUID-hotel-3975276_dev-desktop_los-1_bw-7_dow-Friday_defdate-0_room-0_gstadt-2_rateid-public_aud-0_gacid-21404703723_mcid-50_bc-ADyobA_ppa-0_clrid-0_ad-1_gstkid-0_checkin-20250725_ppt-CgB_lp-2360_r-13960277587526402490&sid=5efc070815cedccc354adf76c7b90825&all_sr_blocks=397527601_123191160_0_0_0_618922&checkin=2025-07-25&checkout=2025-07-26&dest_id=3975276&dest_type=hotel&dist=0&group_adults=2&group_children=0&hapos=1&highlighted_blocks=397527601_123191160_0_0_0_618922&hpos=1&matching_block_id=397527601_123191160_0_0_0_618922&no_rooms=1&req_adults=2&req_children=0&room1=A%2CA&sb_price_type=total&sr_order=popularity&sr_pri_blocks=397527601_123191160_0_0_0_618922_27785500&srepoch=1752834732&srpvid=bc624a0d744a0a2b&type=total&ucfs=1&,https://www.agoda.com/id-id/sekar-gambir-homestay/hotel/malang-id.html?countryId=192&finalPriceView=1&isShowMobileAppPrice=false&cid=1918349&numberOfBedrooms=&familyMode=false&adults=2&children=0&rooms=1&maxRooms=0&checkIn=2025-07-25&isCalendarCallout=false&childAges=&numberOfGuest=0&missingChildAges=false&travellerType=1&showReviewSubmissionEntry=false&currencyCode=IDR&isFreeOccSearch=false&los=1&searchrequestid=e03fca43-3fee-4fd9-a6a2-773ca3d8bcb0&ds=pSLJh%2B8MFWlEpPOL,,,,
192,Homestay,homestay sakinah,"Jl. Cemara Kipas No 106, Sidolamulyo, Kota Wisata Batu, Sidomulyo, Kec. Batu, Kota Batu, Jawa Timur 65317",-7.849419443,112.5222835,"85331977088, 0857-5555-4072",350.000 - 2.500.000,5,5,"Kamar mandi dengan bathtub, ruang pertemuan, ruang sholat, TV, welcome drink, dapur lengkap beserta peralatan, sarapan pagi, Wi-Fi, 5 kamar khusus keluarga (4 di lantai atas, 1 di lantai bawah), kamar mandi dalam dan luar (tergantung kelas kamar), serta air mandi hangat dengan shower.",,,https://homestaysakinah.wordpress.com/,0,0,0,0,0,0,0,,,,,,,,
193,Homestay,wisma wisata wiratama,"Jl. Raya Dieng No.9, Sidomulyo, Kec. Batu, Kota Batu, Jawa Timur 65317",-7.862213707,112.5289745,0877-7160-7080 ,200.000 - 300.000,12,12,"Wi-Fi gratis, sarapan berbayar, restoran, pemesanan tempat makan, layanan kamar, penyewaan perahu gratis, penitipan bagasi, parkir gratis, layanan membangunkan, resepsionis 24 jam, AC, TV kabel, meja, kamar mandi, TV, AC, ruang dansa, kamar terhubung, dan teras.",,https://www.instagram.com/wismawisatawiratama/,,1,0,0,0,0,0,0,https://www.traveloka.com/en-en/hotel/indonesia/wisma-wisata-wiratama-9000000924723,,,,,,,
194,Homestay,ameswari homestay,"Jl. Raya Tlekung No.38, Tlekung, Kec. Junrejo, Kota Batu, Jawa Timur 65327",-7.912192254,112.5380992,85156673120,,3,15,,,,,0,0,0,0,0,0,0,,,,,,,,
195,Homestay,ayma homestay,"Jl. Raya Tlekung, Tlekung, Kec. Junrejo, Kota Batu, Jawa Timur 65327",-7.910007121,112.5378855,"81515619247, 0817-7238-9420",,3,3,"Ruang keluarga, alat pemanas, area bebas asap rokok, kolam renang outdoor, teras, karaoke, ruang TV, parkir berjaga, meja, shower, dan Wi-Fi gratis.",,,,1,0,0,0,0,0,0,https://www.traveloka.com/id-id/hotel/indonesia/ayma-homestay-9000003269496,,,,,,,
196,Homestay,D'Limasan Cafe & Eatery,"Jl. Raya Tlekung No.178, Tlekung, Kec. Junrejo, Kota Batu, Jawa Timur 65327",-7.915995745,112.5413183,"811360292, 0859-0001-3853	",,15,15,"TV kabel, water heater, shower, lemari pakaian, restoran, area BBQ, meja kerja, area luar ruangan, area merokok, taman, kafe, pembuat kopi/teh, kamar bebas rokok, Wi-Fi gratis, parkir, perlengkapan mandi, ramah anak, minuman selamat datang, balkon/teras, kipas angin, pemandangan terbaik, dan tidak menerima hewan peliharaan.",,https://www.instagram.com/dlimasanbatu/,,0,0,0,0,0,0,0,,,,,,,,
197,Homestay,OYO 1689 Sumber Urip Family Homestay Syariah,"Jl. Raya Tlekung No.138, Kel. Tlekung, Kec. Junrejo, Batu, Malang, Indonesia, 65327",-7.915313078,112.5378914,82245703574,,11,11,"Wi-Fi gratis, resepsionis 24 jam, kebun, layanan kamar, layanan binatu, penyewaan mobil, kamar bebas asap rokok, dan layanan kebersihan harian.",,,,1,1,0,0,0,0,0,https://www.traveloka.com/en-en/hotel/indonesia/oyo-1689-sumber-urip-family-homestay-syariah-9000000426268,https://www.tiket.com/hotel/indonesia/oyo-1689-sumber-urip-family-homestay-syariah-807001752215360258,,,,,,
198,Homestay,Villa Sumber Urip 2,"Jl. Sumber Urip No.3, Tlekung, Kec. Junrejo, Kota Batu, Jawa Timur 65327",-7.915215741,112.5369823,0812-5260-3883,,20,20,"Wi-Fi gratis, parkir gratis, kebun, layanan kamar 24 jam, area merokok, layanan kebersihan harian, ruang bersama/area TV, keamanan 24 jam.",,,,1,1,0,1,0,0,0,https://www.traveloka.com/en-sg/hotel/indonesia/sumber-urip-homestay-9000005508169,https://www.tiket.com/hotel/indonesia/homestay-sumber-urip-2-by-zuzu-705001716953110375,,https://www.agoda.com/id-id/homestay-sumber-urip-2/hotel/malang-id.html?cid=1844104&ds=iyXClU9yW8Gp3vPg,,,,
199,Homestay,Dedaunan Guest House,"Jl. Trunojoyo no. 2 Junrejo, Kec. Junrejo, Kota Batu, Jawa Timur 65321",-7.9011425,112.5574398,(0341) 594466,358.56,14,14,"Wi-Fi gratis, kolam renang, parkir, restoran, kolam renang anak, kebun, layanan kamar, layanan binatu.",,,,0,1,0,1,0,0,0,,https://www.tiket.com/hotel/indonesia/de-daunan-boutique-guest-house-206001560499414202,,https://www.agoda.com/id-id/de-daunan-boutique-guest-house/hotel/malang-id.html?cid=1844104,,,,
200,Homestay,OYO 90737 Losmen Aini Syariah,"Jl. Hasanudin No.89, Junrejo, Kec. Junrejo, Kota Batu, Jawa Timur 65321",-7.90909424,112.5554934,"817775900, (021) 29707601",111.597,5,5,"Wi-Fi gratis, parkir gratis, AC di area umum, layanan binatu, layanan kebersihan harian.",,,,1,1,1,1,0,1,0,https://www.traveloka.com/id-id/hotel/indonesia/oyo-90737-losmen-aini-syariah-9000000973720,https://www.tiket.com/hotel/indonesia/oyo-90737-losmen-aini-syariah-411001637634658891,https://www.booking.com/hotel/id/oyo-90737-losmen-aini-syariah.id.html?aid=356980&label=gog235jc-1FCAsoaEIdb3lvLTkwNzM3LWxvc21lbi1haW5pLXN5YXJpYWhIElgDaGiIAQGYARK4ARfIAQzYAQHoAQH4AQKIAgGoAgO4AoXn6MMGwAIB0gIkM2U0NjJiYzMtNjljYS00MTgyLWFhOTUtZmZmYmUzZDg2NDRk2AIF4AIB&sid=5efc070815cedccc354adf76c7b90825&age=1&checkin=2025-07-25&checkout=2025-07-26&dest_id=-2672159&dest_type=city&dist=0&group_adults=2&group_children=0&hapos=1&hpos=1&no_rooms=1&req_adults=2&req_children=0&room1=A%2CA&sb_price_type=total&soh=1&sr_order=popularity&srepoch=1752839053&srpvid=e9d65283e9930fbb&type=total&ucfs=1&#no_availability_msg,https://www.agoda.com/id-id/oyo-90737-losmen-aini-syariah/hotel/malang-id.html?cid=1844104&ds=JFqIT0GXUzA1kP50,,https://www.oyorooms.com/id/156321/?utm_source=GMB_ID&utm_medium=Organic&utm_campaign=ID_BTU071&latitude=-7.909079826652243&longitude=112.55549973264884&locale=id,,
201,Homestay,Tulip Cafe & Guest House,"Jl. Hasanudin No.218, Junrejo, Kec. Junrejo, Kota Batu, Jawa Timur 65321",-7.903332543,112.5550348,0822-3131-2686,200.000 - 244.934,12,12,"Wi-Fi gratis, parkir, kafe, shower, TV, restoran.",,https://www.instagram.com/tulipbatu/,,0,1,0,0,0,0,0,,https://www.tiket.com/hotel/indonesia/tulip-guest-house-802001740483319562,,,,,,
202,Homestay,Mitra Guest House Syariah,"Jl. Ir. Soekarno No.369, Mojorejo, Kec. Junrejo, Kota Batu, Jawa Timur 65322",-7.901074388,112.5587112,0895-4173-00072,140.666 - 285.258,11,11,"Alat mandi gratis, resepsionis 24 jam, Wi-Fi gratis, penyewaan mobil, AC di area umum, penitipan barang, parkir gratis di lokasi, kamar bebas asap rokok, kamar mandi pribadi, shower, AC, dan TV layar datar.",,,,1,1,1,1,0,0,1,https://www.traveloka.com/id-id/hotel/indonesia/reddoorz-syariah--mitra-guest-house-9000002376394,https://www.tiket.com/hotel/indonesia/reddoorz-syariah-mitra-guest-house-505001651732361945,https://www.booking.com/hotel/id/mitra-guest-house-syariah.id.html?aid=356980&label=gog235jc-1FCAsoaEIZbWl0cmEtZ3Vlc3QtaG91c2Utc3lhcmlhaEgSWANoaIgBAZgBErgBF8gBDNgBAegBAfgBAogCAagCA7gC8_3owwbAAgHSAiQzZmEyMGZiMy04MmIzLTQxYjktYTUxNy05YmE0NjQ3MDMyOTHYAgXgAgE&sid=5efc070815cedccc354adf76c7b90825&age=0&all_sr_blocks=698424601_0_2_0_0&checkin=2025-07-25&checkout=2025-07-26&dest_id=-2686378&dest_type=city&dist=0&group_adults=2&group_children=0&hapos=1&highlighted_blocks=698424601_0_2_0_0&hpos=1&matching_block_id=698424601_0_2_0_0&no_rooms=1&req_adults=2&req_children=0&room1=A%2CA&sb_price_type=total&sr_order=popularity&sr_pri_blocks=698424601_0_2_0_0__19366447&srepoch=1752841985&srpvid=f3a3583a636d075f&type=total&ucfs=1&,https://www.agoda.com/id-id/mitra-guest-house-syariah/hotel/malang-id.html?countryId=192&finalPriceView=1&isShowMobileAppPrice=false&cid=1917614&numberOfBedrooms=&familyMode=false&adults=2&children=0&rooms=1&maxRooms=0&checkIn=2025-07-25&isCalendarCallout=false&childAges=&numberOfGuest=0&missingChildAges=false&travellerType=1&showReviewSubmissionEntry=false&currencyCode=IDR&isFreeOccSearch=false&los=1&searchrequestid=d8947db2-6d13-46a0-bf78-7a4b91d2de81&ds=CV6A9RFmWMqzLOPg,,,https://www.reddoorz.com/id-id/hotel/indonesia/batu/junrejo/mojorejo/mitra-guest-house-syariah?check_in_date=25-07-2025&check_out_date=26-07-2025&rooms=1&sort_by=popular&order_by=desc&currency=idr&gha_source=true&guest=2,
203,Homestay,Arum Guest House,"Jl. Ir. Soekarno RT 01 RW 04, Beji, Kec. Junrejo, Kota Batu, Jawa Timur 65236",-7.887470573,112.5434534,"81217177459, 0896-8949-4444",191.092 - 263.767,7,12,"Alat mandi gratis, resepsionis, dan Wi-Fi gratis.",,https://www.instagram.com/arumguesthouse/,,0,0,0,0,0,0,1,,,,,,,https://www.reddoorz.com/id-id/hotel/indonesia/batu/batu/temas/reddoorz-near-dino-park,
204,Homestay,Kalila Penginapan di Batu Malang ,"Jl. Damun, Beji, Kec. Junrejo, Kota Batu, Jawa Timur 65236",-7.897211272,112.5498994,0811-3031-777,140.000 - 185.76,7,7,"Wi-Fi gratis, parkir gratis, resepsionis 24 jam, AC, ruang tamu, penitipan bagasi, layanan tiket (Ticket Clean), dapur kecil (kitchenette), shower, teras, TV, dan penyewaan transportasi.",,,http://syariahrooms.com/,1,1,0,0,0,0,0,https://www.traveloka.com/en-sg/hotel/indonesia/khalila-homestay-syariah-9000000324100,https://www.tiket.com/hotel/indonesia/khalila-homestay-syariah-807001751615170526,,,,,,
205,Homestay,ertu homestay,"Gg. Melati No.15, Dadaprejo, Kec. Junrejo, Kota Batu, Jawa Timur 65323",-7.909717028,112.5743059,0813-3433-3209,500,3,3,"Wi-Fi gratis, Area parkir, Ruang tamu, Smart TV, Layanan streaming (Netflix, HBO, Disney+, dll.), Kulkas, Shower, Penanak nasi, Peralatan makan, Teras atau balkon, Mesin cuci, Tiket Clean",,,,0,1,0,0,0,0,0,,https://www.tiket.com/homes/indonesia/ertu-homestay-syariah-602001676165437869,,,,,,
206,Homestay,Hafeeza syariah guest house,"Dadaprejo, Kec. Junrejo, Kota Batu, Jawa Timur",-7.916203028,112.5765961,"81334286150, 81575757950",450.000 - 650.000,4,4,"AC, Smart TV, Water heater gas, Dispenser, Peralatan masak, Kulkas, Magicom, dan lainnya.",,https://www.instagram.com/hafeeza_syariah_homestay/,,0,0,0,0,0,0,0,,,,,,,,
207,Homestay,PAPADAAN Homestay ,"Dadaprejo, Kec. Junrejo, Kota Batu, Jawa Timur 65233",-7.913909377,112.5777253,81359176814,,4,4,"Kolam renang, parkir gratis, Wi-Fi gratis, resepsionis 24 jam, bidet dan shower, TV, akses internet, area parkir, dapur, keamanan 24 jam, layanan berbahasa Inggris, dan layanan berbahasa Indonesia.",,,,1,1,0,1,0,0,0,https://www.traveloka.com/en-en/hotel/indonesia/papadaan-homestay-syariah-batu-9000001132459,https://www.tiket.com/hotel/indonesia/papadaan-homestay-syariah-batu-511001667557841420,,https://www.agoda.com/en-ca/papadaan-homestay-syariah-batu/hotel/malang-id.html?cid=1844104&ds=B6sw5P9U20WoVXce,,,,
208,Homestay,MUSLIM GUEST HOUSE,"Jalan Ir. Soekarno Gg. 4 no. 8, Dadaprejo, Batu, Dadaprejo, Kec. Junrejo, Kabupaten Malang, Jawa Timur 65323",-7.910374454,112.5813457,0851-0494-4677,,4,4,"Wi-Fi gratis, resepsionis 24 jam, parkir gratis, keamanan, CHSE, bebas rokok, TV kabel, teras atau balkon",,,,0,1,0,0,0,0,0,,https://www.tiket.com/hotel/indonesia/muslim-guest-house-411001637823809804,,,,,,
209,Homestay,harwin homestay,"Jl. Raya Pandanrejo No.39, Pandanrejo, Kec. Bumiaji, Kota Batu, Jawa Timur 65332",-7.864448867,112.5391917,"085707577821, 085777180755, 082257050777",60.000 - 103.000,4,4,"AC, TV, Resepsionis, Pemadam api, Dapur, Musholla, Parkir, Ruang keluarga, Kamar bebas asap rokok.",,,,0,0,0,1,0,1,0,,,,https://www.agoda.com/id-id/oyo-90488-harwin-homestay/hotel/malang-id.html?cid=1844104&ds=HrOiJsnvlx5QfhAM,,https://www.oyorooms.com/id/112717/?fbclid=PAZXh0bgNhZW0CMTEAAaeNktVGDyITtAj-IWVc-vJzX6fDIiOxKjZRLOD3Mt-Z5MWsKr3dffEh3NehUQ_aem_ZmFrZWR1bW15MTZieXRlcw,,
210,Homestay,omah ciplukan,"JL. NGUJUNG, RT.01/RW.01, Pandanrejo, Kec. Batu, Kota Batu, Jawa Timur 65332",-7.864268952,112.5536468,"85710908641, 0813-2991-3081",,4,4,,,https://www.instagram.com/omah_ciplukan/,,0,0,0,0,0,0,0,,,,,,,,
211,Homestay,RedDoorz @ Penginapan Garuda Batu,"Jl. Rusman No.7, Punten, Kec. Bumiaji, Kota Batu, Jawa Timur 65338",-7.836443064,112.5278809,"87762157941,  0895-4173-00072",137.000 - 155.000,14,14,"TV layar datar, Kamar kelas atas dengan Wi-Fi, Parkir, Wi-Fi gratis",,,,1,0,1,1,0,0,1,https://www.traveloka.com/id-id/hotel/indonesia/penginapan-garuda-9000005586101,,https://www.booking.com/hotel/id/reddoorz-at-penginapan-garuda-batu.id.html?aid=2127680&label=metagha-link-LUID-hotel-14304965_dev-desktop_los-1_bw-7_dow-Friday_defdate-0_room-0_gstadt-2_rateid-dg_aud-0_gacid-_mcid-50_bc-ANpGxQ_ppa-0_clrid-0_ad-0_gstkid-0_checkin-20250725_ppt-GBdB&sid=5efc070815cedccc354adf76c7b90825&all_sr_blocks=1430496501_414606748_2_0_0&checkin=2025-07-25&checkout=2025-07-26&dest_id=14304965&dest_type=hotel&dist=0&group_adults=2&group_children=0&hapos=1&highlighted_blocks=1430496501_414606748_2_0_0&hpos=1&matching_block_id=1430496501_414606748_2_0_0&no_rooms=1&req_adults=2&req_children=0&room1=A%2CA&sb_price_type=total&sr_order=popularity&sr_pri_blocks=1430496501_414606748_2_0_0__15470300&srepoch=1752844385&srpvid=3fbf5cdca2ee0ba6&type=total&ucfs=1&,https://www.agoda.com/id-id/oyo-1028-garuda-residence/hotel/malang-id.html?cid=1844104&ds=hiv7cJXLXnTV%2F3QE,,,https://www.reddoorz.com/id-id/hotel/indonesia/batu/bumiaji/bumiaji/reddoorz-penginapan-garuda-batu?check_in_date=25-07-2025&check_out_date=26-07-2025&rooms=1&sort_by=popular&order_by=desc&currency=idr&gha_source=true&guest=2,
212,Homestay,losmen jaya,"Jl. Salam No.6, Punten, Kec. Bumiaji, Kota Batu, Jawa Timur 65338",-7.836585754,112.5292615,,,10,10,,,https://www.instagram.com/losmenjaya/,,0,0,0,0,0,0,0,,,,,,,,
213,Homestay,Losmen Pendowo,"Jl. Rusman No.5, Punten, Kec. Bumiaji, Kota Batu, Jawa Timur 65338",-7.836375763,112.5281397,(0341) 594374,,17,17,,,,,0,0,0,0,0,0,0,,,,,,,,
214,Homestay,paramah guest house,"Jl.Glatik No.4 Gempol, Punten, Kec. Bumiaji, Kota Batu, Jawa Timur 65338",-7.831836572,112.5282829,", 0811-179-2097
0812-8379-7878 ",176.000- 192.000,12,12,"Wi-Fi gratis, Parkir gratis",,https://www.instagram.com/paramagh/?hl=id,,1,1,0,0,0,0,0,https://www.traveloka.com/en-en/hotel/indonesia/parama-guest-house-3000010035015,https://www.tiket.com/homes/indonesia/parama-guest-house-706001718698427558,,,,,,
215,Homestay,Penginapan Pondok Wisata,"Jl. Raya Punten No.96, Punten, Kec. Bumiaji, Kota Batu, Jawa Timur 65338",-7.832642264,112.528897,(0341) 596703,,4,4,,,,,0,0,0,0,0,0,0,,,,,,,,
216,Homestay,Pagupon Camp & Outbound,"Jl. Coban Talun, Tulungrejo, Kec. Bumiaji, Kota Batu, Jawa Timur 65336",-7.800016262,112.5162977,8122223010,422,14,14,"Wi-Fi gratis, TV, Shower, Teras/balkon, Ruang tamu, Pembuat teh/kopi di semua kamar, Perlengkapan BBQ, Kebun, Area outbound, Fasilitas anak, Tempat parkir mobil, Check-in 24 jam, Layanan kamar, Layanan sarapan bawa pulang, Tur",,,,0,1,1,1,0,0,0,,https://www.tiket.com/homes/indonesia/pagupon-camp-batu-605001684892435871,https://www.booking.com/hotel/id/pagupon-camp.id.html?aid=356980&label=gog235jc-1FCAsoaEIMcGFndXBvbi1jYW1wSBJYA2hoiAEBmAESuAEXyAEM2AEB6AEB-AECiAIBqAIDuALwj4HEBsACAdICJDI1MGQ0MTc2LTUwOTctNDgxMS1iMzM2LWMzZjI4YTcyMDUwOdgCBeACAQ&sid=5efc070815cedccc354adf76c7b90825&dest_id=-2672159&dest_type=city&dist=0&group_adults=2&group_children=0&hapos=1&hpos=1&no_rooms=1&req_adults=2&req_children=0&room1=A%2CA&sb_price_type=total&sr_order=popularity&srepoch=1753237516&srpvid=8fa510f98ddd0746&type=total&ucfs=1&,https://www.agoda.com/id-id/pagupon-camp-syariah-h30800092/hotel/malang-id.html?cid=1844104&ds=nwhjkQEA9iQI%2F6uY,,,,
217,Homestay,omah dolan,"Jl. Raya Pandanrejo No.308, Giripurno, Kec. Bumiaji, Kota Batu, Jawa Timur 65332",-7.864076265,112.5539699,"813660038, 0813-3366-6032",339.000 - 1.000.000,38,38,"Edukasi alam, Wi-Fi gratis, Kolam renang anak & dewasa",,https://www.instagram.com/tamandolanbatu/,https://tamandolan.com/,1,1,0,0,0,0,0,https://www.traveloka.com/id-id/hotel/indonesia/taman-dolan-home--resort-3000020010924,https://www.tiket.com/hotel/indonesia/taman-dolan-home-resort-308001597075212337,,,,,,
218,Homestay,losman trisno,"Jl. Trunojoyo No.47, Songgokerto, Kec. Batu, Kota Batu, Jawa Timur 65312",-7.864637901,112.5047053,83862563077,,18,18,,,,,0,0,0,0,0,0,0,,,,,,,,
219,Homestay,Sahabat Backpacker 2 /Matabean Inn,"Jl. Sultan Agung No.6, Sisir, Kec. Batu, Kota Batu, Jawa Timur 65314",-7.880090979,112.5257237,0821-1525-2558,130.000 - 400.000,10,15,"Shower, balkon/teras, area tempat duduk, ruang TV, water heater, Wi-Fi, parkir",,https://www.instagram.com/matabeaninn/,,1,1,0,0,0,0,0,https://www.traveloka.com/id-id/hotel/detail?spec=25-07-2025.26-07-2025.1.1.HOTEL.3000010036564.Sahabat%20Backpacker%202%20(Mata%20Bean).2&contexts=%7B%22accessCode%22%3A%2290975GHAD1305desktop%22%2C%22metasearchRequestId%22%3A%22a4eb4be6-a569-4679-8e67-28fc76390cc6%22%2C%22inventoryRateKey%22%3A%22povEwB3ZzsU2C6pd%2B6MdU%2B0DXZ%2BT%2Bqw8uON7NhQf%2Ft6QcGTuOremnfsisO2DbEV3fwxXnYiRzoxM4HX9sDmt9%2FAm1AYn3MeGz8Xcpq5hCtgkoYhCABuc4UBUJdDpIzcBkjYFe7E9Hsd3uMKwzSkUl5pNkVNrbZlWauR9OJSMSOgTUF8uPIIQL0rCSb9XNHrUgx3dY0fDy92Zrqs2Y8W8hI%2BbdPKyeEcnUCrwiPsukDU4xJaQCNZd7Dm9H%2BzKz3SoHlBcSNHFk%2B6M%2Bed81rVbweEHGIhg0KJ7gZAJpw17ItAcEtGPm1fxqcNnBgMR8yyWfr0JetwTLoAw%2BDUqcOVIe7lS81%2FL314%2BEun2%2FX6YDWjHWF0oikqVBbEeaqI7v8GTcobv2sM7J0Fdi71F%2BMaPuJZ%2F4BcR1dMJZnHguitAKG52oXq3NKH%2BUBSfYHlHmQ50mEAQvSMnVoIA9pZMtQ8Zeysw8W1okYhx17mwgsTYuDua6RjhZ%2B%2F6QV25zuEEdvqmefho0o7KgbsmK2jlIeR2OjRtcdHHo%2FAWwEPDHg90N1R9O21BdVMumhKJ1LZWTYhAqtovf7l7Wh6O7acT8Ie56zkjUbMpMwoD8bDdfSrNvYejJhdEEziI4Xl3iRJYHk49Az27Z1pwj8m%2BElAgWVy8%2FODUrqFWIyXiWukZ97Q59xhLOErR8PcPDi3y2Tlj8JoixfH2bKUpSjEuA6nReUpwnoNpHyMob8pzGm%2BV6DCotdm4lV6YSS5Tso4kjBqOeJ7xFNPey1P2y0SHQcywexj%2FYBqoKaN%2FRXEwNWlxuPDGjQUqbNxpkkKDcfGBBfT%2BSpQfujBK8HL%2BZhz6IjEsBaXSHWkervjyMh%2BIaj9g0F7KwkN27V862wvMObkb6MyjADcNZ4d%2BXTHeHbxezq%2BT5G0TpDjM4fcNDUGm2KTQnR%2B%2B4j%2BlSVzjJZqMTS3GhrMKWp6DA7ZzcWkieGDU0HUjfYhwcLOTjzEFKptjdmoVVXqmhKrb5yRd1UG2%2FFmhCZqKMHywQ17UV97xzHSXoK%2B%2BdT0D1enM3HnnE4jq3Z4eanG5Y2iL%2FzdtxTLsjVK3kvoNJLz0%2FnS2BaZupUnoIyHBclTRedFb%2F3c27QlVbCF4NcgKlrbfuv7kEENvbU%2FhIon90pw%2B5HHaxEsmHmxnlBUOq4CNOQO4Pwy%2FL%2Bsph9%2FXG9jou8irRYws%2FQVweWmEa9ZMjCr28Uss3tUFqZb1Uh5zPP4UodVPjoHYY5SMmvY%2FoWemETDtHzCM72oGq8gqHuxKfVJc5KiHz%2BySqwZMG%2FUKzlOW18vweVsID8N6NMYt%2BQvTgUTXjswzdyhO%2B%2FPkfUumWmHv%22%7D&loginPromo=1&prevSearchId=1838404226099733352&mToken=Pwa6JSbybtz1i75xGIFvxI4MVSsz%2FSndnzNBJtRqz3O8LeyXyXkVc5mhG%2Bbn5IbzhSZskf4wL12%2BjjuqKIJOJg%3D%3D&metasearchRateId=IDUsers,https://www.tiket.com/hotel/indonesia/sahabat-backpacker-2-matabean-411001637749847956,,,,,,
220,Homestay,Golden Shaleeha,"perum pesona batu residence kav 27, Batu, Malang, Jawa timur,  indonesia, 65316",-7.893173304,112.5406602,85785083336,400,2,2,"Shower, balkon/teras, area tempat duduk, ruang TV, water heater, Wi-Fi, parkir",,,,1,0,0,0,0,0,0,https://www.traveloka.com/id-id/hotel/indonesia/golden-shaleeha-9000003249296,,,,,,,
221,Homestay,villa sinta,"Jl. Hayam Wuruk, RT.02/RW.03, ororombo, Kec. Batu, Kota Batu, Jawa Timur 65316",-7.900028864,112.5347702,0823-3459-3950,,4,8,,,,,0,0,0,0,0,0,0,,,,,,,,
222,Homestay,vila bale arjuno,"Jl. Raya Arjuno Jl. Raya Junggo No.92, Tulungrejo, Kec. Bumiaji, Kota Batu, Jawa Timur 65336",-7.803049129,112.5273934,"82141331528, 0813-3433-5598",,3,3,,,,,0,0,0,0,0,0,0,,,,,,,,
223,Homestay,Homestay Pondok Labu Batu,"Jalan Bromo, Dusun Ngujung, RT.02/RW.01, Pandanrejo, Kec. Batu, Kota Batu, Jawa Timur 65332",-7.867502658,112.5512907,85102635119,700.000 - 1.000.000,1,20,,,https://www.instagram.com/pondoklabubatu/,https://homestaypondoklabu.wordpress.com/,0,0,0,0,0,0,0,,,,,,,,
224,Homestay,PANDAN INN GUEST HOUSE,"Jl. Raya Pandanrejo No.112, Pandanrejo, Kec. Bumiaji, Kota Batu, Jawa Timur 65332",-7.864704693,112.5396833,"85880948817, 0895-4173-00072",115.596 - 137.027,20,30,"Resepsionis 24 jam, properti bebas asap rokok, tiket Green, Wi-Fi gratis",,https://www.instagram.com/pandaninn/,,1,1,1,0,0,0,0,https://www.traveloka.com/id-id/hotel/indonesia/oyo-90240-pandan-inn-guest-house-batu-9000000952521,https://www.tiket.com/hotel/indonesia/90240-pandan-inn-guest-house-batu-708001723617285914,https://www.booking.com/searchresults.id.html?aid=356980&label=gog235jc-1DCAsoaEIlb3lvLTkwMjQwLXBhbmRhbi1pbm4tZ3Vlc3QtaG91c2UtYmF0dUgSWANoaIgBAZgBErgBF8gBDNgBA-gBAfgBAogCAagCA7gClt6LxAbAAgHSAiRhOGQ5NTVhYS0yNTE3LTRmNTYtOWY2ZC0yMWNjNmRhZmFmNGTYAgTgAgE&highlighted_hotels=7065682&checkin=2025-07-25&redirected=1&city=-2672159&hlrd=user_sh&source=hotel&checkout=2025-07-26&keep_landing=1&sid=233728113668e99909dd2ab41b784bea,,,,,
225,Homestay,Hisaa Homestay,"Jl. Damun No.7-23, Beji, Kec. Junrejo, Kota Batu, Jawa Timur 65236",-7.895524993,112.5469258,85767913589,,2,2,,,,,0,0,0,0,0,0,0,,,,,,,,
226,Homestay,Graha Flora Songgoriti ,"gang. kelengkeng 20A, Jl. arumdalu-songgoriti Songgokerto batu-malang, Songgokerto, Kec. Batu, Kota Batu, Jawa Timur 65312",-7.863751644,112.4952609,"81330615935, 0859-2596-0760",,8,8,,,,,0,0,0,0,0,0,0,,,,,,,,
227,Villa,Inn Villa Garden Resort,"Jl. Mawar No.30-32, Songgokerto, Kec. Batu, Kota Batu, Jawa Timur 65312",-7.868442029,112.504787,(0341) 3061610,294.432 - 450.450,16,41,"kolam renang, parkir, Wi-Fi, resepsionis 24 jam, fasilitas rapat, billiard dan tenis meja, taman, karaoke, tersedia berbagai tipe kamar dan villa.","- Dekat dengan Taman Wisata Tirta Nirwana Songgoriti
- Lokasi tenang dan nyaman, cocok untuk liburan keluarga atau gathering
- Suasana yang tenang, cocok untuk bersantai
- Pemandangan indah yang menambah kenyamanan
- Dengan fasilitas lengkap, lokasi strategis, dan suasana nyaman, In Villa Garden Resort cocok untuk liburan keluarga, acara bisnis, maupun acara khusus.
",https://www.instagram.com/invilla_batu/,,1,1,1,1,1,0,0,https://www.traveloka.com/id-id/hotel/indonesia/in-villa-garden-resort-9000001152516,https://www.tiket.com/hotel/indonesia/in-villa-garden-resort-705001715929518131,https://www.booking.com/hotel/id/in-villa-garden-resort.id.html?aid=356980&label=gog235jc-10CAsoaEIWaW4tdmlsbGEtZ2FyZGVuLXJlc29ydEgSWANoaIgBAZgBM7gBF8gBDNgBA-gBAfgBAYgCAagCAbgC8-LqxAbAAgHSAiQwOTkyOTM1YS02NDg0LTRhYWUtOTY2My00ZDcxODBlZjc4MTHYAgHgAgE&sid=5efc070815cedccc354adf76c7b90825&all_sr_blocks=1011301901_373808212_2_2_0&checkin=2025-08-27&checkout=2025-08-28&dest_id=-2672159&dest_type=city&dist=0&group_adults=2&group_children=0&hapos=1&highlighted_blocks=1011301901_373808212_2_2_0&hpos=1&matching_block_id=1011301901_373808212_2_2_0&no_rooms=1&req_adults=2&req_children=0&room1=A%2CA&sb_price_type=total&sr_order=popularity&sr_pri_blocks=1011301901_373808212_2_2_0__46800000&srepoch=1754968607&srpvid=ec811704f93d00ec&type=total&ucfs=1&,https://www.agoda.com/id-id/invilla-villa-resort/hotel/malang-id.html?countryId=192&finalPriceView=1&isShowMobileAppPrice=false&cid=1844160&numberOfBedrooms=&familyMode=false&adults=2&children=0&rooms=1&maxRooms=0&checkIn=2025-08-27&isCalendarCallout=false&childAges=&numberOfGuest=0&missingChildAges=false&travellerType=1&showReviewSubmissionEntry=false&currencyCode=IDR&isFreeOccSearch=false&los=1&searchrequestid=5bbc813c-30d8-4b08-a719-bdc003259b6d&ds=FDAcBlbH14clVHV2,https://id.trip.com/hotels/batu-sub-district-hotel-detail-108849243/in-villa-garden-resort/,,,
228,Villa,The Batu Hotel& Villas,"Jl. Sultan Agung No.29, Sisir, Kec. Batu, Kota Batu, Jawa Timur 65314",-7.879217637,112.5227611,(0341) 592955,455.000 - 792.000,61,122,"Free Wi-Fi, sarapan, parkir gratis, aksesibel, kolam renang luar ruangan, AC, layanan laundry, ramah hewan peliharaan, layanan kamar, ramah anak, restoran, antar-jemput bandara, water heater, spa, pusat kebugaran, bar, bebas asap rokok.","Terletak di taman yang rimbun. hotel kasual dengan pemandangan gunung dan lembah ini berjarak 6 menit berjalan kaki dari Museum Angkut. 1 km dari Jawa Timur Theme Park 1.
Kamar-kamarnya yang santai menawarkan TV layar datar, fasilitas pembuat teh dan kopi, serta Wi-Fi. Beberapa kamar memiliki balkon dan pemandangan gunung. Vila dilengkapi ruang tamu dan dapur. Suite dan cottage juga tersedia, ditambah kamar asrama sederhana. Layanan kamar tersedia.
Terdapat ruang permainan dan restoran bernuansa hangat dengan jendela setinggi langit-langit. Sarapan, layanan antar-jemput, tempat parkir, dan layanan pijat tersedia.",,http://www.thebatuvillas.com/,1,0,0,1,0,0,0,https://www.traveloka.com/id-id/hotel/detail?spec=12-08-2025.13-08-2025.1.1.HOTEL.3000010002833.The%20Batu%20Hotel%20%26%20Villas.2&contexts=%7B%22accessCode%22%3A%2290975GHAD1305desktop%22%2C%22metasearchRequestId%22%3A%224219eb13-1584-46b7-a568-0e6f44c67373%22%2C%22inventoryRateKey%22%3A%22povEwB3ZzsU2C6pd%2B6MdU13LUNuufACdbU0usK5vg0fgc1zOC2clrJY5wcLhvHPufwxXnYiRzoxM4HX9sDmt9%2FAm1AYn3MeGz8Xcpq5hCtgkoYhCABuc4UBUJdDpIzcBkjYFe7E9Hsd3uMKwzSkUl5pNkVNrbZlWauR9OJSMSOiXRHzAZDWeuG0F1hB7SR6yKGSnvOoa8oUkwVqgWFltLY%2BbdPKyeEcnUCrwiPsukDU4xJaQCNZd7Dm9H%2BzKz3SoHlBcSNHFk%2B6M%2Bed81rVbweEHGIhg0KJ7gZAJpw17ItAcEtGPm1fxqcNnBgMR8yyWsqLVLiVkZp%2FG52AlJ1henblS81%2FL314%2BEun2%2FX6YDWiyFsPD2x3QEcM8llUfiHL8cobv2sM7J0Fdi71F%2BMaPuJZ%2F4BcR1dMJZnHguitAKG4sPX4lQXx3WuS3pDmvHr6TmEAQvSMnVoIA9pZMtQ8Ze2IPhCfCtOOsCfUdg4%2FLb1ma6RjhZ%2B%2F6QV25zuEEdvqmefho0o7KgbsmK2jlIeR2OjRtcdHHo%2FAWwEPDHg90N1R9O21BdVMumhKJ1LZWTYhAqtovf7l7Wh6O7acT8Ie56zkjUbMpMwoD8bDdfSrNvYejJhdEEziI4Xl3iRJYHk49Az27Z1pwj8m%2BElAgWVy8%2FPhzedMpdpGT3VlRFI3Lw2PCdJGkMZsDWijZ%2FT0n9v11xfH2bKUpSjEuA6nReUpwnv1H0sWhzdbH7%2B0Rtsh724%2FjPt0yluV7LIE%2BO9WApLmPlfxQK1kTlJUI3DHN0EvwNDCmFYRHIaL9k1o31jsNJ8ZdRIxAkB%2FTzC2x4qzSPHp2d5pQ5%2BHw1J1TK6E5FeoT6T8AVvZ9qLJTDwbqb88hTw9Ywlx0XWa8wDnyygtf7Crmp%2Fc6G6mL9eWogIEjTUT%2BvxdmjA0pqNs%2Fp6%2F2UetIeMx%2B0ACFTWJVhwkR%2By0sft0uKhbuK%2FcARcRAAI8Iaf2%2Bxk697C99lWuk7Fo%2FBuBNsSoBRlUM8nBV09KZEWQ8MwG%2FLOsg%2BtVMwgdLBQwCFoUNCB4yI3vg23gvc0CofVtoQtzSpgFnUXMCuwgyXsqOuc%2FGD%2FUALTULY9axloquJl489WVz0rpvEv6EWvkkZ4rXXXZETKF%2BWtkTq7WP2xt7dVLXkjYFe7E9Hsd3uMKwzSkUl1TQPy7L0IcQO%2FjXM28tbBc2J%2ByuUietFuQmH0%2FNZgLEBJiz%2FkLLIDY2UyHMEiXQJhq2EZIH0HjNxWh0rTSTHL3kR%2BHXMDLOn9XgGZtk8%2F5ECHBikUyR658EMrjfcLPYmGjbEiQUMjap199X9Dwp20zqIQwjtKYIiSj9Pk8hbZxr%2BCDZlrkdBVtf3x5BUBU0cA%3D%3D%22%7D&loginPromo=1&prevSearchId=1840218785582174092&mToken=mHqtAOJNoS7yL0kTBPSyV%2BuzKL%2BR8uNBTe5KtJZbanWnAk2v4Fqx%2FHXBbzQmVCHCJ0DaUtukdd381fa4Rdqhfg%3D%3D&metasearchRateId=IDUsers,,,https://www.agoda.com/id-id/the-batu-villas/hotel/malang-id.html?countryId=192&finalPriceView=1&isShowMobileAppPrice=false&cid=1917614&numberOfBedrooms=&familyMode=false&adults=2&children=0&rooms=1&maxRooms=0&checkIn=2025-08-13&isCalendarCallout=false&childAges=&numberOfGuest=0&missingChildAges=false&travellerType=1&showReviewSubmissionEntry=false&currencyCode=IDR&isFreeOccSearch=false&los=2&searchrequestid=f684c782-7234-4c6c-b3ce-0a60a965e241&ds=whgTfE7YEm4mEhkP,,,,
229,Villa,ALCOLA Boutique Villa - Unit Bahama,"Jl. Markisa Jl. Bukit Panderman Hill No.EE 679, Sisir, Kec. Batu, Kabupaten Malang, Jawa Timur 65311",-7.893836728,112.5176258,81235535657,2.377.623,4,4,"Parkir gratis, parkir di lokasi","Alcola Boutique Villa di Batu, Malang menawarkan sejumlah keunggulan, termasuk desain mewah bergaya Eropa, kamar-kamar yang luas dengan fasilitas lengkap seperti bathtub dan shower, serta akses WiFi gratis. Villa ini juga memiliki kolam renang pribadi, cocok untuk keluarga atau rombongan, dan lokasinya strategis dekat dengan berbagai tempat wisata seperti Jatim Park dan Batu Night Spectacular. Selain itu, Alcola Boutique Villa menyediakan layanan kamar yang baik, area BBQ, dan area kerja khusus. ",,https://alcolavilla.guestybookings.com/en,0,0,0,1,0,0,0,,,,https://www.agoda.com/id-id/alcola-villa-bahama-luxurious-3br-private-pool/hotel/malang-id.html?countryId=192&finalPriceView=1&isShowMobileAppPrice=false&cid=1833981&numberOfBedrooms=&familyMode=false&adults=2&children=0&rooms=1&maxRooms=0&checkIn=2025-08-13&isCalendarCallout=false&childAges=&numberOfGuest=0&missingChildAges=false&travellerType=1&showReviewSubmissionEntry=false&currencyCode=IDR&isFreeOccSearch=false&los=2&searchrequestid=c6e8971c-7429-4220-8752-65222ab5f0ff&ds=yRwjhaig6fNFPx%2Bb,,,,
230,Villa,Villa BARBIE Panderman View,"Jl. Matoa No.1, Sisir, Kec. Batu, Kota Batu, Jawa Timur 65315",-7.890236472,112.5222583,81999005288,,8,16,"Parkir, Wi-Fi di area umum, meja, shower, resepsionis 24 jam, keamanan 24 jam, Wi-Fi gratis, area merokok.","Villa Panderman View sangat direkomendasikan bagi para backpacker yang menginginkan penginapan terjangkau namun tetap nyaman. Bagi Anda, wisatawan yang ingin bepergian dengan nyaman dan hemat, Villa Panderman View adalah tempat menginap yang tepat dengan fasilitas yang memadai serta layanan yang prima. Nikmati berbagai fasilitas hiburan untuk Anda dan seluruh keluarga di Villa Panderman View, akomodasi yang luar biasa untuk liburan keluarga Anda.
Resepsionis 24 jam siap melayani Anda, mulai dari check-in hingga check-out, atau bantuan apa pun yang Anda butuhkan. Jika Anda menginginkan lebih, jangan ragu untuk bertanya kepada resepsionis, kami selalu siap membantu Anda.
WiFi tersedia di area umum properti untuk membantu Anda tetap terhubung dengan keluarga dan teman.
Villa Panderman View adalah pilihan ideal bagi Anda yang mencari akomodasi nyaman namun terjangkau.",,,1,0,0,0,1,0,0,https://www.traveloka.com/en-id/hotel/indonesia/villa-panderman-view-9000000971433,,,,https://id.trip.com/hotels/batu-sub-district-hotel-detail-49367403/villa-barbie-panderman-view/,,,
231,Villa,Batuque Town Villa,"Jl. Raya Oro-Oro Ombo No.235, Oro-Oro Ombo, Kec. Batu, Kota Batu, Jawa Timur 65316",-7.895697907,112.5336411,81216962800, 268.000 - 874.999,24,32,"Wi-Fi gratis, sarapan berbayar, parkir gratis, akses mudah, kolam renang, AC, layanan laundry, pusat bisnis, ramah hewan peliharaan, layanan kamar, ramah anak, restoran, antar-jemput bandara, pusat kebugaran, bar, bebas asap rokok.","Terletak di seberang taman hiburan, hotel yang ramai ini berjarak 3 km dari taman air Coban Putri, 4 km dari Predator Fun Park, dan 5 km dari Taman Bunga Coban Rais.
Kamar-kamar simpelnya dilengkapi Wi-Fi gratis dan TV layar datar. Kamar di kelas yang lebih tinggi memiliki balkon. Layanan kamar tersedia.
Sarapan dan minuman selamat datang tersedia gratis. Fasilitas lainnya meliputi kafe dan bar dengan tempat duduk di teras, serta ruang permainan.",,http://www.batuquetownvilla.com/  ,1,1,0,1,0,0,0,https://www.traveloka.com/id-id/hotel/detail?spec=12-08-2025.13-08-2025.1.1.HOTEL.3000020000491.Batuque%20Town%20Villa.2&contexts=%7B%22accessCode%22%3A%2290975GHAD1305desktop%22%2C%22metasearchRequestId%22%3A%224bd3d3a5-9e26-4168-a171-7c354b130203%22%2C%22inventoryRateKey%22%3A%22povEwB3ZzsU2C6pd%2B6MdU6u0YYPJ5r8SDvn1XpJMHcnZBj07KdqjFSwVVeAYaWhzfwxXnYiRzoxM4HX9sDmt9%2FAm1AYn3MeGz8Xcpq5hCtgkoYhCABuc4UBUJdDpIzcBkjYFe7E9Hsd3uMKwzSkUl5pNkVNrbZlWauR9OJSMSOgTUF8uPIIQL0rCSb9XNHrUVqwVRjmvZ0FiS8ITVtnQj4%2BbdPKyeEcnUCrwiPsukDU4xJaQCNZd7Dm9H%2BzKz3SoHlBcSNHFk%2B6M%2Bed81rVbweEHGIhg0KJ7gZAJpw17ItAcEtGPm1fxqcNnBgMR8yyWsqLVLiVkZp%2FG52AlJ1henblS81%2FL314%2BEun2%2FX6YDWiyFsPD2x3QEcM8llUfiHL8cobv2sM7J0Fdi71F%2BMaPuJZ%2F4BcR1dMJZnHguitAKG4sPX4lQXx3WuS3pDmvHr6TmEAQvSMnVoIA9pZMtQ8Ze2IPhCfCtOOsCfUdg4%2FLb1ma6RjhZ%2B%2F6QV25zuEEdvqmefho0o7KgbsmK2jlIeR2OjRtcdHHo%2FAWwEPDHg90N1R9O21BdVMumhKJ1LZWTYhAqtovf7l7Wh6O7acT8Ie56zkjUbMpMwoD8bDdfSrNvYejJhdEEziI4Xl3iRJYHk49zVKWfYDUVqNo%2FAall9xaE8ucOXUDfu5Xp47Ls2vL4osWF1yqqxPjRQ4EdeZp5qzTxfH2bKUpSjEuA6nReUpwnnje1JkIlqE%2BPx2SFmTGGUrjKd94wXTG703B72mNH3r6lfxQK1kTlJUI3DHN0EvwNDCmFYRHIaL9k1o31jsNJ8ZdRIxAkB%2FTzC2x4qzSPHp2d5pQ5%2BHw1J1TK6E5FeoT6T8AVvZ9qLJTDwbqb88hTw9Ywlx0XWa8wDnyygtf7Crmp%2Fc6G6mL9eWogIEjTUT%2BvxdmjA0pqNs%2Fp6%2F2UetIeMx%2B0ACFTWJVhwkR%2By0sft0uKhbuK%2FcARcRAAI8Iaf2%2Bxh7NSdVLsjvWvt%2BsQkpeqTnUIXc3%2BVbNLXqJtUaZ%2FRElLOsg%2BtVMwgdLBQwCFoUNCAGGp%2Fhm7ryp7znl43dVKyVGGZ0OQ5ZQYmLoW4bD9Sj3kaOIN6D84SEQq9XqK5vAIGVz0rpvEv6EWvkkZ4rXXXZETKF%2BWtkTq7WP2xt7dVLXkjYFe7E9Hsd3uMKwzSkUl1TQPy7L0IcQO%2FjXM28tbBc2J%2ByuUietFuQmH0%2FNZgLEBJiz%2FkLLIDY2UyHMEiXQJhq2EZIH0HjNxWh0rTSTHL3kR%2BHXMDLOn9XgGZtk8%2F5ECHBikUyR658EMrjfcLPYmGjbEiQUMjap199X9Dwp20w5iYd%2B2kOQ76p0DVa1E9WHivh9MCRcqs7hUo62NXcbC%2BrktF7UTS%2BT%2FnT1%2FW4ee6SP5YD9FJ5CsSuUepoWlamQjrRu9yk0Y7YoI4abhU5lgQ%3D%3D%22%7D&loginPromo=1&prevSearchId=1840219006634585401&mToken=mHqtAOJNoS7yL0kTBPSyV%2BuzKL%2BR8uNBTe5KtJZbanUDFRSt%2BeB7LPk5xmb%2BOi3xvPC8GCE%2FEdxo6Tg4rdXUaQ%3D%3D&metasearchRateId=IDUsers,https://www.tiket.com/hotel/indonesia/batuque-town-villa-108001534490360916?hotelID=9fab7e6f-c393-49d8-9450-f20ee61d4920&checkin=2025-08-04&checkout=2025-08-06&adult=2&country=ID&device=desktop&isAat=true&utm_source=google-hotel&utm_term=9fab7e6f-c393-49d8-9450-f20ee61d4920&utm_medium=prf-ppc&utm_campaign=%5BMSA%5D-21472895668&utm_external=prf&gad_source=6&gad_campaignid=21472895668,,https://www.agoda.com/id-id/batuque-town-villa/hotel/malang-id.html?countryId=192&finalPriceView=1&isShowMobileAppPrice=false&cid=1833981&numberOfBedrooms=&familyMode=false&adults=2&children=0&rooms=1&maxRooms=0&checkIn=2025-08-13&isCalendarCallout=false&childAges=&numberOfGuest=0&missingChildAges=false&travellerType=1&showReviewSubmissionEntry=false&currencyCode=IDR&isFreeOccSearch=false&los=2&searchrequestid=e80eae95-e9cf-4172-98a8-6ec53489bd2f&ds=U8xKGSqzZxPzgyVd,,,,
232,Villa,Villa Dado Batu,"No.D29 perum mutiara panderman MalangJawa Timur, Jl. Gondorejo, Oro-Oro Ombo, Kec. Batu, Kota Batu, Jawa Timur 65316",-7.892676064,112.5357552,81234669936,,5,5,"AC, water heater 24 jam, kompor, dapur, TV","Villa Dado Batu menyediakan tempat yang tepat bagi wisatawan untuk bersantai setelah hari yang sibuk. Villa Dado Batu menawarkan pengalaman menginap yang menyenangkan di Kecamatan Batu bagi mereka yang bepergian untuk bisnis maupun liburan.
Dari hotel, Bandara Abdul Rachman Saleh berjarak sekitar 24 km. Bandara terdekat adalah Bandara Abdul Rachman Saleh, sekitar 24 km dari hotel. Banyak hal yang dapat dilihat di area ini, dengan Taman Milenial Glow, Dino Park Jawa Timur Park 3, dan Pusat Seni Kota Batu yang semuanya berada di dekatnya.
Setelah seharian bertamasya, para tamu dapat beristirahat dengan nyaman di hotel.",,,0,0,0,1,1,0,0,,,,https://www.agoda.com/id-id/villa-dado/hotel/malang-id.html?cid=1844104&ds=wsoen1mLXRkVIJ5A,https://id.trip.com/hotels/batu-sub-district-hotel-detail-8073099/villa-dado-batu/,,,
233,Villa,Gandaria Villa Batu,"Gandaria CC Jl. Bukit Panderman Hill No.323, Sisir, Kec. Batu, Kota Batu, Jawa Timur 65311",-7.8919073,112.5190734,85190095127,2.669.490 - 3250,5,10,"kolam renang outdoor, Wi-Fi gratis, kamar keluarga, parkir gratis, kamar bebas rokok, sarapan",- Gandaria Villa Batu adalah tempat bermalam yang tepat bagi Anda yang berlibur bersama keluarga. Nikmati segala fasilitas hiburan untuk Anda dan keluarga. Tersedia kolam renang untuk Anda bersantai sendiri maupun bersama teman dan keluarga. WiFi tersedia di seluruh area publik properti untuk membantu Anda tetap terhubung dengan keluarga dan teman.Gandaria Villa Batu adalah akomodasi dengan fasilitas baik dan kualitas pelayanan memuaskan menurut sebagian besar tamu. Gandaria Villa Batu adalah pilihan cerdas bagi para wisatawan yang berkunjung ke Batu.,https://www.instagram.com/gandariavillabatu/?hl=en,,1,1,1,1,0,0,0,https://www.traveloka.com/id-id/hotel/detail?spec=12-08-2025.13-08-2025.1.1.HOTEL.9000000956452.Gandaria%20Villa%20Batu.2&contexts=%7B%22accessCode%22%3A%2290975GHAD1305desktop%22%2C%22metasearchRequestId%22%3A%22d6904de3-0814-4b53-a33b-5e21d190118d%22%2C%22inventoryRateKey%22%3A%22povEwB3ZzsU2C6pd%2B6MdU%2B0DXZ%2BT%2Bqw8uON7NhQf%2Ft6VY3Cwtvezu39FPxKa6EcofwxXnYiRzoxM4HX9sDmt9%2FAm1AYn3MeGz8Xcpq5hCtgkoYhCABuc4UBUJdDpIzcBkjYFe7E9Hsd3uMKwzSkUl5pNkVNrbZlWauR9OJSMSOjT2kAb5PFnnUsj4yv%2BE8%2BEVBS3X1jcy7FyzjN59FBmwFojraceyKrNRmvJY3C4ARNvmzpKB3IJycdCcd%2FTPv9xWiOtpx7Iqs1Ga8ljcLgBExRMjY4RH8ng%2Faj%2BIjo4bwp%2FnUKXTSeVIumnRcdMEOmB6MdDBPd4CPvxd8%2BNjDTIW0ATIl8%2FdgQRiobOr6QO6V%2BpYgfMG5%2Ft8zfIO%2FhK0pHa9htPU2APjSUuwBzhJyv%2BxtXug%2Bqalqkc7m%2F4k63hKPviLEy8GkSmRx2uxVjLgjRquVLzX8vfXj4S6fb9fpgNaI0sAjnvSkOOQgYL6cvPEoikFRuEThDzCRImNUmVCAx3swqryoYlpdFCVMK5lzh5%2BI3f%2FZ%2FHGzzWdGRIeGaW6CoDNTlVzghMERbWZuqiIMvM7W8LTsciy%2BJjPAfK4M21UMi5IXXgs9oSC%2B0UQlp85XfoIAeNMrHJRlXAmThSKvhcRV7j2HbyOAbF2%2B7%2FJLlSpsFZZGu0iHODPY%2F3SRFTk4oSspdwkhyYoFybAJ4dhJThqfCR5s5jRDO0wyywFyci5PbpFoCi2MVz0Dru7JBSCx%2FaNOPtI%2Feu5255RQRETK4fC98nkQqIVnl5Z7IMLOwugCrkPQoQHVYE%2FfKZOoOqkU7KJ%2BUv8e0ScrMl9dmdUGtIKwiK5LlS8CfecX9crdYvA%2BpaElSUlq5vAguf9eUogAyQbuf9HkqEF942qnbDysORCm6QJvt59pH0%2F2FeZ9m8qB2rlgg3XO0N7OAHmorXUkdMWb97TEhXHlwEfE492u43TGAUNmhtToP5y5M945MhbL9lqRvU1dV8eiuq9X4cE26X5ngy1FVLwMxPpJFW8Delx%2FC8tbbfQjuFBXj%2F2f6WIaYk39bbS05l6ocvGpbxbIvrb7LOMupEZmIVEizDsDBqxXB0tUXyXpmzngdCyBnkcgJOf4%2F0XCAH05qXlLDMCiAzV9dOli4J6FTuvnMmaf3F6UUeA9O54fd0J9meKmOL2AXxj9qmZvkMZeErtAwzwZAT5nhCSoEmmPGO5igsqfCjECdmHJ4uQBYLzR%2BuKXfaP2tnIgSkfYFVLn5AGVptxlSXGV5TafxOfekFyvufuWhIgdGJ1ORw2y25bHQ9z1cZ42MoD4LJkEJWLURtg%2FQCqI7XAmvtvTX62AdQTEJHim1uJXaBfBXcwrV3sc5eTpniDoPn37fIxLloftK7LmgJyN8%3D%22%7D&loginPromo=1&prevSearchId=1840219254291462171&mToken=mHqtAOJNoS7yL0kTBPSyV%2BuzKL%2BR8uNBTe5KtJZbanWG7XuInlwHg6okw2mJRmVguGrsupMcVIOHlB6YYZWG9g%3D%3D&metasearchRateId=IDUsers,https://www.tiket.com/homes/indonesia/gandaria-villa-batu-306001592881218299,https://www.booking.com/hotel/id/gandaria-villa-batu-batu.id.html?aid=367380&label=gandaria-villa-batu-batu-NzAuQ5hJPZ%2Af_q32kHSEugS558204100468%3Apl%3Ata%3Ap1%3Ap2%3Aac%3Aap%3Aneg%3Afi%3Atikwd-853114665498%3Alp1007710%3Ali%3Adec%3Adm%3Appccp%3DUmFuZG9tSVYkc2RlIyh9YXORK0YJiVoOxcWODxYDaAA&sid=233728113668e99909dd2ab41b784bea&all_sr_blocks=558359601_279533461_2_1_0&checkin=2025-09-08&checkout=2025-09-09&dest_id=-2672159&dest_type=city&dist=0&group_adults=2&group_children=0&hapos=1&highlighted_blocks=558359601_279533461_2_1_0&hpos=1&matching_block_id=558359601_279533461_2_1_0&no_rooms=1&req_adults=2&req_children=0&room1=A%2CA&sb_price_type=total&sr_order=popularity&sr_pri_blocks=558359601_279533461_2_1_0__275000000&srepoch=1754969887&srpvid=faf3197a8e89002b&type=total&ucfs=1&,https://www.agoda.com/id-id/gandaria-villa-batu/hotel/malang-id.html?cid=1844104&ds=u3HFuAp696lE4lLl,,,,
234,Villa,VILLA INDIKA PRIVATE POOL,"Dusun dresel bawah, RT.3/RW.8, Oro-Oro Ombo, Kec. Batu, Kota Batu, Jawa Timur 65316",-7.904298307,112.5300384,82143183220,,7,7,"Wi-Fi gratis, parkir gratis, kolam renang luar ruangan, restoran, pusat kebugaran.","- Villa Indika Private Pool adalah tempat bermalam yang tepat bagi Anda yang berlibur bersama keluarga. Nikmati segala fasilitas hiburan untuk Anda dan keluarga. Tersedia kolam renang untuk Anda bersantai sendiri maupun bersama teman dan keluarga. Resepsionis siap 24 jam untuk melayani proses check-in, check-out dan kebutuhan Anda yang lain. Jangan ragu untuk menghubungi resepsionis, kami siap melayani Anda. WiFi tersedia di seluruh area publik properti untuk membantu Anda tetap terhubung dengan keluarga dan teman.
- Villa Indika Private Pool adalah akomodasi dengan fasilitas baik dan kualitas pelayanan memuaskan menurut sebagian besar tamu.
Pelayanan yang baik dengan harga terjangkau akan membuat Anda merasa nyaman menginap di Villa Indika Private Pool.",,,1,0,0,1,0,0,0,https://www.traveloka.com/id-id/hotel/indonesia/villa-indika-private-pool-9000001043702,,,https://www.agoda.com/id-id/villa-indika/hotel/malang-id.html?cid=1844104&ds=ZoBXQxgZEAP1FVQo,,,,
235,Villa,Villa Intan 2,"Jl. Raya Oro-Oro Ombo No.1, Oro-Oro Ombo, Kec. Batu, Kota Batu, Jawa Timur 65316",-7.900077607,112.5350552,81334331268,,14,14,"kamar, meja, brankas kamar, dapur kecil, lemari es, pancuran, TV.",,,,0,1,0,0,1,0,0,,https://www.tiket.com/homes/indonesia/villa-intan-private-pool-702001706838915394,,,https://id.trip.com/hotels/batu-sub-district-hotel-detail-8333116/villa-intan-2-baru-jatim/,,,
236,Villa,Istana Villa Kota Batu,"Jl. Kenanga No.167, Oro-Oro Ombo, Kec. Batu, Kota Batu, Jawa Timur 65316",-7.89393672,112.5294391,85234649202,,8,10,"Wi-Fi gratis, parkir gratis, kolam renang luar ruangan, layanan laundry, restoran, pusat kebugaran.","- Menginap di Villa Istana Batu saat anda sedang berada di Oro-oro Ombo adalah sebuah pilihan cerdas. Akomodasi ini cukup mudah dijangkau karena berdekatan dengan fasilitas publik. Villa Istana Batu memiliki segala fasilitas penunjang bisnis untuk Anda dan kolega. 
- Villa Istana Batu adalah tempat bermalam yang tepat bagi Anda yang berlibur bersama keluarga. Nikmati segala fasilitas hiburan untuk Anda dan keluarga. Resepsionis siap 24 jam untuk melayani proses check-in, check-out dan kebutuhan Anda yang lain. Jangan ragu untuk menghubungi resepsionis, kami siap melayani Anda.
- Pelayanan yang baik dengan harga terjangkau akan membuat Anda merasa nyaman menginap di Villa Istana Batu.",,https://istanavillabatu.com/,1,1,0,0,0,0,0,https://www.traveloka.com/id-id/hotel/indonesia/villa-istana-batu-9000001205135,https://www.tiket.com/hotel/indonesia/villa-istana-601001674713055524,,,,,,
237,Villa,Villa Attaka,"Jl. Srikoyo, Oro-Oro Ombo, Kec. Batu, Kota Batu, Jawa Timur 65316",-7.893368336,112.5388583,85100669682,,10,20,"ruang keluarga, area merokok, area bebas asap rokok, teras, alat pemanas, kolam renang, Wi-Fi gratis, bathtub, meja, lemari es, TV, pancuran, dapur kecil, toilet bagi penyandang disabilitas, pancuran aksesibel bagi penyandang disabilitas.",VILLA ATTAKA adalah tempat bermalam yang tepat bagi Anda yang berlibur bersama keluarga. Nikmati segala fasilitas hiburan untuk Anda dan keluarga. akomodasi ini adalah pilihan yang pas jika Anda mencari liburan yang tenang dan jauh dari keramaian. WiFi tersedia di seluruh area publik properti untuk membantu Anda tetap terhubung dengan keluarga dan teman. VILLA ATTAKA adalah pilihan tepat bagi Anda yang mengutamakan kenyamanan beristirahat tanpa menguras kantong.,https://www.instagram.com/attakavilla/,,1,0,0,0,1,0,0,https://www.traveloka.com/id-id/hotel/indonesia/villa-attaka-9000001042914,,,,https://id.trip.com/hotels/batu-sub-district-hotel-detail-47225157/villa-attaka/,,,
238,Villa,Villa Gandaria 1,"Jl. Gandaria, Sisir, Kec. Batu, Kota Batu, Jawa Timur 65311",-7.892463214,112.5194084,81216664292,,5,10,"kolam renang, Wi-Fi, parkir, kolam renang privat, AC, ruang tamu, perlengkapan BBQ, dapur, TV, pengering rambut, teras atau balkon, pembuat kopi & teh.","Family vila di area Panderman Hill Villa Estate, Batu dengan 4 kamar tidur dan 2 kamar mandi. Vila kami cocok untuk tempat berkumpul bersama keluarga, teman dan relasi yang mau refreshing dari kesibukan, mencari ketenangan sambil menikmati pemandangan Gunung Panderman, Gunung Wukir, Gunung Semeru, Gunung Arjuna ( best view ) dan kota Batu. aPrivate pool READY

",,,0,1,0,1,0,0,0,,https://www.tiket.com/homes/indonesia/gandaria-villa-batu-306001592881218299,,https://www.agoda.com/id-id/gandaria-villa-batu/hotel/malang-id.html?cid=1844104,,,,
239,Villa,Vila Quetha,"Jl. Asalia, Oro-Oro Ombo, Kec. Batu, Kota Batu, Jawa Timur 65316",-7.903858064,112.5298731,81230576364,,5,5,"kolam renang outdoor, parkir gratis, kamar bebas rokok, Wi-Fi gratis, kamar keluarga.",Vila keluarga dengan 5 kamar tidur Dilengkapi kolam renang pribadi dan rooftop di lantai 3 dengan view gunung Panderman dan Arjuna serta kota Batu Menginap dan berkumpul dengan kelurga besar dimana kami mengizinkan tamu sampai 20 orang termasuk anak2 di tempat kami Kami sangat memperhatikan kenyamanan setiap tamu yang menginap di Vila Quetha Gunung Panderman dan Gunung Arjuno adalah view terbaik yang dapat dilihat dari rooftop kami Tak kalah indahnya pemandangan kota Batu di malam hari dengan kerlap kerlip lampunya apabila dilihat dari rooftop lantai 3 Vila Quetha,http://www.instagram.com/vilaquetha ,,0,1,1,0,0,0,0,,https://www.tiket.com/homes/indonesia/villa-qita-batu-malang-with-private-pool-wifi-511001669013922166,https://www.booking.com/hotel/id/vila-quetha.id.html,,,,,
240,Villa,RADEN HILL VILLA N POOL,"Jl. Anggrek, Oro-Oro Ombo, Kec. Batu, Kota Batu, Jawa Timur 65316",-7.907187573,112.5246478,82232841107,360.500 - 672.967,4,4,"Wi-Fi gratis, parkir gratis, kolam renang, ramah anak, restoran, pusat kebugaran.","Raden Hill Villa N Pool menawarkan akomodasi di Batu, Malang, dan berjarak sejauh 3,6 km dari Batu Secret Zoo. Properti ini memiliki WiFi dan kolam renang pibadi.  Beberapa kamar dilengkapi dengan tempat tidur yang nyaman. Shower tersedia di kamar mandi.  Tamu dapat menikmati makanan di Kebunmu. Pilihan tempat makan lain juga tersedia di sekitar properti. 
Fasilitas lain yang tersedia di Raden Hill Villa N Pool adalah dapur dan lemari es. 
Bandara terdekat adalah Bandar Udara Abdul Rachman Saleh, 26 km ari properti.",,,0,1,0,1,0,0,0,,https://www.tiket.com/homes/indonesia/raden-hill-villa-n-pool-611001699539628183?hotelID=b9ffffc4-1d04-4f49-9cd5-4d453c03f4be&checkin=2025-09-08&checkout=2025-09-09&adult=2&country=ID&device=desktop&isAat=true&utm_source=google-hotel&utm_term=b9ffffc4-1d04-4f49-9cd5-4d453c03f4be&utm_medium=prf-ppc&utm_campaign=%5BMSA%5D-21472895668&utm_external=prf&gad_source=1&gad_campaignid=21472895668&gclid=Cj0KCQjwqebEBhD9ARIsAFZMbfx8kLmEcp0PUD5FOcP0070Fb0UKqou_-883HJbw9UymYwE5W7S0W4saAgN3EALw_wcB,,https://www.agoda.com/id-id/raden-hill/hotel/malang-id.html?cid=1844104&ds=RsnfrA0wQHjLfsAG,,,,
241,Villa,Noxxinn villa,"Jalan Raya Oro - Oro Ombo No.6, Temas, Kecamatan Batu, Kota Batu, Jawa Timur",-7.885733272,112.53036,81328082055,,7,7,,"Villa Noxxin by Vino House menyediakan tempat yang tepat bagi wisatawan untuk bersantai setelah hari yang sibuk. Villa Noxxin by Vino House merupakan pilihan ideal bagi wisatawan yang ingin menikmati pemandangan dan hiruk pikuk Kecamatan Batu.
Dari segi transportasi, Bandara Abdul Rachman Saleh berjarak sekitar 26 km. Bandara terdekat adalah Bandara Abdul Rachman Saleh, sekitar 26 km dari hotel. Daerah sekitarnya menawarkan banyak objek wisata termasuk Dufan (Durian Fantasi), Aston Inn Batu, dan Jawa Timur Park 2.
Hotel ini merupakan tempat yang tepat untuk bersantai setelah seharian bertamasya.",,,0,0,0,0,0,0,0,,,,,,,,
242,Villa,Villa EREN,"Jl. Sirsat No.11, Oro-Oro Ombo, Kec. Batu, Kota Batu, Jawa Timur 65316",-7.898095038,112.5278189,0813-3433-8080,1.647.743 - 2.000.000,6,6,"Tempat parkir, pintu masuk, tempat duduk, toilet.","Homestay Eren menawarkan akomodasi di Batu, Malang dan berjarak sejauh 1,2 km dari Batu Night Spectacular (BNS).. Properti ini memiliki kolam renang. Shower tersedia di kamar mandi dan dilengkapi dengan air panas. Tamu dapat menikmati makanan di Ayam Goreng Ning Ayu. Pilihan tempat makan lain juga tersedia di sekitar properti. Fasilitas lain yang tersedia di Homestay Eren adalah area parkir. Bandara terdekat adalah Bandar Udara  Abdul Rachman Saleh, 25,1 km dari properti.",,,0,1,0,1,0,0,0,,https://www.tiket.com/homes/indonesia/villa-eren-503001646623244192?room=1&adult=2&checkin=2025-08-13&checkout=2025-08-14&utm_source=google-hotel&utm_medium=prf-ppc&utm_external=prf&searchSessionId=A40662F8-CB81-4242-9D1E-EE76861B9CA4&referrer=https%3A%2F%2Fwww.tiket.com%2Fhomes%2Fsearch%3FhotelID%3Ddf003224-069b-4909-b1b9-8f4de23df000%26checkin%3D2025-08-04%26checkout%3D2025-08-05%26adult%3D2%26country%3DID%26device%3Ddesktop%26isAat%3Dtrue%26utm_source%3Dgoogle-hotel%26utm_term%3Ddf003224-069b-4909-b1b9-8f4de23df000%26utm_medium%3Dprf-ppc%26utm_campaign%3D%255BMSA%255D-21472895671%26utm_external%3Dprf%26isRedirect%3Dtrue%26gad_source%3D6%26gad_campaignid%3D21472895671%26id%3Dvilla-eren-503001646623244192%26type%3DHOTEL%26q%3DJawa%2BTimur%26room%3D1&utm_page=searchResultPage,,https://www.agoda.com/id-id/eren-homestay/hotel/malang-id.html?countryId=192&finalPriceView=1&isShowMobileAppPrice=false&cid=1918349&numberOfBedrooms=&familyMode=false&adults=2&children=0&rooms=1&maxRooms=0&checkIn=2025-08-13&isCalendarCallout=false&childAges=&numberOfGuest=0&missingChildAges=false&travellerType=1&showReviewSubmissionEntry=false&currencyCode=IDR&isFreeOccSearch=false&los=1&searchrequestid=3d29d61e-e242-44d1-a273-e2bc01c8d0af&ds=hkzBpXWia822NnuX,,,,
243,Villa,Urbanic Villa,"Perumahan O3 Village, Jl. Panderman Atas, Oro-Oro Ombo, Kec. Batu, Kota Batu, Jawa Timur 65316",-7.895573272,112.5262269,8999988005,1.751.000 - 2.064.253,3,3,,,https://www.instagram.com/urbanic.villa/,https://urbanicvilla.biz.id/,1,1,0,0,1,0,0,https://www.traveloka.com/id-id/hotel/indonesia/urbanic-villa-with-mountain-views-9000006934535,https://www.tiket.com/homes/indonesia/urbanic-villa-with-mountain-views-610001698310841682?hotelID=2bd6fb38-17ea-4336-b0d1-35834bf2c9ba&checkin=2025-08-12&checkout=2025-08-13&adult=2&country=ID&device=desktop&isAat=true&utm_source=google-hotel&utm_term=2bd6fb38-17ea-4336-b0d1-35834bf2c9ba&utm_medium=aff-meta&utm_campaign=Google-Hotel-0023-B2B-none-hotel&utm_external=aff,,,https://id.trip.com/hotels/batu-sub-district-hotel-detail-114080538/urbanic-villa-with-mountain-views/,,,
244,Villa,Villa Pesona batu 34,"Jl. Pesona Batu Residence, Oro-Oro Ombo, Kec. Batu, Kota Batu, Jawa Timur 65316",-7.893337611,112.5406794,85735876719,,3,3,"Wi-Fi, parkir, AC, dapur, TV",,,,0,1,0,0,0,0,0,,https://www.tiket.com/homes/indonesia/villa-pesona-batu-34-606001685755194804,,,,,,
245,Villa,The Villas 36 Batu,"perum villa exotic panderman hill no 36, Kota Batu, Jawa Timur 65316",-7.898863859,112.5273394,818558515,710.073,2,2,"Wi-Fi, ruang tamu, TV, teras atau balkon, pembuat kopi & teh, kulkas, smart TV.","The Villas 36 Batu menawarkan akomodasi di Batu dan berjarak sejauh 1,2 km dari Batu Night Spectacular. Properti ini memiliki ruang tamu. Setiap kamar dilengkapi dengan jendela. Shower tersedia di kamar mandi. Tamu dapat menikmati makanan di Husgendam. Pilihan tempat makan lain juga tersedia di sekitar properti. Fasilitas lain yang tersedia di The Villas 36 Batu adalah dapur. Bandara terdekat adalah Bandar Udara Abdul Rachman Saleh, 26 km dari properti.",https://www.instagram.com/thevillas36/,,1,1,0,1,0,0,0,https://www.traveloka.com/id-id/hotel/indonesia/the-villas-36-batu-9000000973464,https://www.tiket.com/homes/indonesia/the-villas-36-batu-412001639108181932?hotelID=51c1d89e-d650-4e78-a12d-eb6d7b77b5ed&checkin=2025-08-12&checkout=2025-08-13&adult=2&country=ID&device=desktop&isAat=true&utm_source=google-hotel&utm_term=51c1d89e-d650-4e78-a12d-eb6d7b77b5ed&utm_medium=prf-ppc&utm_campaign=%5BMSA%5D-21472895668&utm_external=prf&gad_source=1&gad_campaignid=21472895668&gclid=Cj0KCQjwqebEBhD9ARIsAFZMbfxtddaIIPExN9TTKnwit-PoxgW41kxqwHEViIdq00Th09yGi6nHZDQaAsL3EALw_wcB,,https://www.agoda.com/id-id/the-villas-36-batu-h24336838/hotel/malang-id.html?countryId=192&finalPriceView=1&isShowMobileAppPrice=false&cid=1917614&numberOfBedrooms=&familyMode=false&adults=2&children=0&rooms=1&maxRooms=0&checkIn=2025-08-12&isCalendarCallout=false&childAges=&numberOfGuest=0&missingChildAges=false&travellerType=1&showReviewSubmissionEntry=false&currencyCode=IDR&isFreeOccSearch=false&los=1&searchrequestid=f45d4f21-846d-421d-b0d4-e0a497f95082&ds=BYjR7zt94q76DGb3,,,,
246,Villa,villa ashiya,"Jl. Panderman Atas, Oro-Oro Ombo, Kec. Batu, Kota Batu, Jawa Timur 65316",-7.895575307,112.5258916,87777905795,803.425,3,3,"Kolam renang, ruang tamu, TV, Wi-Fi, teras atau balkon, kolam renang privat, dapur.","- Villa Ashiya Private Pool | Balcony and Karaoke menawarkan akomodasi di Malang. dan berjarak sejauh 3,4 km dari Jatim Park I. Properti ini memiliki WiFi Gratis.
- Vila dilengkapi dengan dapur. shower tersedia di kamar mandi.
- Tamu dapat menikmati makanan di Bakso djoglo. Pilihan tempat makan lain juga tersedia di sekitar properti.
- Fasilitas lain yang tersedia di Villa Ashiya Private Pool | Balcony and Karaoke adalah ruang tamu.
- Bandara terdekat adalah Bandar Udara Abdul Rachman Saleh, 25,7 km dari properti.",,,1,1,1,0,0,0,0,https://www.traveloka.com/id-id/hotel/indonesia/villa-ashiya-with-private-pool-balcony-and-karaoke-9000003353292,https://www.tiket.com/homes/indonesia/villa-ashiya-private-pool-balcony-and-karaoke-607001689774027395,https://www.booking.com/hotel/id/villa-ashiya-with-private-pool-balcony-and-karaoke.id.html,,,,,
247,Villa,Villa Zast Private Pool and Rooftop,"Jalan Panderman Atas, 65316 Tlekung, Indonesia",-7.895560832,112.5263899,81232898577,,5,5,"kolam renang indoor, parkir gratis, Wi-Fi gratis, kamar keluarga.","- Terletak 2,2 km dari Jatim Park 2, Villa Zast Private Pool and Rooftop menawarkan akomodasi di Tlekung dengan akses ke kolam renang indoor. Berlokasi 14 menit jalan kaki dari Batu Night Spectacular, akomodasi ini menyediakan teras dan parkir pribadi gratis.
- Dengan akses langsung ke balkon, vila ini dilengkapi dengan 4 kamar tidur terpisah dan dapur lengkap. TV layar datar juga disediakan.
- Balitjestro berjarak 2,3 km dari vila, sementara Jatim Park 1 terletak sejauh 2,8 km. Bandara terdekat adalah Bandara Abdul Rachman Saleh, 26 km dari Villa Zast Private Pool and Rooftop.",,https://www.booking.com/hotel/id/villa-zast-private-pool-and-rooftop.en.html?aid=2068758;label=seogooglelocal-link-imagesaow-hotel-11406317_grp-1_gendate-20240917;utm_source=seogooglelocal;utm_medium=description;utm_term=hotel-11406317;utm_campaign=en,0,1,1,0,0,0,0,,https://www.tiket.com/homes/indonesia/villa-zast-private-pool-and-rooftop-702001707507982062,https://www.booking.com/hotel/id/villa-zast-private-pool-and-rooftop.id.html,,,,,
248,Villa,Villa Kita 35 Kota Batu,"Perum exotic, Jl. Bukit Panderman Hill Jl. Sirsat, Oro-Oro Ombo, Batu, kota batu, jawa timur",-7.898812779,112.5273956,,,2,2,"Water heater, Wi-Fi, TV, karaoke, halaman parkir, peralatan makan, peralatan dapur, kulkas, dispenser, rice cooker, alat barbeque, parkir.","Kamar di Villakita 35 Batu dilengkapi dengan TV, kulkas, dan pembuat kopi & teh. Kamar mandi hadir dengan shower dan peralatan mandi gratis.",,,0,1,0,0,0,0,0,,https://www.tiket.com/hotel/indonesia/villakita-35-batu-708001723086504257,,,,,,
249,Villa,VILLA PESONA 69,"Jl. Pesona Batu Residence No.69, Oro-Oro Ombo, Kec. Batu, Kota Batu, Jawa Timur 65316",-7.8927025,112.5403657,83831210100,,3,3,"kolam renang, parkir gratis, dapur, balkon atau teras, properti bebas asap rokok, AC di area umum.","Perawatan lebih diberikan untuk memastikan para tamu merasakan kenyamanan melalui layanan dan fasilitas terbaik.Bagi pengunjung yang bepergian dengan mobil, tersedia parkir gratis. Di Villa 108 m² dengan 3 kamar tidur dan 2 kamar mandi pribadi di Batu, setiap kamar tamu dilengkapi dengan fasilitas dan perlengkapan yang nyaman untuk memastikan masa menginap yang menyenangkan. Pilihan kamar di Villa 108 m² dengan 3 kamar tidur dan 2 kamar mandi pribadi di Batu dilengkapi dengan AC atau layanan linen untuk memenuhi kebutuhan dan kenyamanan Anda.Kamar-kamar tertentu menawarkan fitur hiburan dalam kamar seperti video streaming dalam kamar, surat kabar harian, atau TV untuk kesenangan Anda.Di kamar tertentu, akomodasi menawarkan pengunjung akses untuk menikmati minuman di kamar.",,,0,1,1,1,0,0,0,,https://www.tiket.com/homes/indonesia/villa-pesona69-3-bedroom-acprivate-pool-507001657772793707,https://www.booking.com/hotel/id/villa-pesona-sixty9.id.html?aid=356980&label=gog235jc-1DCAsoaEITdmlsbGEtcGVzb25hLXNpeHR5OUgSWANoaIgBAZgBErgBF8gBDNgBA-gBAfgBAogCAagCA7gC_-jcwwbAAgHSAiQ5NDk4MTgwNi1jN2IwLTQ4NzQtYTNjMi0yY2ExODg3Njc1YzPYAgTgAgE&sid=233728113668e99909dd2ab41b784bea&checkin=2025-09-08&checkout=2025-09-09&dest_id=-2700850&dest_type=city&dist=0&group_adults=2&group_children=0&hapos=1&hpos=1&no_rooms=1&req_adults=2&req_children=0&room1=A%2CA&sb_price_type=total&soh=1&sr_order=popularity&srepoch=1754971657&srpvid=5af31cfaa7c703f4&type=total&ucfs=1&#no_availability_msg,https://www.agoda.com/id-id/villa-pesona-sixty9/hotel/malang-id.html?cid=1844104&ds=mE92rIozDjfFK02e,,,,
250,Villa,Villa Ravindra Batu,"Kompleks Villa Parama Panderman Hill, Cluster Exotic Jl. Sirsat No.04, Oro-Oro Ombo, Kec. Batu, Kota Batu, Jawa Timur 65316",-7.898505835,112.5268552,82334525937,1.030.000,3,3,"Wi-Fi gratis, sarapan, parkir gratis, aksesibel, kolam renang luar ruangan, AC, ramah hewan peliharaan, dapur di beberapa kamar, antar-jemput bandara, pusat kebugaran, bebas asap rokok",,https://www.instagram.com/villaravindra/,https://villaravindra.com/,0,1,0,0,0,0,0,,https://www.tiket.com/homes/indonesia/villa-ravindra-806001748834135598?hotelID=8e9ad785-749a-4bc0-9b09-b65b5e555bfa&checkin=2025-08-13&checkout=2025-08-14&adult=2&country=ID&device=desktop&isAat=true&utm_source=google-hotel&utm_term=8e9ad785-749a-4bc0-9b09-b65b5e555bfa&utm_medium=aff-meta&utm_campaign=Google-Hotel-0023-B2B-none-hotel&utm_external=aff,,,,,,
251,Villa,Villa satoe,"Jl. Panderman Atas, Oro-Oro Ombo, Kec. Batu, Kota Batu, Jawa Timur 65316",-7.895575681,112.5259307,81372129626,,3,3,"Kolam renang privat, water heater, Wi-Fi, TV, karaoke, halaman parkir, peralatan makan, peralatan dapur, kulkas, dispenser, alat barbeque.",,,,0,0,0,0,0,0,0,,,,,,,,
252,Villa,Villa Telu,"Jl. Sirsat, Oro-Oro Ombo, Kec. Batu, Kota Batu, Jawa Timur 65316 ",-7.898770734,112.5270745,82233314447,875.500 - 977.500,2,2,,,,http://paramapandermanhill.id/,0,1,0,0,0,0,0,,https://www.tiket.com/homes/indonesia/villa-telu-705001715748659936,,,,,,
253,Villa,Villa Rizka & Villa Aida,"Gg. Pesantren No.Kav. 4, Temas, Kec. Batu, Kota Batu, Jawa Timur 65311",-7.887594456,112.5315913,82111777988,,5,5,"AC, ruang keluarga, alat pemanas, area bebas asap rokok, area merokok, bebas rokok, teras.",,https://www.instagram.com/villaaidafamily/,,1,0,0,0,0,0,0,https://www.traveloka.com/id-id/hotel/indonesia/villa-rizki-batu-3000020007114,,,,,,,
254,Villa,Villa Alva,"Gg. Pesantren, Temas, Kec. Batu, Kota Batu, Jawa Timur 65315",-7.887849904,112.5316467,81217402910,499,2,2,"Parkir, Wi-Fi, resepsionis 24 jam, dapur, TV",,,,1,1,0,1,0,0,0,https://www.traveloka.com/id-id/hotel/detail?spec=08-09-2025.09-09-2025.1.1.HOTEL.3000010043124.Villa%20Alva%20-%20Two%20Bedroom.2&contexts=%7B%22accessCode%22%3A%2290975GHAD1305desktop%22%2C%22metasearchRequestId%22%3A%22ee5827d8-37dd-4aff-a2f5-b47c3b53c5a6%22%2C%22inventoryRateKey%22%3A%22povEwB3ZzsU2C6pd%2B6MdU13LUNuufACdbU0usK5vg0db3Pih%2BKUcAvHiYiUmUzWIfwxXnYiRzoxM4HX9sDmt9%2FAm1AYn3MeGz8Xcpq5hCtgkoYhCABuc4UBUJdDpIzcBkjYFe7E9Hsd3uMKwzSkUl5pNkVNrbZlWauR9OJSMSOjrKNUemG6lN9zinrcFk9lNWvIg8RcJWWtWtTcWG%2FP2I4%2BbdPKyeEcnUCrwiPsukDU4xJaQCNZd7Dm9H%2BzKz3SoHlBcSNHFk%2B6M%2Bed81rVbweEHGIhg0KJ7gZAJpw17ItAcEtGPm1fxqcNnBgMR8yyWqMEBhhw5Z0QV4tnIt0Go25hAEL0jJ1aCAPaWTLUPGXtiD4QnwrTjrAn1HYOPy29ZhMam%2BEpcElzU%2BdVSsGBJoEGmb3UOlN0uD7%2FMrpBj8gp0soTvNsBMZExEebIeBttd%2FprV1QNJ3uRWGzkuuDXCiotkWpTE9UjjPTRwzkrMSkKwIyUeP2DaQOstd8W4ab9%2FWuE%2FNiGnciUzLhpyw4ZvzjSRkAserqbchG3IPY0C996rOuF%2B%2FAsDeSmZKHQMjtagj0lqorsQFjKyKoIaAceTduhw7niBWzPymmEHph8NwIUrk4AkYbgcD%2FDODqraz1CdwYjLMLGFA8rdSnJZFEJrTSNz0dO%2BjnVDfMSVjLElA6pZz6qmhV0sfr8%2B%2FRTDBeu%2B82jyAIdSdNmAZHYnVMM5on33g%2Baw%2BvS39ce9sEtl9S%2FVKCde55s3G5i0RM5W0pGIh1wT8uHOZUXTeJ5Ut1pKSP3McDS1rWPyt1BRb9oi7BhVGoOPbawsU1IdXs83q8NfvRNEIEtmty7rlg03z8P32UkgIWSEJpv52Ku17YIcqzYuLTydZdp%2FvNiKJYG0T1vh5YhEEUaJ0gjaG9UhELegF9iDfvpFYeWyPmUOhd4xgGidL4WrNcrtEcU06YrRzKKBcaX0Bo68pvtVvR5gtl5q%2F2z8tZVRc%2BkLvGlIgM66qHYm4ToYnGG6%2BwOCSO9D%2FB39Sy4DCRywdkrS2jSKru8zudheRxczYdbjBbQxesPA0v6FCa5zPe5bqgFcSL0Jz3GGCw0q2VMu02cVSRYh0YrqJt7X%2B0GM0OLCwDn13xFDD5XySEfQi7jxFVwglluSw%2FLLP0iYYDgDsKS%2Ff%2F2kzwLrzQA2QahzdmMywdfhulpDkMV7IVXmO1xqRZvfBOXDw2Kvw3QpFMnhUWrhKGJxAZcICPA9F6SCSnppuXdXVdExUX9CSKvdk5Ixnpt1ylZxHoFb2LSXDihiwoj3YHZM0Ul49YyCYWIeG6EBYPoXQ7d%2B10k3tCeZVLvOjHn9sURgf8wmDfIv5xB6Ns%2F2kla71kIYhw%3D%3D%22%7D&loginPromo=1&prevSearchId=1840221499228715657&mToken=mHqtAOJNoS7yL0kTBPSyV%2BuzKL%2BR8uNBTe5KtJZbanWQ1WxCbWnq%2BLFUgmkhAqhFe1HCfwfYdVIv8lUhxvlRdQ%3D%3D&metasearchRateId=IDUsers,https://www.tiket.com/homes/indonesia/villa-alva-2bedroom-depan-jatim-park-2-pas-407001626912361586,,https://www.agoda.com/id-id/vila-alva-2-bedroom-front-jatim-park-2-pas/hotel/malang-id.html?cid=1844104&ds=Pm9dFQD4DKKIDpZG,,,,
255,Villa,Casa Skyrose Batu,"Jl. Dewi Sartika III H Kav. A1, Temas, Kec. Batu, Kota Batu, Jawa Timur 65315",-7.886000584,112.5349645,82142093049,,3,3,"Resepsionis 24 jam, Wi-Fi di area umum, layanan pemesanan taksi, area merokok.",,https://www.instagram.com/casaskyrose/reels/?hl=en,,0,0,0,0,0,0,0,,,,,,,,
256,Villa,Villa Gracia Batu,"Jl. Mawar No.11, Songgokerto, Kec. Batu, Kota Batu, Jawa Timur 65316",-7.868845828,112.5059833,,,3,3,,,,,1,1,0,0,0,0,0,https://www.traveloka.com/id-id/hotel/indonesia/villa-gracia-batu---three-bedroom-3000020005278,https://www.tiket.com/hotel/indonesia/villa-gracia-batu-307001595623246797,,,,,,
257,Villa,Griya Imafa Inn RedPartner near Jatim Park 2,"Jl. Batu Green Park Jl. Raya Oro-Oro Ombo No.Perum No. 20, Temas, Kec. Batu, Kota Batu, Jawa Timur 65315",-7.88740448,112.5305385,8123311944,143.577 - 179.189,20,28,"Pancuran, TV, Wi-Fi gratis, area bebas asap rokok, Wi-Fi di area umum.",,,,1,0,0,1,0,0,1,https://www.traveloka.com/id-id/hotel/indonesia/griya-imafa-inn-redpartner-9000001152413,,,https://www.agoda.com/griya-imafa-inn/hotel/malang-id.html?countryId=192&finalPriceView=1&isShowMobileAppPrice=false&cid=1833981&numberOfBedrooms=&familyMode=false&adults=2&children=0&rooms=1&maxRooms=0&checkIn=2025-08-4&isCalendarCallout=false&childAges=&numberOfGuest=0&missingChildAges=false&travellerType=1&showReviewSubmissionEntry=false&currencyCode=IDR&isFreeOccSearch=false&los=1&searchrequestid=f72adec9-0ced-41e7-a219-716be58d6960&ds=ZEHWclGbsd0Pz5he,,,https://www.reddoorz.com/id-id/hotel/indonesia/malang/east-java/griya-imafa-inn?utm_source=google&utm_medium=mybusiness&utm_campaign=webclick,
258,Villa,Griya Zenea Batu,"Delima Residence No.Kav. 28, Griya Zenea, Oro-Oro Ombo, Batu, kota batu, jawa timur 65315",-7.887024028,112.5315917,81230119888,,3,3,"TV kabel, dapur kecil, Wi-Fi gratis, area parkir, keamanan 24 jam",,,,1,0,0,0,0,0,0,https://www.traveloka.com/id-id/hotel/indonesia/griya-zenea-batu---three-bedroom--3000020004432,,,,,,,
259,Villa,SEWA VILLA KARTIKA BATU MALANG (Private Pool Inside & Full AC Bedrooms),"Jl. Dewi Sartika Gg. 3H No.4 Blok B, RT.10/RW.10, Temas, Kec. Batu, Kota Batu, Jawa Timur 65315",-7.886254851,112.5348254,81235802547,,3,3,"AC, pengering pakaian, ruang keluarga, alat pemanas, area bebas asap rokok, kolam renang, area merokok, teras, barbecue, karaoke, aktivitas outdoor, kolam renang outdoor, area piknik, ruang TV, TV kabel, meja, dapur kecil, lemari es, pancuran, Wi-Fi gratis, area parkir, layanan kamar, serta kolam renang anak.",,,,1,0,0,1,0,0,0,https://www.traveloka.com/id-id/hotel/indonesia/private-pool-villa-kartika-batu-with-3-full-ac-bedroom-9000000095227,,,https://www.agoda.com/id-id/private-pool-villa-kartika-batu/hotel/malang-id.html?cid=1844104&ds=zvmWkNETLOwBitIZ,,,,
260,Villa,VILLA MARLEY 2,"Custer D""sultan, Gg. Pesantren No.2, Temas, Kec. Batu, Kota Batu, Jawa Timur 65315",-7.887841607,112.5313745,89684549349,,3,3,"Wi-Fi gratis, resepsionis dan keamanan 24 jam, dapur kecil dan lemari es, antar-jemput bandara (berbiaya), area parkir dan garasi.",,,,1,0,0,0,0,0,0,https://www.traveloka.com/id-id/hotel/indonesia/house-marley-2---villa-3-bedroom-free-wifi--karaoke-3000020019151,,,,,,,
261,Villa,Monochrome Villa,"Jl. Kutilang perum Batu Permai No.G-65, Temas, Kec. Batu, Kota Batu, Jawa Timur 65315",-7.886348628,112.5314246,81945572929,,2,2,"AC, halaman, ruang tamu, parkir gratis.",,,,1,1,0,0,0,0,0,https://www.traveloka.com/id-id/hotel/indonesia/monochrome-villa-9000000966478,https://www.tiket.com/homes/indonesia/monochrome-villa-406001622628026346,,,,,,
262,Villa,Oemah Arma Rinjani Batu (Private pool and wifi),"Jl. Dewi I Sartika 3H no. A5. , Batu, Malang, Indonesia, 65316
",-7.886297517,112.5349751,81235026004,1.110.998,3,3,"Wi-Fi gratis, kolam renang dengan pemandangan, parkir gratis, lapangan golf, kamar keluarga, dapur.",,,,0,0,0,1,0,0,0,,,,https://www.agoda.com/oemah-arma-rinjani_2/hotel/malang-id.html?countryId=192&finalPriceView=1&isShowMobileAppPrice=false&cid=1913938&numberOfBedrooms=&familyMode=false&adults=10&children=0&rooms=1&maxRooms=0&checkIn=2025-08-4&isCalendarCallout=false&childAges=&numberOfGuest=0&missingChildAges=false&travellerType=3&showReviewSubmissionEntry=false&currencyCode=IDR&isFreeOccSearch=false&los=1&searchrequestid=11f8fe21-680e-4270-b18f-fef38e8cee25&ds=ymvxELEHHw2b7BT4,,,,
263,Villa,Villa Putri Delima,"Gg. Pesantren, Temas, Kec. Batu, Kota Batu, Jawa Timur 65315",-7.887844686,112.5318663,81346262926,,4,4,"kamar keluarga, alat pemanas, teras, parkir aksesibel, jalur aksesibel, parkir, Wi-Fi di area umum, TV kabel, lemari es",,,,1,0,0,0,0,0,0,https://www.traveloka.com/en-en/hotel/indonesia/villa-putri-delima---four-bedroom-3000020002402,,,,,,,
264,Villa,STAR CASTLE VILLA BATU,"Jl. Dewi Sartika Gg. 3H No.kav A3, Temas, Kec. Batu, Kota Batu, Jawa Timur 65315",-7.886169314,112.5349562,818511338,1.400.000,4,8,"Bebas asap rokok, shower, kolam renang privat, ruang makan terpisah, dapur kecil, kulkas, area tempat duduk, water heater.",,,,1,1,0,0,1,0,0,https://www.traveloka.com/id-id/hotel/detail?spec=15-08-2025.16-08-2025.1.1.HOTEL.9000000276446.Full%20House%20at%20Star%20Castle%20Villa.2&contexts=%7B%22accessCode%22%3A%2290975GHAD1305desktop%22%2C%22metasearchRequestId%22%3A%22b9d6ec49-829e-49cb-96cc-6f2fc258c3e0%22%2C%22inventoryRateKey%22%3A%22povEwB3ZzsU2C6pd%2B6MdU13LUNuufACdbU0usK5vg0c%2B6auGm7wc89waPKolhLiHfwxXnYiRzoxM4HX9sDmt9%2FAm1AYn3MeGz8Xcpq5hCtgkoYhCABuc4UBUJdDpIzcBkjYFe7E9Hsd3uMKwzSkUl5pNkVNrbZlWauR9OJSMSOgTUF8uPIIQL0rCSb9XNHrU9dgkIeCeTyGEmnqyrwa3fFojraceyKrNRmvJY3C4ARNvmzpKB3IJycdCcd%2FTPv9xWiOtpx7Iqs1Ga8ljcLgBExRMjY4RH8ng%2Faj%2BIjo4bwp%2FnUKXTSeVIumnRcdMEOmBJEBmcuFAeNkAIGgc41uweUATIl8%2FdgQRiobOr6QO6V8spDETeiFo6xOreqVq0qQC9htPU2APjSUuwBzhJyv%2BxtXug%2Bqalqkc7m%2F4k63hKPveS%2BnH8jDAVt0IIrQdEAebuVLzX8vfXj4S6fb9fpgNaJBBEbEnTVMft%2FVIetVVPdCkFRuEThDzCRImNUmVCAx3swqryoYlpdFCVMK5lzh5%2BI3f%2FZ%2FHGzzWdGRIeGaW6CoDNTlVzghMERbWZuqiIMvM7W8LTsciy%2BJjPAfK4M21UMi5IXXgs9oSC%2B0UQlp85XfoIAeNMrHJRlXAmThSKvhcRV7j2HbyOAbF2%2B7%2FJLlSpo1SCFTW4J4HFoACnvtshwf2FLCCzwfZlN1QkDOM4s91cKPtF10SpXmGs6SKFtmXFWcZJ6s3cwgsz%2FvYJOUnXewY%2BFf2b4lhR5jiP9lAJ%2BlxFNPey1P2y0SHQcywexj%2FYAiHBARHI6wxNP0akL%2Be8ne5kuyTp4U6LTguQCmx7rZKEHxyPwuRAccKRlF4oqeu4rlg00fVvZQx33o%2F8OTHQCHW8Kh3sTPsj5ld9RcBmKzZZJWSm6P4l9%2FxuVLtFz8uxaVDragqb6TKVPagfvSb%2B84CzDvQPsZe%2BEDBSYGHTLSO%2ByHzYa3KYay9iT6ACIpxnnav7I6GMK8JnZ34BeiMbMN1%2FM%2Fgwk0%2Bs5AgLLzZ2K2L7rt5JHS1Gc3pOzqeTuGbmMExDtgy5fVMBRRL9LeexpfQWznh4GgYX09YAJLsjLsFVFckjlupoWVsjcnusFXewX0js0eqUoWb2M2H8Fzz89VCVtlXFXOwtMj12jYw9i%2FhykUYSIR9RjivUWVvYKpQ9MPvfq42vDOjFQL3BUaNgRXxQgZTFHIYBcHFaeKcykZXKr81KDB7fMROiV2HbrmV9ZdjpdX086cqu6KeDRjhMjT%2FiSH6bAOkQP2xjmzjDQmx4NPuHMqfGarEGNMPKyEwpbDovkMWADE5icGbbGbkPDZ1zZxHxsuDHE%2BOGwkv%2Fp%2F6RSJV9Sx%2BD4nHTkDaoHgdtHLx6byS6d2V4mJI4k6u4ms%3D%22%7D&loginPromo=1&prevSearchId=1840222329219610651&mToken=mHqtAOJNoS7yL0kTBPSyV%2BuzKL%2BR8uNBTe5KtJZbanW4xorWOHIiLI1Q7iu7eMVpiVtlqmT%2BBGKwDK3EJFj00A%3D%3D&metasearchRateId=IDUsers,https://www.tiket.com/homes/indonesia/full-house-at-star-castle-villa-509001663412082526,,,https://id.trip.com/hotels/batu-sub-district-hotel-detail-52162096/full-house-at-star-castle-villa/?cityId=144380&checkIn=2025-08-15&checkOut=2025-08-16&adult=2&children=0&subStamp=3001547&crn=1&ages=&travelpurpose=0&curr=IDR&fgt=1&hasAidInUrl=true&mincurr=IDR&minprice=1131663.00&mproom=1152973712&link=title&hoteluniquekey=H4sIAAAAAAAA_-MK4WKS4BJi4mCU8uKY8P3xUhYhTjNDYyNLCxNDA4MbnBYdyQEcMxg33HkvsYOR6yIjAxCc69JxfAhm9bsYOr5gbGg-soVxAQvjQlaQ2IOd7xykeHwjXSoMQ_yqLMud4hUYNVb9fnGEzYMxiM3J0cTM0TJKhos5NNhF8F_q9yeJB2UcpJg9XYIU2a4pbA18aWOfxJqap-vpkvFJqIuRyYNxFSPDJ0Z-ZAPjzS0Ari3tBbgAAAA&subChannel=&masterhotelid_tracelogid=ebc559a117bb4c91b15e14241841bf83&NewTaxDescForAmountshowtype0=F&detailFilters=17%7C1%7E17%7E1*80%7C2%7C0%7E80%7E2*19%7C144380%7E19%7E144380&hotelType=meta&trip_sub1=15_08_2025_1_localuniversal_52162096_ID_desktop_default___0_0-LANG_ID_EN-landing&display=incavg&locale=en-ID,,,
265,Villa,VILLA ALEXA,"Gg. Pesantren, Temas, Kec. Batu, Kota Batu, Jawa Timur 65315",-7.887867109,112.5315589,81217402918,503.236,3,3,"Parkir gratis, check-in 24 jam, dapur, hewan peliharaan diizinkan, balkon atau teras, kebun.",,,http://www.gttrans.id/,0,1,0,1,0,0,0,,https://www.tiket.com/homes/indonesia/villa-alexa-3bedroom-depan-jatim-park2-pas-407001626912398860,,https://www.agoda.com/id-id/villa-alexa-right-in-front-of-jatim-park-2-3bedroo/hotel/malang-id.html?cid=1844104&ds=deOrSD6qZyvrXlxx,,,,
266,Villa,Villa Casa Blanca by Masterpiece Villa,"Delima Residence No.Kav. 27, Temas, Kec. Batu, Kota Batu, Jawa Timur 65315",-7.887153628,112.5316088,82143265233,,2,2,"Wi-Fi, ramah hewan peliharaan, ruang tamu, dapur, perlengkapan BBQ, kulkas, TV pintar.",,http://www.instagram.com/masterpiecevilla,,1,1,1,0,0,0,0,https://www.traveloka.com/id-id/hotel/indonesia/villa-casa-blanca-by-masterpiece-villa-9000000986136,https://www.tiket.com/homes/indonesia/villa-casa-blanca-by-masterpiece-villa-404001617703325177,https://www.booking.com/hotel/id/villa-casa-blanca-by-masterpiece-villa.id.html?aid=356980&label=gog235jc-1DCAsoaEImdmlsbGEtY2FzYS1ibGFuY2EtYnktbWFzdGVycGllY2UtdmlsbGFIElgDaGiIAQGYARK4ARfIAQzYAQPoAQH4AQKIAgGoAgO4AqLb9sMGwAIB0gIkNzc2OTE1MzItNWMwNi00ZGJhLTgxNzQtOTQ2MDczZDFkMTdm2AIE4AIB&sid=233728113668e99909dd2ab41b784bea&checkin=2025-09-08&checkout=2025-09-09&dest_id=-2672159&dest_type=city&dist=0&group_adults=2&group_children=0&hapos=1&hpos=1&no_rooms=1&req_adults=2&req_children=0&room1=A%2CA&sb_price_type=total&soh=1&sr_order=popularity&srepoch=1754972905&srpvid=483d1f709767000b&type=total&ucfs=1&#no_availability_msg,,,,,
267,Villa,Villa Devan by Royal Villa,"Perumahan delima residence No.29, Temas, Kec. Batu, Kota Batu, Jawa Timur 65316",-7.886943951,112.5315357,81252506561,,2,2,,,,,0,0,0,0,0,0,0,,,,,,,,
268,Villa,VILLA GRAND NALA,"Gg. Pesantren, Temas, Kec. Batu, Kota Batu, Jawa Timur 65315",-7.887777778,112.5317744,62811951005,,4,5,"Wi-Fi, parkir, kolam renang privat.",,,,0,1,1,1,0,0,0,,https://www.tiket.com/hotel/indonesia/grand-nala-jatimpark-batu-807001752213597347,https://www.booking.com/hotel/id/grand-nala-jatimpark-batu-kota-batu.id.html?aid=356980&label=gog235jc-1DCAsoaEIjZ3JhbmQtbmFsYS1qYXRpbXBhcmstYmF0dS1rb3RhLWJhdHVIElgDaGiIAQGYARK4ARfIAQzYAQPoAQH4AQKIAgGoAgO4Apel98MGwAIB0gIkNWI5MzkzNmUtNjVjNi00ZmNhLWI2YzEtZjA1YzBhYzg0ZDYy2AIE4AIB&sid=233728113668e99909dd2ab41b784bea&all_sr_blocks=839472101_375982845_0_0_0&checkin=2025-09-08&checkout=2025-09-09&dest_id=-2700850&dest_type=city&dist=0&group_adults=2&group_children=0&hapos=1&highlighted_blocks=839472101_375982845_0_0_0&hpos=1&matching_block_id=839472101_375982845_0_0_0&no_rooms=1&req_adults=2&req_children=0&room1=A%2CA&sb_price_type=total&sr_order=popularity&sr_pri_blocks=839472101_375982845_0_0_0__105000000&srepoch=1754972961&srpvid=89eb1f896b3800a1&type=total&ucfs=1&,https://www.agoda.com/id-id/unnamed-property-h31464636/hotel/malang-id.html?cid=1844104&ds=Q7A%2Fbr8jeZ2RhMpm,,,,
269,Villa,VILLA KITTY,"Cluster Delima Residence No 10 Jalan Terusan Agus Salim (Seberang Jatim Park 2), Temas, Kec. batu, Batu, jawa timur, Indonesia",-7.887417043,112.5315464,8113645123,,3,5,,,,,0,0,0,0,0,0,0,,,,,,,,
270,Villa,VILLA MIRACLE BY COZYSTAY,"CLUSTER DE SULTAN NO. 7 GANG PESANTREN ORO ORO OMBO, Temas, Kec. Batu, Kota Batu, Jawa Timur 65315",-7.887392028,112.5311812,81233175855,,3,3,"Ruang makan terpisah, dapur mini, kulkas, TV layar datar, 3 kamar tidur, kamar mandi pribadi, kompor, penanak nasi.",,,,0,0,0,0,0,0,0,,,,,,,,
271,Villa,VILLA NEW CASA VERDE ,"Perumahan Delima Residence No.Kav. 12, Temas, Kec. Batu, Kota Batu, Jawa Timur 65315",-7.887142015,112.5314827,82142603381,538.62,3,5,"Wi-Fi gratis, kamar keluarga, parkir gratis, kamar bebas rokok.",,http://instagram.com/masterpiecevilla,,1,0,1,1,0,0,0,https://www.traveloka.com/en-en/hotel/indonesia/villa-all-new-casa-verde-by-masterpiece-villa-9000000986139,,https://www.booking.com/hotel/id/villa-all-new-casa-verde-by-masterpiece-villa.id.html?aid=356980&label=gog235jc-1FCAsoaEItdmlsbGEtYWxsLW5ldy1jYXNhLXZlcmRlLWJ5LW1hc3RlcnBpZWNlLXZpbGxhSBJYA2hoiAEBmAESuAEXyAEM2AEB6AEB-AECiAIBqAIDuALqxPfDBsACAdICJDE2YWZmYmIyLWFmYmMtNDg0Ni1iNDNiLTk3YzhlZTVkMTg0MdgCBeACAQ&sid=d9fb750e82ba26206df3aba1d55fa397&dest_id=-2672159&dest_type=city&dist=0&group_adults=2&group_children=0&hapos=1&hpos=1&no_rooms=1&req_adults=2&req_children=0&room1=A%2CA&sb_price_type=total&sr_order=popularity&srepoch=1753080535&srpvid=8a252fb5ad8313bb&type=total&ucfs=1&,https://www.agoda.com/id-id/villa-all-new-casa-verde-by-masterpiece-villa/hotel/malang-id.html?cid=1844104&ds=fdHzC4HrUbD%2FJMzd,,,,
272,Villa,Villa Pondok ima,"Jl. Dewi Sartika Gg. 3H No.A4, Temas, Kec. Batu, Kota Batu, Jawa Timur 65315",-7.886228571,112.5349619,87851448002,,3,3,"Wi-Fi, parkir, kolam renang privat, resepsionis 24 jam, dapur, TV, pembuat kopi & teh, setrika.",,https://www.instagram.com/villapondokima/,,0,1,0,1,0,0,0,,https://www.tiket.com/homes/indonesia/villa-pondok-ima-private-pool-wifi-android-tv-506001654588788208,,https://www.agoda.com/id-id/villa-pondok-ima-private-pool-wifi-androi-tv/hotel/malang-id.html?cid=1844104&ds=q9MBSJuriNwBjv99,,,,
273,Villa,Villa Roma Iyat,"Jalan Raya Oro Oro Ombo gang pesantren, rt5rw10 perumahan delima residen No.13, Temas, Kota Batu",-7.887076507,112.531466,81336178795,,2,2,"Water heater, Wi-Fi, TV, karaoke, halaman parkir, peralatan makan, peralatan dapur, kulkas, dispenser, gazebo.",,https://www.instagram.com/reel/C5NmLffBX9V/?hl=ne,https://lokavilla.com/item/villa-roma-iyat/#google_vignette,0,0,0,0,0,0,0,,,,,,,,
274,Villa,Villa Shasha,"Gg. Pesantren, Temas, Kec. Batu, Kota Batu, Jawa Timur 65315",-7.887864939,112.5315753,81217402918,,2,4,"Shower, dapur kecil, kulkas, area tempat duduk.",,,,0,0,0,1,0,0,0,,,,https://www.agoda.com/id-id/villa-shasha-3-bedroom-depan-jatim-park-2-pas/hotel/malang-id.html?cid=1844104&ds=fovGznzjjtmboKXN,,,,
275,Villa,VILLA TERATE ,"Gg. Pesantren Jl. Raya Oro-Oro Ombo, Temas, Kec. Batu, Kota Batu, Jawa Timur 65315",-7.887573971,112.531726,85755751922,,2,2,"Kolam renang, parkir, Wi-Fi.",,,http://www.villadikotabatumalang.com/,1,0,0,0,0,0,0,https://www.traveloka.com/id-id/hotel/indonesia/villa-terra-batu-9000005835435,,,,,,,
276,Villa,Villa Tosca by Royal Villa,"Perumahan Delima Residence No.20, Temas, Kec. Batu, Kota Batu, Jawa Timur 65316",-7.8875116,112.5317127,81252506561,,2,2,"Wi-Fi, parkir, ruang tamu, perlengkapan BBQ, dapur, kulkas.",,,,0,1,0,0,0,0,0,,https://www.tiket.com/homes/indonesia/villa-tosca-by-royal-villa-512001670383663951,,,,,,
277,Villa,villa yulia,"Jl. Sriti, Temas, Kec. Batu, Kota Batu, Jawa Timur 65315",-7.885314334,112.5304918,85846354307,,3,4,"Parkir, dapur, TV, pembuat kopi & teh, setrika, mesin cuci, pemanas ruangan.",,https://www.instagram.com/villafelia_batu/?hl=en ,,0,1,0,0,0,0,0,,https://www.tiket.com/homes/indonesia/villa-yulia-batu--711001732655596135,,,,,,
278,Villa,Villa Ahlami Batu,"Jl. Metro No.19, RT.01/RW.12, Sisir, Kec. Batu, Kota Batu, Jawa Timur 65314",-7.862027229,112.5217807,82233209300,,14,35,,,,,0,0,0,0,0,0,0,,,,,,,,
279,Villa,Batu Indah Pool Villa,"Jl. Imam Bonjol No.32a, Sisir, Kec. Batu, Kota Batu, Jawa Timur 65314",-7.880010328,112.53143,81234380834,206.001,29,58,"Kolam renang, Wi-Fi, AC, resepsionis 24 jam, parkir gratis.",,,,1,1,0,0,0,0,0,https://www.traveloka.com/en-id/hotel/indonesia/batu-indah-pool-villa-9000000975056,https://www.tiket.com/hotel/indonesia/batu-indah-pool-villa-412001640406656296,,,,,,
280,Villa,CELEBRITIES VILLA,"Panderman Hill, Jl. Jeruk I No.DD 549, Sisir, Kec. Batu, Kota Batu, Jawa Timur 65311",-7.891441972,112.5163178,81615435009,,5,5,,,https://www.instagram.com/villacelebrities_official/?hl=en,,0,0,0,0,0,0,0,,,,,,,,
281,Villa,Airy Syariah Matoa Batu (EMBUN PAGI HOSTEL AND VILLA) ,"Panderman view, Jl. Matoa, Sisir, Batu, kota batu, jawa timur 65315",-7.890814028,112.5226062,3415108089,467.208 - 579.600,9,9,"Wi-Fi, AC, restoran, fasilitas anak, ruang tamu, fasilitas rapat, dan parkir gratis.",,,,0,1,0,0,1,0,0,,https://www.tiket.com/hotel/indonesia/embun-pagi-hostel-villa-606001686918638338?hotelID=3b73281c-a14e-4785-bb46-07cc7da8099d&checkin=2025-08-04&checkout=2025-08-05&adult=2&country=ID&device=desktop&isAat=true&utm_source=google-hotel&utm_term=3b73281c-a14e-4785-bb46-07cc7da8099d&utm_medium=prf-ppc&utm_campaign=%5BMSA%5D-21472895668&utm_external=prf&gad_source=6&gad_campaignid=21472895668&gclid=Cj0KCQjwyvfDBhDYARIsAItzbZEhHIzl0YmqfocZtzm7WxgCpFR37Z1jJwgt2thfj5SCbeczfhAuz4YaAuyXEALw_wcB,,,https://id.trip.com/hotels/batu-sub-district-hotel-detail-114852685/embun-pagi-hostel-and-villa/?cityId=144380&checkIn=2025-08-04&checkOut=2025-08-05&adult=2&children=0&subStamp=3001547&crn=1&ages=&travelpurpose=0&curr=IDR&fgt=1&hasAidInUrl=true&mincurr=IDR&minprice=579600.00&mproom=1431032973&link=title&hoteluniquekey=H4sIAAAAAAAA_-OK4mKSYBJi4mCUCuDoXbl-FasQl6GhqaW5oZmFgZHBQSGL46UBHDMYz7Y9MtvByHSRkQEIqkQUHB-CWQobFB1fMM44f_8N4wIWplUsPBy3-QVBEgyLTztI8fgaZvnnhEYYhCXF5yswamzd8_swmwdjEJuLi4uxs3GUDBezp0uQYHDd5dyX52zspUA8RRgviTU1T9fTJeO5UBcjkwfjKkaGT4z8yAbGG1lOYmI0BACHtDNnwgAAAA&subChannel=&masterhotelid_tracelogid=6b1e2c3b693c4dff9441aeeabc805a2a&NewTaxDescForAmountshowtype0=F&detailFilters=17%7C1%7E17%7E1*80%7C2%7C0%7E80%7E2*19%7C144380%7E19%7E144380&hotelType=meta&trip_sub1=04_08_2025_1_mapresults_114852685_ID_desktop_selected___0_0-LANG_ID_EN_Q-landing&display=incavg&locale=en-ID,,,
282,Villa,Villa Kusuma 14,"Villa Kusuma Jl. Abdul Gani Atas No.14, Ngaglik, Batu, kota batu, jawa timur 65314",-7.881809972,112.5225453,81235345554,,8,12,"Seluruh tempat untuk Anda dengan luas 720 m², parkir gratis di tempat, Wi-Fi gratis, hewan peliharaan diizinkan, kamar keluarga, kamar bebas rokok, pemandangan, fasilitas BBQ, dan balkon.",,https://www.instagram.com/villakusuma14/,,0,1,1,0,0,0,0,,https://www.tiket.com/homes/indonesia/villa-kusuma-14-di-kota-batu-806001750655126783,https://www.booking.com/hotel/id/villa-kusuma-14.id.html?aid=356980&label=gog235jc-1FCAsoaEIPdmlsbGEta3VzdW1hLTE0SBJYA2hoiAEBmAESuAEXyAEM2AEB6AEB-AECiAIBqAIDuAKa9fvDBsACAdICJDI1ZjY3MDM5LWJmMWEtNGFjZC04OTBiLWU1MzA0YTEyNDBiONgCBeACAQ&sid=d9fb750e82ba26206df3aba1d55fa397&dest_id=-2672159&dest_type=city&dist=0&group_adults=2&group_children=0&hapos=1&hpos=1&no_rooms=1&req_adults=2&req_children=0&room1=A%2CA&sb_price_type=total&sr_order=popularity&srepoch=1753152173&srpvid=831e130e33e00397&type=total&ucfs=1&,,,,,
283,Villa,OMAH WILIS ,"Jl. Wilis Gg. VI No.1, Sisir, Kec. Batu, Kota Batu, Jawa Timur 65314",-7.8697694,112.5319209,85102777025,1.608.300,3,3,"Wi-Fi gratis, parkir gratis, kolam renang outdoor, hewan peliharaan diperbolehkan, restoran, layanan antar-jemput bandara, dan pusat kebugaran.",,,,0,0,1,1,0,0,0,,,https://www.booking.com/hotel/id/omah-wilis.id.html?aid=356980&label=gog235jc-1FCAsoaEIKb21haC13aWxpc0gSWANoaIgBAZgBErgBF8gBDNgBAegBAfgBAogCAagCA7gCtoT8wwbAAgHSAiRjM2I2ZTk3OC1lNTI3LTQwOTgtODk2Mi0zOTJmNmQzNjNkN2PYAgXgAgE&sid=d9fb750e82ba26206df3aba1d55fa397&dest_id=-2672159&dest_type=city&dist=0&group_adults=2&group_children=0&hapos=1&hpos=1&no_rooms=1&req_adults=2&req_children=0&room1=A%2CA&sb_price_type=total&sr_order=popularity&srepoch=1753154122&srpvid=661c16e182d1029e&type=total&ucfs=1&,https://www.agoda.com/omah-wilis-homy-villa-with-private-pool-in-batu/hotel/malang-id.html?countryId=192&finalPriceView=1&isShowMobileAppPrice=false&cid=1917614&numberOfBedrooms=&familyMode=false&adults=2&children=0&rooms=1&maxRooms=0&checkIn=2025-08-4&isCalendarCallout=false&childAges=&numberOfGuest=0&missingChildAges=false&travellerType=1&showReviewSubmissionEntry=false&currencyCode=IDR&isFreeOccSearch=false&los=1&searchrequestid=0c7b5af8-671a-44ad-bc26-f605bf13df7a&ds=YM%2BXhsSd9SQfjMXK,,,,
284,Villa,THE RUSSELIA VILLA ,"Panderman Hill, Jl. Kedondong No.B-222, Sisir, Kec. Batu, Kota Batu, Jawa Timur 65311",-7.893219233,112.5202454,8111125066,,4,4,,,https://www.instagram.com/russelia_villa/?hl=en,https://bit.ly/russeliavilla,0,0,0,0,0,0,0,,,,,,,,
285,Villa,Villa 28,"Jl. Abdul Gani Atas, Ngaglik, Kec. Batu, Kota Batu, Jawa Timur",-7.88212552,112.5221393,85101769300,,3,6,"Kolam renang, Wi-Fi, kolam renang privat, fasilitas anak, ruang tamu, mingguan/bulanan, perlengkapan BBQ, dan dapur.",,https://www.instagram.com/thewood_vilas28/?hl=en,,0,1,0,0,0,0,0,,https://www.tiket.com/homes/indonesia/the-wood-vilas-28-511001668733252681,,,,,,
286,Villa,villa arihana,"Jl. Sutan Hasan Halim, Sisir, Kec. Batu, Kota Batu, Jawa Timur 65315",-7.871373464,112.5359658,81805171402,,3,3,,,,https://linktr.ee/arihanafamilyhomestay,0,1,0,0,0,0,0,,https://www.tiket.com/homes/indonesia/villa-arina-batu-4-bedroom-full-ac-and-smart-tv-708001722572116255,,,,,,
287,Villa,VILLA AZCARYA,"Jl. Langsep, Sisir, Kec. Batu, Kota Batu, Jawa Timur 65311",-7.893090543,112.5160982,8123405677,2.888.532 - 3.659.310,16,18,"Kolam renang, Wi-Fi, parkir, resepsionis 24 jam, ruang tamu, mingguan/bulanan, perlengkapan BBQ, dan dapur.",,,http://www.azcarya.com/,1,1,0,0,0,0,0,https://www.traveloka.com/id-id/hotel/detail?spec=04-08-2025.05-08-2025.1.1.HOTEL.3000010013393.Azcarya%20Villa%20Type%20Adjar.2&contexts=%7B%22accessCode%22%3A%2290975GHAD1305desktop%22%2C%22metasearchRequestId%22%3A%225d971acb-f5f4-4ba0-ab82-4077bf628bcb%22%2C%22inventoryRateKey%22%3A%22povEwB3ZzsU2C6pd%2B6MdU13LUNuufACdbU0usK5vg0fBdMybnr2KRJRUlyJKPnLyfwxXnYiRzoxM4HX9sDmt9%2FAm1AYn3MeGz8Xcpq5hCtgkoYhCABuc4UBUJdDpIzcBkjYFe7E9Hsd3uMKwzSkUl5pNkVNrbZlWauR9OJSMSOjT2kAb5PFnnUsj4yv%2BE8%2BETbkrW7tiHHxrLypqJc1IvlojraceyKrNRmvJY3C4ARNvmzpKB3IJycdCcd%2FTPv9xWiOtpx7Iqs1Ga8ljcLgBExRMjY4RH8ng%2Faj%2BIjo4bwp%2FnUKXTSeVIumnRcdMEOmBgk7uHPM1TB2FOf68h8g31rlS81%2FL314%2BEun2%2FX6YDWiNLAI570pDjkIGC%2BnLzxKIcobv2sM7J0Fdi71F%2BMaPuJZ%2F4BcR1dMJZnHguitAKG5nVPS7QTNpwFo0nsXf4YBYlJc%2FKJGLIg1FIl5ukBP%2B69KwznKn8C%2FmUlPZecFH6qztuwgueMJh9ZBAdZUyF5bbzsmfLCKjFY0CGq8UPdBUkMK%2FKllRbjT2kMb79GeMhm535mv0WuHIlwIJoCRiuNMQfNKkhSsCPNWxgjJFxai09xOr7KcQspSvMX5zMox4Ei70h8K1ksh3D%2BJZ%2BCnuzDQjuDjJj9Cwcx1NIu2b7JcoIqpspUNMHgvYwoI3ZglbboDCFyUoA3A5kejUQHhD6qLr9P9cmB8lnJPD57L%2BHY2TOfRTtwmywiobpOKlCk8ajI3kEEo0%2FKfGHa9%2BQXNnkkpaDeDusr9%2FkMVDSp1aqi2Kvuame0UnupydsqAaOQ%2BdoxR7y9lYiTUlU7qZDaAwgDCLpHNJWdQQ0E7Hip%2BEAHv8XpdpfaAqnnzJX6xewlKC17ffL5t1HdKQtVEwsrKcffjPDDcuCeYyIwtYjMP5LHiao0kSvAFuHEhp%2Fxrhwu8DvJ8e9X9lE7XpkZLuKSsHZ7PAcJ%2FJYIM2%2F9fBKqcy%2BrP7mnSlO7Xsjd5cFww1mFuWS4%2FR7niVgC%2Fxby1gvOvaJOrT%2Fps8AsZ5v3gwcsXTYlyv%2BVwgV6ZOG3zQUCHdA%2FEkJTwLDSrZUy7TZxVJFiHRiuom3tf7QYzQ4sLAOfXfEUMPlfJIR9CLuPEVXCCWW5LD8ss%2FSJhgOAOwpL9%2F%2FaTPAuvNADZBqHN2YzLB1%2BG6WkOQxXshVeY7XGpFm98E5cPDYq%2FDdCkUyeFRauEoYnEBlwgI8D0XpIJKemm5d1dV0TFRf0JIq92TkjGem3XKVnEegVvYtJcOKGLCiPdgdkzRSXj1jIJhYh4boQFg%2BhdDt37XSTe0J5lUu86Mef2xRGB%2FzCYN8i%2FnEHo2z%2FaSVrvWQhiH%22%7D&loginPromo=1&prevSearchId=1838323295697528262&mToken=TAQCctGFQAaPFS9fClyYDlr1JiDcHChc5ym2zQh8C9IbdkUYT2K2mI3SscJWe46tes9OZn6l5HE%2FoW5D4fpYcg%3D%3D&metasearchRateId=IDUsers,https://www.tiket.com/homes/indonesia/azcarya-villa-803001741159974593?hotelID=e729e643-f15b-421e-ad79-6847a52d7823&checkin=2025-08-04&checkout=2025-08-05&adult=2&country=ID&device=desktop&isAat=true&utm_source=google-hotel&utm_term=e729e643-f15b-421e-ad79-6847a52d7823&utm_medium=prf-ppc&utm_campaign=%5BMSA%5D-17283522910&utm_external=prf&gad_source=6&gad_campaignid=17283522910&gclid=Cj0KCQjwyvfDBhDYARIsAItzbZFYcY-vbpRupjCHctAl5D3benPbvcAwiN1fMqh_ddhfEbexgh-93voaAr0cEALw_wcB,,,,,,
288,Villa,Villa Belicia,"Jl. Imam Bonjol Atas Kav. 2 No. 20, 65314 Batu, Indonesia",-7.881699529,112.526732,81333479479,,4,4,"Seluruh tempat untuk Anda dengan luas 95 m², parkir gratis di tempat, layanan kamar, kamar keluarga, kamar bebas rokok, pemandangan, balkon, shower, dan teras.",,,,0,0,1,0,0,0,0,,,https://www.booking.com/hotel/id/belicia.id.html?aid=356980&label=gog235jc-1FCAsoaEIHYmVsaWNpYUgSWANoaIgBAZgBErgBF8gBDNgBAegBAfgBAogCAagCA7gCp8L8wwbAAgHSAiRmNDFiNWQ1MC0xM2I1LTQ0OTEtYTdlNS0yYjVkNzQ5OTI2ZDbYAgXgAgE&sid=d9fb750e82ba26206df3aba1d55fa397&dest_id=-2672159&dest_type=city&dist=0&group_adults=2&group_children=0&hapos=1&hpos=1&no_rooms=1&req_adults=2&req_children=0&room1=A%2CA&sb_price_type=total&sr_order=popularity&srepoch=1753165514&srpvid=0ef22654efd10217&type=total&ucfs=1&,,,,,
289,Villa,Villa cherry Batu,"Jl. Cherry No. 146/147, Sisir, kec. batu, Batu, jawa timur, Indonesia",-7.893074823,112.5218458,,,3,6,,,,,0,0,0,0,1,0,0,,,,,https://id.trip.com/hotels/temas-hotel-detail-48583207/villa-cherry-batu-2-two-bedroom/,,,
290,Villa,VILLA CINDERELLA,"Jl. Bukit Panderman Hill, Sisir, Kec. Batu, Kota Batu, Jawa Timur 65311",-7.89069516,112.5223666,8123516370,,6,6,"Terdapat 4 kamar tidur (3 kamar AC dan 1 kamar non-AC), 2 kamar mandi dalam dan 1 kamar mandi luar, rooftop, kolam renang privat, karaoke, Wi-Fi, carport luas, CCTV keamanan 24 jam, dapur lengkap, mesin cuci, dan water heater.",,,,0,0,0,0,0,0,0,,,,,,,,
291,Villa,Villa ELANG Panderman View,"Jl. Bukit Panderman Hill, Sisir, Kec. Batu, Kabupaten Malang, Jawa Timur 65315",-7.890402059,112.5223027,8123516370,,8,10,"Kolam renang, Wi-Fi gratis, parkir gratis.",,,,0,1,0,1,0,0,0,,https://www.tiket.com/hotel/indonesia/villa-panderman-view-403001617079018907,,https://www.agoda.com/id-id/villa-panderman-view/hotel/malang-id.html?cid=1844104&ds=u1dmhICeeGKEQSgo,,,,
292,Villa,Villa Ijjooo....,"Jl. Manggis No.690, Sisir, Kec. Batu, Kabupaten Malang, Jawa Timur 65311",-7.893652182,112.5186142,82277887869,,4,4,,,https://www.instagram.com/villa_ijjooo/reel/C9AUbmwvLnO/,,0,0,0,0,0,0,0,,,,,,,,
293,Villa,Villa Imania,"Jl. Imam Bonjol Atas, Sisir, Kec. Batu, Kota Batu, Jawa Timur 65314",-7.881614736,112.5268405,81334069911,,3,3,"3 kamar mandi, 3 kamar tidur, dan water heater.",,,,0,0,0,0,0,0,0,,,,,,,,
294,Villa,Villa Pondok Bejo,"Jl. Terusan Bejo, Sisir, Kec. Batu, Kota Batu, Jawa Timur 65314",-7.867090959,112.5320242,8819660188,730.958,3,4,"shower, kulkas, TV, setrika, dishwasher, perlengkapan kamar mandi, kamar mandi pribadi, shared bathroom.",,,,1,0,0,0,1,0,0,https://www.traveloka.com/id-id/hotel/indonesia/villa-bejo-sharia-batu-9000000984238,,,,https://id.trip.com/hotels/batu-hotel-detail-11874994/pondok-bejo-homestay/,,,
295,Villa,VILLA PRIMADONA,"Jl. Bukit Panderman Hill, Temas, Kec. Batu, Kabupaten Malang, Jawa Timur 65316",-7.891220935,112.5243415,81331716292,,2,2,"Water heater, TV, halaman parkir, peralatan makan, peralatan dapur, kulkas, dan dispenser.",,,,0,0,0,0,0,0,0,,,,,,,,
296,Villa,VILLA ROCKY 106 ,"Jl. Cherry, Sisir, Kec. Batu, Kota Batu, Jawa Timur 65311",-7.8924682,112.521759,85100293817,,4,8,"Ruang tamu, ruang keluarga, dapur, gazebo, taman, playground, mini kolam renang, dan parkir luas.",,https://www.instagram.com/p/BpJYR69FpEq/?utm_source=ig_web_button_share_sheet,,0,0,0,0,0,0,0,,,,,,,,
297,Villa,VILLA YOUNNA,"Jl. Abdul Gani Atas, Sisir, Kec. Batu, Kota Batu, Jawa Timur 65311",-7.88184893,112.5223471,81235345554,,4,8,"Wi-Fi, parkir, ruang tamu.",,https://www.instagram.com/reel/CxM5RTgJoaE/?utm_source=ig_web_button_share_sheet,,0,1,0,0,0,0,0,,http://tiket.com/homes/indonesia/villa-youmna-606001687759827221,,,,,,
298,Villa,Zayn villa Homestay syariah,"kantor BNN, Jl. Sutan Hasan Halim Gg belakang, Sisir, Kec. Batu, Kota Batu, Jawa Timur 65314",-7.870855557,112.5352573,85961156368,,3,3,"taman, teras, semua ruang bebas rokok, layanan internet, Wi-Fi",,https://www.airpaz.com/id/hotel/zayn-villa-homestay-syariah-kota-batu.5536271 ,,0,0,0,0,0,0,0,,,,,,,,
299,Villa,CALISTA BATU VILLA,"Perum Metro Indah Regency, Jl. Metro Kav A11, Sisir, Kec. Batu, Kota Batu, Jawa Timur 65314",-7.861165317,112.5223741,85271822969,,3,3,"pemutar DVD, dapur kecil, lemari es, pancuran, TV, ruang keluarga, alat pemanas, teras.",,,,1,0,0,1,0,0,0,https://www.traveloka.com/id-id/hotel/indonesia/villa-calista-batu-9000000929025,,,https://www.agoda.com/id-id/unnamed-property/hotel/malang-id.html?cid=1844104&ds=nYqA7R4CkUDd2MhY,,,,
300,Villa,HANYOMI VILLA,"Villa kencana apel Jl. Abdul Gani Atas No.D2, Ngaglik, Kec. Batu, Kota Batu, Jawa Timur 65314",-7.885165171,112.5141952,81553198484,,6,6,"Wi-Fi gratis, parkir gratis, kolam renang luar ruangan, AC, ramah hewan peliharaan, restoran, dapur di beberapa kamar, antar-jemput bandara, pusat kebugaran.",,,,1,1,0,0,0,0,0,https://www.traveloka.com/id-id/hotel/indonesia/villa-hanyomi-batu-by-handi---six-bedroom-villa-3000020013561,https://www.tiket.com/homes/indonesia/villa-hanyomi-310001603224856275,,,,,,
301,Villa,KAWEBE 3 VILLA,"Kompleks Villa Batu Permai, Jalan Raya Songgoriti, Songgokerto, Kec. Batu, Kota Batu, Jawa Timur 65312",-7.8667785,112.4915539,85259013999,2.500.000,5,5,"Wi-Fi, parkir, tiket CLEAN, AC, resepsionis 24 jam.",,,,1,1,0,0,0,0,0,https://www.traveloka.com/id-id/hotel/indonesia/villa-kawebe-3000020019452,https://www.tiket.com/homes/indonesia/villa-kawebe-302001580793314071,,,,,,
302,Villa,KIMBER VILLA ,"Jl. Abdul Gani Atas III No.4, Ngaglik, Kec. Batu, Kota Batu, Jawa Timur 65311",-7.880982337,112.5203774,,,4,4,,,,,0,0,0,0,0,0,0,,,,,,,,
303,Villa,NATALIA VILLA ,"Jl. Bukit Panderman Hill No.B7, Temas, Kec. Batu, Kabupaten Malang, Jawa Timur 65315",-7.891414207,112.5243732,81331716292,,3,3,,,,,0,0,0,0,0,0,0,,,,,,,,
304,Villa,PANDERMAN INDAH SUHADI VILLA ,"Jl. Abdul Gani Atas No.9, Ngaglik, Kec. Batu, Kota Batu, Jawa Timur 65314",-7.886386793,112.5144864,81216962800,263.200 - 817.779,24,24,"ramah hewan peliharaan, ramah anak, restoran, antar-jemput bandara, pusat kebugaran.",,,"http://www.villapandermanindah.com/ , https://book-directonline.com/properties/villapandermanindahdirect/about?locale=id&items[0][adults]=2&items[0][children]=0&items[0][infants]=0&currency=IDR&checkInDate=2025-08-12&checkOutDate=2025-08-13&trackPage=yes",1,1,1,1,0,0,0,https://www.traveloka.com/id-id/hotel/detail?spec=12-08-2025.13-08-2025.1.1.HOTEL.3000020000167.Villa%20Panderman%20Indah.2&contexts=%7B%22accessCode%22%3A%2290975GHAD1305desktop%22%2C%22metasearchRequestId%22%3A%2234c638f1-454f-43f7-9f38-031f6b6d76e6%22%2C%22inventoryRateKey%22%3A%22povEwB3ZzsU2C6pd%2B6MdU6u0YYPJ5r8SDvn1XpJMHcliHHNbXEfJjsvl7b5mKssvfwxXnYiRzoxM4HX9sDmt9%2FAm1AYn3MeGz8Xcpq5hCtgkoYhCABuc4UBUJdDpIzcBkjYFe7E9Hsd3uMKwzSkUl5pNkVNrbZlWauR9OJSMSOgTUF8uPIIQL0rCSb9XNHrUBuEg7KIpmOhinxZjLaw6jI%2BbdPKyeEcnUCrwiPsukDU4xJaQCNZd7Dm9H%2BzKz3SoHlBcSNHFk%2B6M%2Bed81rVbweEHGIhg0KJ7gZAJpw17ItAcEtGPm1fxqcNnBgMR8yyWsqLVLiVkZp%2FG52AlJ1henblS81%2FL314%2BEun2%2FX6YDWiyFsPD2x3QEcM8llUfiHL8cobv2sM7J0Fdi71F%2BMaPuJZ%2F4BcR1dMJZnHguitAKG4sPX4lQXx3WuS3pDmvHr6TmEAQvSMnVoIA9pZMtQ8Ze2IPhCfCtOOsCfUdg4%2FLb1ma6RjhZ%2B%2F6QV25zuEEdvqmefho0o7KgbsmK2jlIeR2OjRtcdHHo%2FAWwEPDHg90N1R9O21BdVMumhKJ1LZWTYhAqtovf7l7Wh6O7acT8Ie56zkjUbMpMwoD8bDdfSrNvYejJhdEEziI4Xl3iRJYHk49zVKWfYDUVqNo%2FAall9xaE%2BBdh9sK%2FhDbQNzrF0n6st1UzG%2FUAvOSY%2FRabjp%2FxJgSxfH2bKUpSjEuA6nReUpwng5lt77VApYSiZWlKrVeS927E49qP%2F8fATyH2xNcPCvYlfxQK1kTlJUI3DHN0EvwNDCmFYRHIaL9k1o31jsNJ8ZdRIxAkB%2FTzC2x4qzSPHp2d5pQ5%2BHw1J1TK6E5FeoT6T8AVvZ9qLJTDwbqb88hTw9Ywlx0XWa8wDnyygtf7Crmp%2Fc6G6mL9eWogIEjTUT%2BvxdmjA0pqNs%2Fp6%2F2UetIeMx%2B0ACFTWJVhwkR%2By0sft0uKhbuK%2FcARcRAAI8Iaf2%2Bxn9RY%2Bt472dLHHj0HP0Rvh3v5l6xeGN%2FwJHUV96%2BJDyvLOsg%2BtVMwgdLBQwCFoUNCCsLZYj3TjXAVbJ8awU%2FmDAi9KPBELH76D%2FbZWE3ybF3BpbqzhBe2QebHI2LU0JPyWVz0rpvEv6EWvkkZ4rXXXZETKF%2BWtkTq7WP2xt7dVLXkjYFe7E9Hsd3uMKwzSkUl1TQPy7L0IcQO%2FjXM28tbBc2J%2ByuUietFuQmH0%2FNZgLEBJiz%2FkLLIDY2UyHMEiXQJhq2EZIH0HjNxWh0rTSTHL3kR%2BHXMDLOn9XgGZtk8%2F5ECHBikUyR658EMrjfcLPYmGjbEiQUMjap199X9Dwp20w5iYd%2B2kOQ76p0DVa1E9WH2h9IiyBfd6jHiVmwG82oY8XEBK8wkzy%2Bv2MIYB5e6qKsSeEMxlTUpu%2B6YQZMjW9n%22%7D&loginPromo=1&prevSearchId=1840226705128582036&mToken=mHqtAOJNoS7yL0kTBPSyV%2BuzKL%2BR8uNBTe5KtJZbanXAan7toGK3mKhJBZ7FJ3kyNJtzIrZHIb%2FDbhk1uT7Skg%3D%3D&metasearchRateId=IDUsers,https://www.tiket.com/hotel/indonesia/villa-panderman-indah-108001534490366897?hotelID=e34c8318-e2af-4dca-a2b5-f1a9195f3dcf&checkin=2025-08-12&checkout=2025-08-13&adult=2&country=ID&device=desktop&isAat=true&utm_source=google-hotel&utm_term=e34c8318-e2af-4dca-a2b5-f1a9195f3dcf&utm_medium=prf-ppc&utm_campaign=%5BMSA%5D-21472895668&utm_external=prf&gad_source=1&gad_campaignid=21472895668&gclid=Cj0KCQjwqebEBhD9ARIsAFZMbfwHYo9ofvCUW0OLU3K6534HJgu64td0DVd_9h2aDTYp2OxDngfdU-0aAjWWEALw_wcB,https://www.booking.com/hotel/id/panderman-indah.id.html?aid=1893449&label=metagha-link-LUID-hotel-2374947_dev-desktop_los-1_bw-0_dow-Tuesday_defdate-1_room-0_gstadt-2_rateid-publicNe_aud-0_gacid-21404703723_mcid-33_ppa-0_clrid-0_ad-1_gstkid-0_checkin-20250812_ppt-Tag_lp-2360_r-6741511384138570959&sid=233728113668e99909dd2ab41b784bea&all_sr_blocks=237494701_0_2_1_0&checkin=2025-08-12&checkout=2025-08-13&dest_id=2374947&dest_type=hotel&dist=0&group_adults=2&group_children=0&hapos=1&highlighted_blocks=237494701_0_2_1_0&hpos=1&matching_block_id=237494701_0_2_1_0&no_rooms=1&req_adults=2&req_children=0&room1=A%2CA&sb_price_type=total&sr_order=popularity&sr_pri_blocks=237494701_0_2_1_0__23054108&srepoch=1754976970&srpvid=a8c82758053205f2&type=total&ucfs=1&,https://www.agoda.com/id-id/villa-panderman-indah_2/hotel/malang-id.html?countryId=192&finalPriceView=1&isShowMobileAppPrice=false&cid=1917614&numberOfBedrooms=&familyMode=false&adults=2&children=0&rooms=1&maxRooms=0&checkIn=2025-08-12&isCalendarCallout=false&childAges=&numberOfGuest=0&missingChildAges=false&travellerType=1&showReviewSubmissionEntry=false&currencyCode=IDR&isFreeOccSearch=false&los=1&searchrequestid=c7cb9aed-02c8-4fc6-9343-e72221bba886&ds=h19A2r%2BIpw2ZhN7w,,,,
305,Villa,Permata Villa 2,"Jl. Abdul Gani Atas, Ngaglik, Kec. Batu, Kota Batu, Jawa Timur",-7.884734188,112.5136943,81234019549,,7,14,,,https://www.instagram.com/permata.villa/reels/,,0,0,0,0,0,0,0,,,,,,,,
306,Villa,PERMATA VILLA I,"Jl. Abdul Gani Atas Komplek Villa Kencana Apel No.D3, Ngaglik, Kec. Batu, Kota Batu, Jawa Timur",-7.88500157,112.5141671,81234019549,,7,14,"Wi-Fi, parkir, kolam renang privat, tiket CLEAN, ruang tamu, perlengkapan BBQ, dapur, teras atau balkon.",,https://www.instagram.com/permata.villa/reels//,,0,1,0,0,1,0,0,,https://www.tiket.com/homes/indonesia/permata-villa-1-505001652336129251,,,https://id.trip.com/hotels/batu-sub-district-hotel-detail-8546937/permata-villa-1/,,,
307,Villa,Villa Puncak - Panderman view,"Jalan Bukit Panderman Hill, Oro-Oro Ombo, Sisir, Kec. Batu, Kota Batu, Jawa Timur 65316",-7.890648827,112.5210726,8123516370,,8,8,"Wi-Fi, parkir gratis, kolam renang luar ruangan, AC, ramah hewan peliharaan, ramah anak, restoran, antar-jemput bandara, pusat kebugaran.",,,,1,0,0,1,1,0,0,https://www.traveloka.com/id-id/hotel/indonesia/villa-panderman-view-9000000971433,,,https://www.agoda.com/id-id/villa-panderman-view/hotel/malang-id.html?cid=1844104&ds=g1Em2l7RRH6Z16R6,https://id.trip.com/hotels/batu-sub-district-hotel-detail-8545658/villa-puncak-panderman-view/,,,
308,Villa,SAHAR BACKPACKER ,"Jalan Moch Sahar No.10 Gang III, Ngaglik, Batu, kota batu, jawa timur 65314",-7.875763607,112.5242676,62822-5781-8987,59.884 - 71.747,4,4,"Wi-Fi gratis, sarapan, kolam renang, AC, ramah hewan peliharaan, antar-jemput bandara, pusat kebugaran.",,https://www.instagram.com/saharbackpackerhostel/,,1,1,0,0,0,0,0,https://www.traveloka.com/id-id/hotel/indonesia/sahar-backpacker-3000010040226?spec=29-11-2023.30-11-2023.1.1.HOTEL.3000010040226.Sahar+Backpacker.1&contexts=%7B%22sourceHotelDetail%22%3A%22SHARE_BUTTON%22%7D&force-app=false,https://www.tiket.com/hotel/indonesia/sahar-backpacker-108001534519631994?hotelID=a2b33821-65aa-44d0-83de-acc5424798be&checkin=2025-08-04&checkout=2025-08-05&adult=2&country=ID&device=desktop&isAat=true&utm_source=google-hotel&utm_term=a2b33821-65aa-44d0-83de-acc5424798be&utm_medium=prf-ppc&utm_campaign=%5BMSA%5D-21472895668&utm_external=prf&gad_source=6&gad_campaignid=21472895668,,,,,,
309,Villa,The Serenity hills Villa,"Kompleks Villa Safira, Jl. Abdul Gani Atas No.Kav.19, Ngaglik, Kec. Batu, Malang, Jawa Timur 65311",-7.882421529,112.5201395,85236390172,,4,4," bathtub, lemari es, TV, shower, microwave, dapur kecil, TV kabel, kamar keluarga, area merokok, AC, teras, alat pemanas, kolam renang, kolam renang luar ruangan, barbeque, karaoke, Wi-Fi gratis",,,,1,0,0,0,0,0,0,https://www.traveloka.com/en-sg/hotel/indonesia/the-serenity-hills-villa-9000000984754,,,,,,,
310,Villa,The Serenity Hills Villa 2,"Jl. Abdul Gani Atas Kompleks Villa Safira No.Kav.21, Ngaglik, Kec. Batu, Malang, Jawa Timur 65311",-7.885691672,112.5184803,85236390172,,4,4,"ruang keluarga, AC, teras, alat pemanas, teras rooftop, kolam renang, TV, microwave, dapur kecil, TV kabel, Wi-Fi gratis, karaoke, Wi-Fi di area umum, bilyar",,https://www.instagram.com/theserenityhills/?hl=en,,1,0,0,0,0,0,0,https://www.traveloka.com/id-id/hotel/indonesia/the-serenity-hills-villa-2-9000001152724,,,,,,,
311,Villa,Smart Villas Batu,"Jl. Abdul Rahman Gg. V No.7, Ngaglik, Kec. Batu, Kota Batu, Jawa Timur 65311",-7.872357686,112.5224028,8125222323,,6,9,"parkir, AC.",,https://www.instagram.com/smartvillasbatu/?hl=id,,0,1,0,0,0,0,0,,https://www.tiket.com/homes/indonesia/smart-villa-302001582171568201,,,,,,
312,Villa,VILA ASRI NGAGLIK ,"Ngaglik, Batu, kota batu, jawa timur 65311",-7.885091903,112.5169244,81336413649,198.842 - 225.000,9,9,"TV kabel, lemari es, pancuran, resepsionis, resepsionis 24 jam, keamanan 24 jam, area parkir, Wi-Fi di area umum, Wi-Fi gratis, bebas rokok",,,https://villaasri-bke.zoombookdirect.com/search/2025-08-12/2025-08-13/rooms/1/adults/2,1,0,1,1,1,0,0,https://www.traveloka.com/id-id/hotel/indonesia/villa-asri-9000000924913,,https://www.booking.com/hotel/id/villa-asri-kota-batu.id.html?aid=1893449&label=metagha-link-LUID-hotel-6516923_dev-desktop_los-1_bw-27_dow-Monday_defdate-1_room-0_gstadt-2_rateid-public_aud-0_gacid-21404703723_mcid-50_bc-AGNwuw_ppa-0_clrid-0_ad-1_gstkid-0_checkin-20250908_ppt-CgB_lp-2360_r-12883104033512963040&sid=233728113668e99909dd2ab41b784bea&all_sr_blocks=651692301_266155322_2_0_0&checkin=2025-09-08&checkout=2025-09-09&dest_id=6516923&dest_type=hotel&dist=0&group_adults=2&group_children=0&hapos=1&highlighted_blocks=651692301_266155322_2_0_0&hpos=1&matching_block_id=651692301_266155322_2_0_0&no_rooms=1&req_adults=2&req_children=0&room1=A%2CA&sb_price_type=total&sr_order=popularity&sr_pri_blocks=651692301_266155322_2_0_0__20475000&srepoch=1754977428&srpvid=1f8e283f543405fd&type=total&ucfs=1&,https://www.agoda.com/id-id/villa-asri-h15918485/hotel/malang-id.html?countryId=192&finalPriceView=1&isShowMobileAppPrice=false&cid=1918349&numberOfBedrooms=&familyMode=false&adults=2&children=0&rooms=1&maxRooms=0&checkIn=2025-09-8&isCalendarCallout=false&childAges=&numberOfGuest=0&missingChildAges=false&travellerType=1&showReviewSubmissionEntry=false&currencyCode=IDR&isFreeOccSearch=false&los=1&searchrequestid=35275272-e66a-4b20-8c58-8d2abd3c91c2&ds=t7XV%2BXkJRhdoPoFt,https://id.trip.com/hotels/batu-sub-district-hotel-detail-72844462/villa-asri/?cityId=144380&checkIn=2025-09-08&checkOut=2025-09-09&adult=2&children=0&subStamp=3001547&crn=1&ages=&travelpurpose=0&curr=IDR&fgt=1&hasAidInUrl=true&mincurr=IDR&minprice=222422.00&mproom=1080017093&link=title&hoteluniquekey=H4sIAAAAAAAA_-OK4GKSYBJi4mCU8uM42vi_iUWIy9DA1NLC0MDAwMhgC7fF9qwAjhmM6zrvKa1gZNzByHSRkQEILqzjcHwIZm1Q43Z8wbizYc8WxgUsjAtZQWIO9y84SPH4ZoQ6VVX4mQZlBlYqMGqcnfj6CJsHYxCbgauZqaNblAwXs6dLkKDntIMdT5_a2EuBeIowXhJrap6up0tGl3AXI5MH4ypGhk-M_MgGxhsaAwBGacyjvAAAAA&subChannel=&masterhotelid_tracelogid=84555a950af342fab62a196ddf3b4941&NewTaxDescForAmountshowtype0=F&detailFilters=17%7C1%7E17%7E1*80%7C2%7C0%7E80%7E2*19%7C144380%7E19%7E144380&hotelType=meta&trip_sub1=08_09_2025_1_localuniversal_72844462_ID_desktop_default___0_0-LANG_ID_EN-landing&display=incavg&locale=en-ID,,,
313,Villa,VILA MOUNTVIEW,"Jl. Abdul Gani Atas Komplek Villa Kencana Apel D6-D7, Ngaglik, Batu, Kab. Malang, jawa timur 65311",-7.884919093,112.5139794,. 085748415839/08121626500,,6,6,"Kolam renang privat, water heater, Wi-Fi, TV, karaoke, rooftop, halaman parkir, peralatan makan, peralatan dapur, kulkas, dispenser, rice cooker, alat barbeque.",,https://www.instagram.com/batu_mountview_villa/?hl=en,,0,1,0,0,0,0,0,,https://www.tiket.com/homes/indonesia/batu-mountview-villa-311001604556203208,,,,,,
314,Villa,Agro Indah Villa,"Jl. Abdul Gani Atas No.25, Ngaglik, Kec. Batu, Kota Batu, Jawa Timur 65311",-7.884234715,112.5191241,81333226640,,14,14,,,,https://villaagroindah.com/,0,0,0,0,1,0,0,,,,,https://id.trip.com/hotels/batu-sub-district-hotel-detail-48550213/spacious-place-at-villa-agro-indah-6br/,,,
315,Villa,VILLA ARRAYYAN batu,"Jl. Abdul Gani Atas No.B-00, Ngaglik, Kec. Batu, Kota Batu, Jawa Timur 65311",-7.888795219,112.5178486,81292025758,,2,2,"kamar keluarga, pemanas ruangan, kamar bebas rokok, kulkas, shower, TV",,,,1,0,0,0,0,0,0,https://www.traveloka.com/en-id/hotel/indonesia/arrayan-executive-village-9000003313788,,,,,,,
316,Villa,VILLA CELEBRITIES ,"Panderman Hill, Jl. Jeruk I No.DD 549, Sisir, Kec. Batu, Kota Batu, Jawa Timur 65311",-7.891434001,112.5163111,81615435009,,5,5,,,,,0,0,0,0,0,0,0,,,,,,,,
317,Villa,VILLA EDELWEIS,"Jl. Abdul Gani Atas Perum Agro ( Kusuma Estate No.2b, Ngaglik, Kec. Batu, Kota Batu, Jawa Timur 65311",-7.881824114,112.5198912,85755553306,650.000 - 6.500.000,3,3,"Wi-Fi, ruang tamu, dapur, perlengkapan BBQ, TV, kulkas, smart TV, tiga kamar tidur, dua kamar mandi, water heater.",,,,0,1,0,0,0,0,0,,https://www.tiket.com/homes/indonesia/villa-edelweis-2b-kusuma-estate-kwb-512001670315011357,,,,,,
318,Villa,VILLA EMIRA,"Jl. Abdul Gani Atas, Ngaglik, Kec. Batu, Kota Batu, Jawa Timur 65311",-7.885233012,112.516993,"085379019118, 087766961809 ",1.251.450 - 1.397.250,5,8,"Wi-Fi, layanan streaming, ruang tamu, dapur, perlengkapan BBQ, TV, teras atau balkon, kulkas, smart TV.",,https://www.instagram.com/emiravillas/,,0,1,0,0,0,0,0,,https://www.tiket.com/homes/indonesia/emiravillas-612001701601837299?hotelID=436364e0-ec2c-46a8-b358-fecc0787630a&checkin=2025-09-18&checkout=2025-09-19&adult=2&country=ID&device=desktop&isAat=true&utm_source=google-hotel&utm_term=436364e0-ec2c-46a8-b358-fecc0787630a&utm_medium=prf-ppc&utm_campaign=%5BMSA%5D-17283522910&utm_external=prf&gad_source=6&gad_campaignid=17283522910&gclid=CjwKCAjw7fzDBhA7EiwAOqJkhz75HLGUtUPVGZ8sq8yCjjqBcvy6vh5KIb_ksYtHsL7yeomTHROaJhoCVDcQAvD_BwE,,,,,,
319,Villa,VILLA FORTUNE / ASA VILLA,"Jl. Abdul Gani No.9, Ngaglik, Kec. Batu, Kota Batu, Jawa Timur 65311",-7.876753115,112.5206474,82234335585,,3,3,"Kolam renang luar, taman, perlengkapan BBQ, karaoke, ruang keluarga, Wi-Fi.",,,,1,0,0,0,0,0,0,https://www.traveloka.com/id-id/hotel/indonesia/new-villa-fortune-by-vhb-group-3000020019429,,,,,,,
320,Villa,VILLA GITA,"Jl. Suropati No.50, Ngaglik, Kec. Batu, Kota Batu, Jawa Timur 65311",-7.874164728,112.5192797,"081917498712, 089676448472",,4,4,"Kolam renang, kolam renang privat, Wi-Fi, ruang tamu, perlengkapan BBQ, dapur, TV, teras atau balkon, bathtub, kulkas.",,https://www.instagram.com/villagitabatu/,,0,1,0,0,0,0,0,,https://www.tiket.com/homes/indonesia/villa-gita-602001675845623002?hotelID=5907074e-a2fc-425a-b32c-3667128ef2b9&checkin=2025-09-18&checkout=2025-09-19&adult=2&country=ID&device=desktop&isAat=true&utm_source=google-hotel&utm_term=5907074e-a2fc-425a-b32c-3667128ef2b9&utm_medium=aff-meta&utm_campaign=Google-Hotel-0023-B2B-none-hotel&utm_external=aff,,,,,,
321,Villa,VILLA HEINBILL 1 PINUS,"Jalan abdul gani atas, Villa Kusuma Pinus F No.16-17, Pesanggrahan, Batu, kota batu, jawa timur 65311",-7.885567936,112.5120156,"082234335585, 081217211769",800.000 - 1.730.002,7,7,"6 kamar tidur, 4 kamar mandi, water heater, kolam renang privat, fasilitas anak, Wi-Fi, karaoke, dapur lengkap, perlengkapan BBQ, rooftop dengan pemandangan, parkir luas, keamanan 24 jam.",,https://www.instagram.com/villapinusbatu/,http://www.villapinusbatu.com/,1,0,0,0,0,0,0,https://www.traveloka.com/en-id/hotel/indonesia/full-house-at-villa-heinbill-pinus-view-3000020019327?clickref=10010latMw&utm_id=6wVpZzyA&campaign_id=1100l6465&partner_id=1100l12126&gad_source=1,,,,,,,
322,Villa,VILLA HEINBILL 2 ESTATE,"Jalan abdul gani atas, Villa Kusuma Pinus F No.16-17, Pesanggrahan, Batu, kota batu, jawa timur 65311",-7.885567936,112.5120156,82234335585,2.539.355 - 3.303.402,5,5,"Kolam renang, kolam renang privat, Wi-Fi, fasilitas anak, ruang tamu, perlengkapan BBQ, fasilitas ramah difabel, dapur.",,,,1,1,0,0,0,0,0,https://www.traveloka.com/id-id/hotel/indonesia/full-house-at-villa-heinbill-pinus-view-3000020019327,https://www.tiket.com/homes/indonesia/fullhouse-at-villa-heinbill-pinus-view-511001668060049321,,,,,,
323,Villa,Batu Mountview Villa,"Jl. Abdul Gani Atas Komplek Villa Kencana Apel D6-D7, Ngaglik, Batu, Kab. Malang, jawa timur 65311",-7.884917764,112.5139774,85748415839,2.250.000,6,6,"Kolam renang privat, water heater, Wi-Fi, TV, karaoke, rooftop, parkir, peralatan makan, dapur lengkap, kulkas, dispenser, rice cooker, perlengkapan BBQ.",,,,0,1,0,0,0,0,0,,https://www.tiket.com/homes/indonesia/batu-mountview-villa-311001604556203208,,,,,,
324,Villa,Villa Pelangi 1 Batu,"Jalan Abdul Gani Atas, Villa Kusuma Estate Tahap 1 No.21, Batu, 65311, Sisir, Batu, kota batu, jawa timur 65314",-7.881779586,112.5218493,82244991140,2.469.582 -  2.778.773,8,8,"TV kabel, meja, pemutar DVD, dapur kecil, lemari es, pancuran, taman, karaoke, kolam renang outdoor, kursi berjemur tepi kolam, ruang TV, ruang keluarga, area bebas asap rokok, kolam renang, teras, internet kamar, Wi-Fi gratis, area parkir, Wi-Fi di area umum, keamanan 24 jam, bilyar",,https://www.instagram.com/villapelangi/?hl=en,,1,1,0,0,0,0,0,https://www.traveloka.com/id-id/hotel/indonesia/villa-pelangi-1-3000010039531,https://www.tiket.com/hotel/indonesia/villa-pelangi-509001662981132663,,,,,,
325,Villa,Villa Pyramid Batu,"Jalan Abdul Gani Bawah Komplek Villa Kusuma Estate kavling 05, Batu, Malang, Jawa Timur, Indonesia, 65311",-7.877960123,112.5202436,81233330202, 3.189.500,6,6,"Kolam renang, Wi-Fi, kolam renang privat, AC, ruang tamu.",,,,1,1,0,0,0,0,0,https://www.traveloka.com/id-id/hotel/indonesia/villa-pyramid-batu-9000000095289,https://www.tiket.com/homes/indonesia/villa-pyramid-batu-512001672202734824?hotelID=22c6df38-0bd9-45be-9879-609b5cd06496&checkin=2025-08-04&checkout=2025-08-05&adult=2&country=ID&device=desktop&isAat=true&utm_source=google-hotel&utm_term=22c6df38-0bd9-45be-9879-609b5cd06496&utm_medium=prf-ppc&utm_campaign=%5BMSA%5D-17283522910&utm_external=prf&gad_source=6&gad_campaignid=17283522910&gclid=Cj0KCQjwkILEBhDeARIsAL--pjyw6w7WtM6bDUs-sZmfmToBYn6Oe1-XMD9dffOvVG2RTcw_PcgkML0aArSrEALw_wcB,,,,,,
326,Villa,VILLA PUTIH," Komplek Villa Putih Songgoriti, Jalan Hasanudin Gg. VI No. 65, Songgoriti, Batu, Jawa Timur 65313",-7.871727114,112.5127954,,,5,10,"TV layar datar, parkir gratis, parkir, dapur, teras, parkir pribadi.",,https://www.instagram.com/whitehousevillabatu/?hl=en,,0,1,1,0,0,0,0,,https://www.tiket.com/hotel/indonesia/villa-putih-batu-303001583405675948,https://www.booking.com/hotel/id/villa-putih-kota-batu.id.html?aid=356980&label=gog235jc-1FCAsoaEIVdmlsbGEtcHV0aWgta290YS1iYXR1SBJYA2hoiAEBmAESuAEXyAEM2AEB6AEB-AECiAIBqAIDuAKJuobEBsACAdICJGQzMGIwYjUyLTFjN2MtNDQ1Yy05YTA1LTU2YzRjMjIyMzk5ONgCBeACAQ&sid=d9fb750e82ba26206df3aba1d55fa397&dest_id=-2697680&dest_type=city&dist=0&group_adults=2&group_children=0&hapos=1&hpos=1&no_rooms=1&req_adults=2&req_children=0&room1=A%2CA&sb_price_type=total&sr_order=popularity&srepoch=1753324842&srpvid=68cd12c5e07e016a&type=total&ucfs=1&,,,,,
327,Villa,Villa Qianna,"Perumahan Kusuma Estate Kav. 18, Jl. Abdul Gani, Ngaglik, Batu, kota batu, jawa timur 65311",-7.877754055,112.519965,,,3,3,"Water heater, peralatan mandi, Wi-Fi, TV, AC, halaman parkir, peralatan makan, peralatan dapur, kulkas, dispenser, rice cooker, alat barbeque.",,,,0,0,0,1,0,0,0,,,,https://www.agoda.com/id-id/qianna-2-cozy-villa-beside-museum-angkut/hotel/malang-id.html?cid=1844104&ds=J%2BbXYm6Sze7e%2BFdn,,,,
328,Villa,Villa Semeru,"Jl. Semeru No.50, Sisir, Kec. Batu, Kota Batu, Jawa Timur 65314",-7.868266279,112.5280942,81252604349,,11,11,"AC, area bebas asap rokok, area merokok, meja, pancuran, TV, area parkir, layanan kamar, resepsionis, layanan kamar dengan jam terbatas, ruang TV",,,,1,0,0,0,0,0,0,https://www.traveloka.com/id-id/hotel/indonesia/villa-semeru-batu-9000000933117,,,,,,,
329,Villa,VILLA TALENTA ," Perum Villa Safira, Jl. Abdul Gani Atas No.Kav. 29, RW.15, Ngaglik, Kec. Batu, Kota Batu, Jawa Timur 65311",-7.886012742,112.518754,0812-3025-5515,,3,5,,,https://www.instagram.com/villa_talenta/?hl=en,,0,0,0,0,0,0,0,,,,,,,,
330,Villa,Villa Luxurious,"Jl. Cemp. Atas No.68, Pesanggrahan, Kec. Batu, Malang, Jawa Timur 65313",-7.880508736,112.5020916,81252222990,,17,17,"tiket Green, resepsionis 24 jam, parkir gratis, fasilitas umum, layanan laundry/dry cleaning.",,,,0,1,0,1,0,0,0,,https://www.tiket.com/homes/indonesia/group-villa-luxury-403001614756582983,,https://www.agoda.com/id-id/villa-batu-luxurious-privacy-3br-villa-klub-bunga/hotel/malang-id.html?cid=1844104,,,,
331,Villa,VILLA HOLLANDA,"Jl. Cempaka, Pesanggrahan, Kec. Batu, Kabupaten Malang, Jawa Timur 65312",-7.872241236,112.5039113,341596329,,10,10,"12 kamar tamu, free bed tambahan, water heater, kamar mandi di setiap kamar, double bed dan single bed, hotspot area, akses dekat Jatim Park 1, Jatim Park 2, BNS, dan Songgoriti, makan prasmanan, cocok untuk rombongan 30–50 orang.",,,,0,0,0,0,0,0,0,,,,,,,,
332,Villa,VILLA ROSE,"Jl. Rambutan No.7, Songgokerto, Kec. Batu, Kota Batu, Jawa Timur 65312",-7.863807979,112.4938855,85234011465,,5,5,"Wi-Fi gratis, parkir gratis, kolam renang, AC, ramah hewan peliharaan, restoran, dapur di beberapa kamar, antar-jemput bandara, pusat kebugaran.",,,,0,0,0,1,0,0,0,,,,https://www.agoda.com/en-ie/villa-rose-batu/hotel/malang-id.html?cid=1844104&ds=bvKMrGlTyLt52tdu,,,,
333,Villa,VILLA SERUNI,"Jl. Seruni No.5, Pesanggrahan, Kec. Batu, Kota Batu, Jawa Timur 65313",-7.872158036,112.5093341,6285536336460,,6,6,"5 kamar tidur, 5 kamar mandi, kolam renang, karaoke.",,https://www.instagram.com/villa.seruni/?hl=en,,0,0,0,0,0,0,0,,,,,,,,
334,Villa,VILLSA Private Pool,"Jl suropati perumahan, Jl. Pesanggrahan Kusuma No.4, Pesanggrahan, Kec. Batu, Kota Batu, Jawa Timur 65313",-7.873557907,112.5125304,82234283883,,4,4,"Tempat duduk ramah difabel, toilet ramah difabel.",,https://instagram.com/villa.villsa?igshid=YmMyMTA2M2Y=,,0,0,0,0,0,0,0,,,,,,,,
335,Villa,Villa 15A,"Jl. Durian No.15A, Songgokerto, Kec. Batu, Kota Batu, Jawa Timur 65312",-7.8643131,112.4951749,85736060650,100.000 - 125.000,4,4,"Water heater, Wi-Fi, TV, halaman parkir, peralatan makan, peralatan dapur, dispenser.",,,,0,0,0,0,0,0,0,,,,,,,,
336,Villa,Villa 3 Saudara Songgoriti,"Jl. Durian Gang Macan No.2, Songgokerto, Kec. Batu, Kota Batu, Jawa Timur 65312",-7.864394107,112.4946383,81231700072,,15,15,"Wi-Fi gratis, parkir gratis, resepsionis 24 jam, ruang keluarga, dapur, penitipan barang.",,,,1,0,0,1,0,0,0,https://www.traveloka.com/id-id/hotel/indonesia/villa-3-saudara-9000000794704,,,https://www.agoda.com/id-id/villa-3-saudara/hotel/malang-id.html?cid=1844104&ds=EwrZZdsgFLl9uUO6,,,,
337,Villa,Villa Achika Songgoriti,"Songgokerto, Kecamatan Batu, Kota Batu, Jawa Timur 65312, Indonesia",-7.861473757,112.4993968,81252416625,,4,4,"Water heater, Wi-Fi, TV, halaman parkir, peralatan makan, peralatan dapur, dispenser.",,,,0,0,0,0,0,0,0,,,,,,,,
338,Villa,Villa Adelia,"Jl. Murbei No.19, Songgokerto, Kec. Batu, Kota Batu, Jawa Timur 65312",-7.863566756,112.4982261,85250498267,,6,8,"Kolam renang privat, Wi-Fi, TV, karaoke, halaman parkir, peralatan makan, peralatan dapur, kulkas, dispenser, rice cooker, alat barbeque.",,,,0,0,0,0,0,0,0,,,,,,,,
339,Villa,Villa Aldo,"Jl. Delima No.11, Songgokerto, Kec. Batu, Kota Batu, Jawa Timur 65312",-7.862917601,112.4965477,0817-9621-629,,5,5,,,,,0,0,0,0,0,0,0,,,,,,,,
340,Villa,ALGA JAYA VILLA,"Jl. Rambutan Gang III No.15, Songgokerto, Kec. Batu, Kota Batu, Jawa Timur 65312",-7.862633558,112.4938145,82139133339,,6,6,,,,,0,0,0,0,0,0,0,,,,,,,,
341,Villa,Villa Amigo 2,"Jl. Arumdalu No.18, Songgokerto, Kec. Batu, Kota Batu, Jawa Timur 65312",-7.863631249,112.4949576,817380538,,15,15,,,,,0,1,0,0,0,0,0,,https://www.tiket.com/hotel/indonesia/villa-amigo-2-301001579886973118,,,,,,
342,Villa,Villa Ananda 1," Jl. Arumdalu gang Nanas, Songgokerto, Kec. Batu, Kota Batu, Jawa Timur 65312",-7.862749572,112.4988409,,,3,3,"Water heater, Wi-Fi, TV, halaman parkir, peralatan makan, peralatan dapur, dispenser.",,,,0,0,0,0,0,0,0,,,,,,,,
343,Villa,Villa Fajar ( Cak Uut),"Jl. Perum Bukit Songgoriti No.20, Songgokerto, Kec. Batu, Kabupaten Malang, Jawa Timur 65312",-7.861440207,112.4985363,85646726038,,7,7,"Wi-Fi gratis, parkir gratis, resepsionis 24 jam, kamar keluarga, penitipan bagasi, layanan binatu.",,,,0,1,0,1,0,0,0,,https://www.tiket.com/hotel/indonesia/villa-fajar-batu-505001653882383160,,https://www.agoda.com/en-in/villa-fajar-batu/hotel/malang-id.html?cid=1844104&ds=xmpKKAuQtlNLzH72,,,,
344,Villa,ANGGA UWEL VILLA ,"Songgoriti, Jl. Rambutang Gg. III, Songgokerto, Kec. Batu, Kota Batu, Jawa Timur 65312",-7.862629115,112.4935236,81249670213,,10,10,,,,,0,0,0,0,0,0,0,,,,,,,,
345,Villa,Villa Antorium,"Jl. Delima No.5, Songgokerto, Kec. Batu, Kota Batu, Jawa Timur 65312",-7.862825664,112.4965755,81334303125,,6,6,,,,,0,0,0,0,0,0,0,,,,,,,,
346,Villa,Anugrah Songgoriti Villa - Batu,"Gg. Langsep No.12A, Songgokerto, Kec. Batu, Kota Batu, Jawa Timur 65312",-7.862691278,112.4966355,82141121996,1.800.000 - 2.500.000,3,3,"Water heater, Wi-Fi, TV, karaoke, halaman parkir, peralatan makan, peralatan dapur, dispenser.",,,,0,0,0,0,0,0,0,,,,,,,,
347,Villa,"Villa Asti Mbak Nining, Batu, Kota Batu","Jl. Rambutan Jl. Raya Songgoriti, Songgokerto, Kecamatan Batu, Kota Batu, Jawa Timur 65312, Indonesia",-7.863265628,112.4930996,81333773137,,2,2,,,,,0,0,0,1,0,0,0,,,,https://www.agoda.com/id-id/villa-asti-h25856451/hotel/malang-id.html?cid=1844104&ds=lS3Mc8ng4PAXge%2Br,,,,
348,Villa,Villa Baim,"Jl. Arumdalu gang sekolahan SD, Songgokerto, Kec. Batu, Kota Batu, Jawa Timur 65312",-7.861025336,112.4994574,85790585225,,6,6,"Water heater, peralatan mandi, Wi-Fi, TV, halaman parkir, dispenser.",,,,0,0,0,0,0,0,0,,,,,,,,
349,Villa,RedDoorz Syariah Near Balai Kota Batu Villa Basanova,"Jalan Flamboyan Raya Kav. M No.7-8, Jawa Timur 65312",-7.866500851,112.5037095,895417300072,,13,13,"Wi-Fi gratis, kolam renang, parkir gratis, resepsionis 24 jam, ruang keluarga, penitipan barang.",,,,0,0,0,0,0,0,1,,,,,,,https://www.reddoorz.com/id-id/hotel/indonesia/batu/batu/songgokerto/reddoorz-syariah-near-balai-kota-batu?utm_source=google&utm_medium=mybusiness&utm_campaign=webclick,
350,Villa,Villa Berlian,"Jl. Perum Bukit Songgoriti No.38, Songgokerto, Kec. Batu, Kabupaten Malang, Jawa Timur 65312",-7.861895609,112.4994658,82338336057,,7,7,"Water heater, peralatan mandi, Wi-Fi, TV, halaman parkir, dispenser.",,,,0,0,0,0,0,0,0,,,,,,,,
351,Villa,Villa Bertha 2,"Jl. Perum Bukit Songgoriti No.9, Songgokerto, Kec. Batu, Kota Batu, Jawa Timur 65312",-7.861962744,112.4983269,81233677677,,6,12,"TV, halaman parkir, dispenser.",,,,0,0,0,0,0,0,0,,,,,,,,
352,Villa,Villa Cello,"Jl. Rambutan No.32, RT.2/RW.1, Songgokerto, Kec. Batu, Kota Batu, Jawa Timur 65312",-7.86288725,112.493063,85855834400,,3,3,,,,,0,0,0,0,0,0,0,,,,,,,,
353,Villa,Villa Chacha Songgoriti,"Jl. Jeruk Jl. Raya Songgoriti No.1 A, Songgokerto, Kec. Batu, Kota Batu, Jawa Timur 65312",-7.863611619,112.4946049,82232951207,,4,4,"parkir gratis, layanan binatu, kamar bebas asap rokok, pengantaran makanan, bahasa Inggris, bahasa Indonesia.",,,,0,0,0,1,0,0,0,,,,https://www.agoda.com/id-id/villa-cha-cha/hotel/malang-id.html?cid=1844104&ds=EkH6tIPv3DBKs9Kh,,,,
354,Villa,Villa Pondok Dahlia Indah,"Jl. Raya Songgoriti No.1, Songgokerto, Kec. Batu, Kota Batu, Jawa Timur 65312",-7.864761873,112.4999947,83133491634,,6,6,"Wi-Fi, dapur.",,,,0,1,0,0,0,0,0,,http://tiket.com/homes/indonesia/villa-dahlia-401001611643590339,,,,,,
355,Villa,ViLLa Damar,"Jl. Durian No.10d, Songgokerto, Kec. Batu, Kota Batu, Jawa Timur 65312",-7.864751872,112.4950335,81233677629,,5,5,"Area parkir, kopi/teh di lobby, Wi-Fi di area umum, TV kabel, dapur kecil, resepsionis 24 jam, keamanan 24 jam.",,,,1,0,0,0,1,0,0,https://www.traveloka.com/id-id/hotel/indonesia/villa-damar-batu-9000000366403,,,,https://id.trip.com/hotels/songgokerto-hotel-detail-48682986/villa-damar-batu/,,,
356,Villa,Villa Daza,"Jl. Jambu Air No.11, Songgokerto, Kec. Batu, Kota Batu, Jawa Timur 65312",-7.864828865,112.4910586,85755633273,,4,4,,,,,0,0,0,0,0,0,0,,,,,,,,
357,Villa,Villa D' Leyla,"Jl. Trunojoyo No.60, Songgokerto, Kec. Batu, Kota Batu, Jawa Timur 65312",-7.864449871,112.5055751,3170531697,,7,7,"Water heater, Wi-Fi, TV, halaman parkir, peralatan makan, peralatan dapur, kulkas, dispenser, rice cooker, lapangan, playground, gazebo.
",,,,0,0,0,0,0,0,0,,,,,,,,
358,Villa,Villa Denna 2,"Jl simpang duku No.16, Songgokerto, Kec. Batu, Kota Batu, Jawa Timur 65312",-7.862392628,112.493211,81334172002,,4,4,,,,,0,0,0,0,0,0,0,,,,,,,,
359,Villa,Villa Dewa,"Jl. Delima No.34, Songgokerto, Kec. Batu, Kota Batu, Jawa Timur 65312",-7.863875637,112.4958713,81231871690,,3,3,,,https://www.instagram.com/homestay_songgoriti/?hl=en,,0,0,0,0,0,0,0,,,,,,,,
360,Villa,Villa Dharma Asih,"Jl. Raya Songgoriti No.17, Songgokerto, Kec. Batu, Kota Batu, Jawa Timur 65312",-7.865369616,112.4994203,,,4,6,,,,,0,0,0,0,0,0,0,,,,,,,,
361,Villa,Villa Vricil(Doyok),JL. DUKU ATAS NO.8C,-7.861715564,112.4935782,82143184340,,3,3,,,,,0,0,0,0,0,0,0,,,,,,,,
362,Villa,Villa Dwi Lestari,"Jl. Duku No.3, Songgokerto, Kec. Batu, Kota Batu, Jawa Timur 65312",-7.862120031,112.4959835,85755782434,,5,5,,,,,0,0,0,0,0,0,0,,,,,,,,
363,Villa,Villa yanto,"Jl. Durian Jl. Raya Songgoriti No.11, RT.03/RW.02, Songgokerto, Kec. Batu, Kota Batu, Jawa Timur 65312",-7.869808506,112.4976927,85755622902,,4,4,,,,,0,0,0,0,0,0,0,,,,,,,,
364,Villa,FIUL AFIUL (SUHARBAKTI) VILLA,JL.ARUMDALU NO.24 ,-7.863259043,112.4951958,82257873568,,2,2,"Kolam renang, Wi-Fi, kolam renang privat, layanan streaming, ruang tamu, area api unggun, perlengkapan BBQ, dapur.",,,,0,1,0,0,0,0,0,,https://www.tiket.com/homes/indonesia/vila-alief-batu-803001742364646512,,,,,,
365,Villa,Villa Ghazani 3,"Jl. Arumdalu No.4, Songgokerto, Kec. Batu, Kota Batu, Jawa Timur 65312",-7.86513592,112.4939041,85815513869,,7,7,,,,,0,0,0,0,0,0,0,,,,,,,,
366,Villa,Villa Ghazani 1,"Jl. Delima Jl. Raya Songgoriti No.01, Songgokerto, Kec. Batu, Kota Batu, Jawa Timur 65312",-7.86250415,112.4963915,85755949473,,4,4,"Wi-Fi, AC, layanan streaming, ruang tamu, sewa mingguan/bulanan, perlengkapan BBQ, dapur, TV.",,,,0,0,0,0,0,0,0,,,,,,,,
367,Villa,Villa Girimulyo,"Jl. Trunojoyo No.7, Songgokerto, Kec. Batu, Kota Batu, Jawa Timur 65313",-7.866159641,112.5090985,3417076462,,5,15,,,,,0,0,0,0,0,0,0,,,,,,,,
368,Villa,Villa Graha Nisrina,"Jl. Arumdalu No. 53, Songgokerto, Kec. Batu, Kota Batu, Jawa Timur 65312",-7.862019564,112.4967813,82331507818,,12,12,"parkir gratis, check-in 24 jam, dapur, area merokok, kulkas, peralatan makan.",,,,1,0,0,1,0,0,0,https://www.traveloka.com/id-id/hotel/indonesia/villa-graha-nisrina-9000000459241,,,https://www.agoda.com/id-id/vila-graha-nisrina-4/hotel/malang-id.html?cid=1844104&ds=kZPKl5ra94OJTuqh,,,,
369,Villa,gress villa,"Jl. Jambu Air Jl. Raya Songgoriti No.9, Songgokerto, Kec. Batu, Kota Batu, Jawa Timur 65312",-7.864858894,112.4910454,3413061188,,12,12,"shower, balkon/teras, fasilitas kamar, TV, desk.",,,,1,1,0,0,0,0,0,https://www.traveloka.com/id-id/hotel/indonesia/comfort-living-at-gress-villa-3000010041313,https://en.tiket.com/hotel/indonesia/gress-villa-704001714038319680?referrer=https%3A%2F%2Fen.tiket.com%2Fhotel%2Findonesia%2Fvilla-andita-506001654584333375%3Fundefined&utm_page=productDetailPage,,,,,,
370,Villa,Villa Griya Madukara 3,"Jl. Jambu Bangkok No.3, Songgokerto, Kec. Batu, Kota Batu, Jawa Timur 65312",-7.866241128,112.4916448,81217779741,,8,8,"Kamar mandi dalam, shower air hangat, dapur, TV, dispenser, handuk & sabun, cermin, Wi-Fi gratis, parkir, ruang kumpul, single bed.",,,,0,0,0,0,0,0,0,,,,,,,,
371,Villa,Villa Griya Madukara 1,"Jl. Jeruk No.2, Songgokerto, Kec. Batu, Kota Batu, Jawa Timur 65312",-7.863588858,112.4945581,82257640347,,7,7,"Wi-Fi, TV, halaman parkir, peralatan makan, peralatan dapur.",,,,0,0,0,0,0,0,0,,,,,,,,
372,Villa,Villa Gunung Putri,"jl. Arumdalu, Desa No.40, Songgokerto, Kec. Batu, Kota Batu, Jawa Timur 65312",-7.862672086,112.4959542,81259319008,,7,7,,,https://www.instagram.com/villamurah_gunungputri/,,0,0,0,0,0,0,0,,,,,,,,
373,Villa,Villa Hana,"Jl. Jambu Air No.14, Songgokerto, Kec. Batu, Kota Batu, Jawa Timur 65312",-7.864572526,112.4911014,85232320209,,3,3,"Wi-Fi, ruang tamu, dapur, TV, teras atau balkon, lemari es, kolam renang.",,,,0,1,0,0,0,0,0,,https://www.tiket.com/homes/indonesia/villa-hanna-batu-705001717049448747,,,,,,
374,Villa,Villa Handayani Songgoriti Mitra RedDoorz,"Jl. Raya Songgoriti No.35, Songgokerto, Kec. Batu, Kota Batu, Jawa Timur 65312",-7.86563529,112.495888,895417300072,96.383 - 125.096,6,6,"Wi-Fi gratis, parkir gratis, resepsionis 24 jam, kamar bebas rokok, AC di area umum, lounge/area TV bersama.",,,,0,1,0,1,0,0,1,,https://www.tiket.com/hotel/indonesia/villa-handayani-songgoriti-redpartner-502001645092572965?hotelID=81221147-6968-4f0e-80ff-85330df9890a&checkin=2025-08-04&checkout=2025-08-05&adult=2&country=ID&device=desktop&isAat=true&utm_source=google-hotel&utm_term=81221147-6968-4f0e-80ff-85330df9890a&utm_medium=aff-meta&utm_campaign=Google-Hotel-0023-B2B-none-hotel&utm_external=aff,,https://www.agoda.com/villa-handayani-songgoriti-redpartner/hotel/malang-id.html?countryId=192&finalPriceView=1&isShowMobileAppPrice=false&cid=1833981&numberOfBedrooms=&familyMode=false&adults=2&children=0&rooms=1&maxRooms=0&checkIn=2025-08-4&isCalendarCallout=false&childAges=&numberOfGuest=0&missingChildAges=false&travellerType=1&showReviewSubmissionEntry=false&currencyCode=IDR&isFreeOccSearch=false&tspTypes=6&los=1&searchrequestid=46e8b207-ee27-4fea-b0d6-213305d42d1c&ds=b2X81yEuXIhI61Bj,,,https://www.reddoorz.com/id-id/hotel/malang/east-java/villa-handayani-songgoriti-redpartner?utm_source=google&utm_medium=mybusiness&utm_campaign=webclick,
375,Villa,HANDOKO VILLA,"jl. duku atas 03/01, Jl. Raya Songgoriti, Songgokerto, Kec. Batu, Kota Batu, Jawa Timur 65312",-7.861390032,112.4940244,81333721277,,6,6,,,,,0,0,0,0,0,0,0,,,,,,,,
376,Villa,HOME KIREI SUMANTRI VILLA ,"Jalan Durian Gang 1 Nomor 28 Batu, Songgokerto, Kec. Batu, Kota Batu, Jawa Timur 65312",-7.86453629,112.4964397,82234940316,,5,5,"water heater, TV, halaman parkir, dispenser.",,,,0,0,0,0,0,0,0,,,,,,,,
377,Villa,Villa Indah Lestari,"Jl Arumdalu Gg Rambutan Jl. Raya Songgoriti No.14, Songgokerto, Kec. Batu, Kota Batu, Jawa Timur 65312",-7.860627771,112.5122696,85338875932,,2,2,"Wi-Fi gratis, parkir gratis, restoran, pijat, transfer bandara, kebun.",,,,0,0,0,1,0,0,0,,,,https://www.agoda.com/id-id/penginapan-indah-lestari-batu/hotel/malang-id.html?cid=1844104&ds=NR3ca%2BW6prukDH%2Fk,,,,
378,Villa,JERUK 19 YUSUF WIBISONO VILLA ,"Jl. Jeruk No.19, Songgokerto, Kec. Batu, Kota Batu, Jawa Timur 65312",-7.860407362,112.4860371,81334546845,,2,2,"parkir gratis, resepsionis 24 jam, ruang keluarga, layanan kamar 24 jam, layanan taksi, sepeda.",,,,0,0,0,1,1,0,0,,,,https://www.agoda.com/id-id/villa-19_2/hotel/malang-id.html?cid=1844104&ds=k12vZRyJFJKhHBPZ,https://id.trip.com/hotels/malang-hotel-detail-8989800/villa-19/,,,
379,Villa,Villa Jeruk 7,"Jl. Jeruk No.07, Songgokerto, Kec. Batu, Kota Batu, Jawa Timur 65312",-7.863618101,112.4949666,82232779956,,3,3,,,,,0,0,0,0,0,0,0,,,,,,,,
380,Villa,Villa Kandang Banteng,"Jl apel, GG keramat Jl. Raya Songgoriti No.18A, Songgokerto, Kec. Batu, Kota Batu, Jawa Timur 65312",-7.862138616,112.4955257,85234781981,,3,3,"Wi-Fi, TV, dispenser.",,,,0,0,0,0,0,0,0,,,,,,,,
381,Villa,villa kenari,"Jl. Jeruk Gg. 2 No.5, Songgokerto, Kec. Batu, Kota Batu, Jawa Timur 65312",-7.862830506,112.4942588,81230292017,,2,2,"Wi-Fi di area umum, layanan pemesanan taksi, penyewaan sepeda, area merokok.",,,,0,0,0,0,1,0,0,,,,,https://id.trip.com/hotels/songgokerto-hotel-detail-46044327/villa-kenari/,,,
382,Villa,Villa Pondok Wisata Klena,"Jalan Rambutan Gang III No.4, Songgokerto, Kec. Batu, Kota Batu, Jawa Timur 65312",-7.862723484,112.4939894,85895569388,170,3,3,"water heater, Wi-Fi, TV, halaman parkir, dispenser.",,,,0,0,0,0,0,0,0,,,,,,,,
383,Villa,KURNIA 2 VILLA ,"Jl. Perum Bukit Songgoriti No.4, Songgokerto, Kec. Batu, Kota Batu, Jawa Timur 65312",-7.862158912,112.4989351,85233095303,,4,4,,,,,0,0,0,0,0,0,0,,,,,,,,
384,Villa,villa kurnia 3,"Jl. Arumdalu Jl. Perum Bukit Songgoriti No.mor 17, Songgokerto, Kec. Batu, Kota Batu, Jawa Timur 65312",-7.8615589,112.4988847,81249666210,,4,4,,,,,0,0,0,0,0,0,0,,,,,,,,
385,Villa,Villa Amalia,"Jl. Duku No.9, Songgokerto, Kec. Batu, Kota Batu, Jawa Timur 65312",-7.862063072,112.495752,85604884575,,4,4,,,https://www.instagram.com/p/DLZWlyUJbIk/?utm_source=ig_web_copy_link,,0,0,0,0,0,0,0,,,,,,,,
386,Villa,Villa Langgeng Mulyo,"Jl. Durian No.38, Songgokerto, Kec. Batu, Kota Batu, Jawa Timur 65312",-7.864074229,112.4962133,85736222303,,3,3,,,,https://msha.ke/langgengmulyovilla,0,0,0,0,0,0,0,,,,,,,,
387,Villa,Villa Leyeh Leyeh,"Jl. Durian No.15d, Songgokerto, Kec. Batu, Kota Batu, Jawa Timur 65312",-7.86412331,112.4955429,82131174837,,3,3,,,,,0,0,0,0,0,0,0,,,,,,,,
388,Villa,Lucky Winari Villa,"Jl. Jeruk No.4c, Songgokerto, Kec. Batu, Kota Batu, Jawa Timur 65312",-7.862906237,112.4969189,82335797753,,4,4,,,,,0,0,0,0,0,0,0,,,,,,,,
389,Villa,Villa p.marsin,"Jl. Jeruk No.39b, Songgokerto, Kec. Batu, Kota Batu, Jawa Timur 65312",-7.862541445,112.4950889,81359184790,,3,3,,,,,0,0,0,0,0,0,0,,,,,,,,
390,Villa,"Pondok Wisata ""Mimi""","Jalan Durian Gang I No.24, Songgokerto, Kec. Batu, Kota Batu, Jawa Timur 65312",-7.864650318,112.4965673,85755656296,,3,3,,,,,0,0,0,0,0,0,0,,,,,,,,
391,Villa,Villa Muji,"Jl. Arumdalu No.53, Songgokerto, Kec. Batu, Kota Batu, Jawa Timur 65312",-7.861925276,112.4973636,81933196474,,2,4,,,,,0,0,0,0,0,0,0,,,,,,,,
392,Villa,Villa Munir,"Jl. Rambutan No.02, Songgokerto, Kec. Batu, Kota Batu, Jawa Timur 65312",-7.89223663,112.5417186,81333433789,,2,2,,,,,0,0,0,0,0,0,0,,,,,,,,
393,Villa,villa muslimin,"Jl. Durian Gang 1 No.27, Songgokerto, Kec. Batu, Kota Batu, Jawa Timur 65312",-7.864393754,112.4960748,85259280995,,4,4,,,,,0,0,0,0,0,0,0,,,,,,,,
394,Villa,Villa B. Nanik-Widodo,"Jl. Duku No.5, Songgokerto, Kec. Batu, Kota Batu, Jawa Timur 65312",-7.861961488,112.4964577,82132685432,,2,2,,,,,0,0,0,0,0,0,0,,,,,,,,
395,Villa,Villa Icha,"Jl. Apel No.4, Songgokerto, Kec. Batu, Kota Batu, Jawa Timur 65312",-7.862313568,112.4960506,82232522212,,5,5,"Water heater, peralatan mandi, Wi-Fi, TV, halaman parkir, peralatan makan, peralatan dapur, kulkas, dispenser, rice cooker.",,https://www.instagram.com/villa_icha/?hl=da,,0,0,0,0,0,0,0,,,,,,,,
396,Villa,Villa Nova Songgoriti,"Jl. Raya Songgoriti No.34, RT.2/RW.2, Songgokerto, Kec. Batu, Kota Batu, Jawa Timur 65312",-7.865845857,112.4939443,8125257371,,25,25,"Water heater, Wi-Fi, TV, karaoke, halaman parkir, peralatan makan, peralatan dapur.",,,http://novavilla.wordpress.com/,0,0,0,0,0,0,0,,,,,,,,
397,Villa,Villa Ojo Dumeh,"Jl. Raya Songgoriti No.06, Songgokerto, Kec. Batu, Kota Batu, Jawa Timur 65312",-7.863485521,112.5013002,85784432239,200,10,10,"Water heater, Wi-Fi, TV, halaman parkir, peralatan makan, peralatan dapur, dispenser.",,,,0,0,0,0,0,0,0,,,,,,,,
398,Villa,Villa Olly 5,"Jl. Perum Bukit Songgoriti Jl. Raya Songgoriti No.71, Songgokerto, Kec. Batu, Kota Batu, Jawa Timur 65312",-7.862442,112.4986316,818585500,,3,5,"Wi-Fi gratis, parkir gratis, check-in/check-out ekspres, ruang keluarga, ruang bersama/area TV, bahasa Inggris.",,,,0,0,0,1,0,0,0,,,,https://www.agoda.com/id-id/olly-5-homestay-syariah/hotel/malang-id.html?cid=1844104&ds=SMC92lXLYJEGCkij,,,,
399,Villa,Orange Villa,"Jl. Raya Songgoriti No.14, Songgokerto, Kec. Batu, Kota Batu, Jawa Timur 65312",-7.862748193,112.5059686,8179623018,,4,5,"Parkir, tiket CLEAN, AC, resepsionis 24 jam, ruang tamu, dapur, kulkas.",,,,0,1,0,0,0,0,0,,https://www.tiket.com/homes/indonesia/villa-orange-206001561721334948,,,,,,
400,Villa,Villa ORCHID,"Jl. Rambutan, Gang 03 No.05, Songgokerto, Kec. Batu, Kota Batu, Jawa Timur 65312",-7.859567066,112.4976598,85655540041,,5,5,,,,,0,0,0,0,0,0,0,,,,,,,,
401,Villa,SUPER OYO 90031 Villa Papada,"Jl. Arumdalu No.20, Songgokerto, Kec. Batu, Kota Batu, Jawa Timur 65312",-7.863320345,112.4960681,2129707601,,12,12,"Wi-Fi gratis, parkir gratis, resepsionis 24 jam, layanan kamar, layanan binatu, kamar bebas asap rokok.",,,,0,0,1,1,0,1,0,,,https://www.booking.com/hotel/id/oyo-90031-villa-papada.id.html?aid=356980&label=gog235jc-10CAsoaEIWb3lvLTkwMDMxLXZpbGxhLXBhcGFkYUgSWANoaIgBAZgBM7gBF8gBDNgBA-gBAfgBAYgCAagCAbgCkZymxAbAAgHSAiRlZDEzMGI0MS03ZWYzLTQ0MTYtOGEzOS1lZmYwZjQ2MGQ4ZDLYAgHgAgE&sid=d9fb750e82ba26206df3aba1d55fa397&dest_id=-2672159&dest_type=city&dist=0&group_adults=2&group_children=0&hapos=1&hpos=1&no_rooms=1&req_adults=2&req_children=0&room1=A%2CA&sb_price_type=total&sr_order=popularity&srepoch=1753845313&srpvid=7ee316deee6803ab&type=total&ucfs=1&,https://www.agoda.com/id-id/oyo-90031-villa-papada/hotel/malang-id.html?cid=1844104&ds=sSLYdbLy57HrgBPi,,https://www.oyorooms.com/ID/106674/?utm_source=GMB_ID&utm_medium=Organic&utm_campaign=ID_BTU045&latitude=-7.86349022343702&longitude=112.495037745684&locale=id,,
402,Villa,Villa Patria,"Jl. Arumdalu Jl. Perum Bukit Songgoriti No.19, Songgokerto, Kec. Batu, Kota Batu, Jawa Timur 65312",-7.86128346,112.4988228,81333678884,,9,9,"Wi-Fi gratis, parkir gratis, dapur bersama, laundry, area merokok, ruang bersama/loung TV.",,,,0,1,0,1,0,0,0,,https://www.tiket.com/hotel/indonesia/villa-patria-504001649041888274,,https://www.agoda.com/villa-patria/hotel/malang-id.html?cid=1844104&ds=tApKP%2B8SKGSLW8kp,,,,
403,Villa,Villa Pelangi ,"Jl. Jeruk No.32, Songgokerto, Kec. Batu, Kota Batu, Jawa Timur 65312",-7.861337434,112.4964105,81252508726,,5,5,"Kolam renang privat, water heater, Wi-Fi, TV, halaman parkir, peralatan makan, peralatan dapur, kulkas, dispenser, rice cooker, billiard.",,,,1,0,0,0,0,0,0,https://www.traveloka.com/id-id/hotel/indonesia/villa-pelangi-1-3000010039531,,,,,,,
404,Villa,Villa Pendowo Limo,"Jl. Arumdalu Gg. Salak No.09, Songgokerto, Kec. Batu, Kota Batu, Jawa Timur 65312",-7.861750704,112.4975359,85336201015,,5,5,,,,,0,0,0,0,0,0,0,,,,,,,,
405,Villa,Villa Koi,"Jl. Durian No.15 c, Songgokerto, Kec. Batu, Kota Batu, Jawa Timur 65312",-7.864404106,112.4951312,82234610381,,4,4,,,,,0,0,0,0,0,0,0,,,,,,,,
406,Villa,Pondok Anugrah,"Jl. Rambutan No.11, Songgokerto, Kec. Batu, Kota Batu, Jawa Timur 65312",-7.862518244,112.4925305,85791149969,,3,3,,,,,0,0,0,0,0,0,0,,,,,,,,
407,Villa,Pondok apel 3,"Jl. Apel, Songgokerto, Kec. Batu, Kota Batu, Jawa Timur 65312",-7.862348561,112.49597,82245531515,,5,10,,,,,0,0,0,0,1,0,0,,,,,https://id.trip.com/hotels/batu-sub-district-hotel-detail-67550431/pondok-apel-3-batu/,,,
408,Villa,villa pondok nanda,"Jl. Delima Jl. Raya Songgoriti No.22, Songgokerto, Kec. Batu, Kota Batu, Jawa Timur 65312",-7.863205517,112.4971322,85646730761,,4,4,,,,,0,0,0,0,0,0,0,,,,,,,,
409,Villa,Pondok Santai,"Jl. Raya Songgoriti No.12, Songgokerto, Kec. Batu, Kota Batu, Jawa Timur 65312",-7.864699635,112.4999122,341595961,,6,6,,,https://www.instagram.com/villasantaijaya/?hl=en,,0,0,0,0,0,0,0,,,,,,,,
410,Villa,Villa Pondok Santai Jaya 27,"Jl. Raya Songgoriti No.12, Songgokerto, Kec. Batu, Kota Batu, Jawa Timur 65312",-7.864479106,112.500513,81333255588,150,10,10,,,,,0,0,0,0,0,0,0,,,,,,,,
411,Villa,Villa Pradila,"Jl. Rambutan No.18, Songgokerto, Kec. Batu, Kota Batu, Jawa Timur 65312",-7.863100317,112.4939323,81334456380,,2,2,,,,,0,0,0,0,0,0,0,,,,,,,,
412,Villa,PRAMUDYA VILLA,"Jl. Perum Bukit Songgoriti No.7, Jurangrejo, Songgokerto, Kec. Batu, Kota Batu, Jawa Timur 65312",-7.862040064,112.4983818,85755559855,,4,4,"Wi-Fi gratis, tempat parkir mobil, resepsionis 24 jam, kebun, layanan binatu, area merokok.",,,,0,0,0,1,0,0,0,,,,https://www.agoda.com/id-id/villa-pramudya/hotel/malang-id.html?cid=1844104&ds=lI4LwZ2bKA6OfcNc,,,,
413,Villa,Villa Prioritas,"Jl. Perum Bukit Songgoriti No.22, Songgokerto, Kec. Batu, Kota Batu, Jawa Timur 65312",-7.861674712,112.4996584,81233677677,,10,20,,,,,0,0,0,0,1,0,0,,,,,https://id.trip.com/hotels/songgokerto-hotel-detail-8173578/villa-prioritas/,,,
414,Villa,Villa Raikuza,"Jl. Perum Bukit Songgoriti No.B-2, Songgokerto, Kec. Batu, Kota Batu, Jawa Timur 65312",-7.861711123,112.4987097,85755559855,,8,16,,,,,0,0,0,0,0,0,0,,,,,,,,
415,Villa,Villa Restu,"Jl. Rambutan No.30, Songgokerto, Kec. Batu, Kota Batu, Jawa Timur 65312",-7.863851983,112.4940083,82245368482,,4,4,"Water heater, Wi-Fi, TV, halaman parkir, peralatan makan, peralatan dapur, dispenser.",,,,0,0,0,0,0,0,0,,,,,,,,
416,Villa,Villa Rezalina 4,"jalan rambutan gang 4 Jl. Raya Songgoriti No.6, Songgokerto, Kec. Batu, Kota Batu, Jawa Timur 65312",-7.865043607,112.4996263,85234001715,,2,2,,,https://www.instagram.com/villa_rezalina_songgoriti/,,0,0,0,0,0,0,0,,,,,,,,
417,Villa,Villa Ringgit,"Jl. Flamboyan No.4, Songgokerto, Kec. Batu, Kota Batu, Jawa Timur 65312",-7.865358907,112.5039528,8118826942,,18,18,,,,https://www.villaringgit.com/,0,0,0,0,0,0,0,,,,,,,,
418,Villa,Villa Rini,"Jl. Arumdalu No.67, Songgokerto, Kec. Batu, Kota Batu, Jawa Timur 65312",-7.8623632,112.4976344,87859891469,,17,17,"Wi-Fi, AC, dapur, TV, pengering rambut.",,,,0,1,0,0,0,0,0,,https://www.tiket.com/homes/indonesia/villa-rani-311001604557472755,,,,,,
419,Villa,RIPAI VILLA,JL DUKU GG. KERAMAT,-7.861914721,112.4949915,,,3,3,,,,,0,0,0,0,0,0,0,,,,,,,,
420,Villa,ARIES BOTO,"Jl. Duku No.36, Songgokerto, Kec. Batu, Kota Batu, Jawa Timur 65312",-7.861561786,112.4944287,85259458268,,3,3,,,,,0,0,0,0,0,0,0,,,,,,,,
421,Villa,Villa sabar,"Jl. Rambutan no.2 rt/rw 001/001, Songgokerto, Kec. Batu, Kota Batu, Jawa Timur 65312",-7.86371432,112.493742,87859549161,,7,7,,,,,0,0,0,0,0,0,0,,,,,,,,
422,Villa,Villa Pentris,"Jl. Delima No.32 E, Songgokerto, Kec. Batu, Kota Batu, Jawa Timur 65312",-7.863715483,112.4959035,81233566669,,7,14,,,https://www.instagram.com/villa_pentris/,,0,0,0,0,0,0,0,,,,,,,,
423,Villa,Villa Shangrila,"Jl. Arumdalu No.15, Songgokerto, Kec. Batu, Kota Batu, Jawa Timur 65312",-7.863695321,112.4947291,81398395499,,9,9,"Wi-Fi, parkir gratis.",,,,1,1,0,0,0,0,0,https://www.traveloka.com/id-id/hotel/indonesia/villa-shangrilla-9000000901729,https://www.tiket.com/hotel/indonesia/villa-shangrilla-311001604440787604,,,,,,
424,Villa,Villa Stardia,"Jl.Arumdalu, Gg. Langsep Jl. Raya Songgoriti No.4, Songgokerto, Kec. Batu, Kota Batu, Jawa Timur 65312",-7.862600421,112.4968592,85806864020,,6,6,"Wi-Fi gratis, kolam renang, ramah anak, restoran, pusat kebugaran.",,https://www.instagram.com/villa_stardia/?hl=en,,0,0,0,0,0,0,0,,,,,,,,
425,Villa,Villa Sudji’s House,"Jl. Trunojoyo Gg. 2 D No.kav B5, Songgokerto, Kec. Batu, Kota Batu, Jawa Timur 65312",-7.862052965,112.5053584,,,5,11,"luas 234 m², parkir gratis di tempat, Wi-Fi gratis, hewan peliharaan diizinkan, kamar keluarga, kamar bebas rokok, pemandangan, hot tub, balkon.",,,,1,0,1,0,1,0,0,https://www.traveloka.com/id-id/hotel/indonesia/sudjis-house-9000006925980,,https://www.booking.com/hotel/id/sudji-39-s-house.id.html?aid=356980&label=gog235jc-10CAsoaEIQc3VkamktMzktcy1ob3VzZUgSWANoaIgBAZgBM7gBF8gBDNgBA-gBAfgBAYgCAagCAbgClMDrxAbAAgHSAiRlNTk1MDY5NS1jMTkzLTRiNzgtOGExOS01ZGRiOTUzMDZlNGHYAgHgAgE&sid=233728113668e99909dd2ab41b784bea&age=0&checkin=2025-09-08&checkout=2025-09-09&dest_id=-2672159&dest_type=city&dist=0&group_adults=2&group_children=0&hapos=1&hpos=1&no_rooms=1&req_adults=2&req_children=0&room1=A%2CA&sb_price_type=total&soh=1&sr_order=popularity&srepoch=1754980467&srpvid=40742e0a8918022e&type=total&ucfs=1&#no_availability_msg,,https://id.trip.com/hotels/songgokerto-hotel-detail-9510490/sudji-s-house/,,,
426,Villa,Villa Sumber Rejeki,"Jl. Delima No.33, Songgokerto, Kec. Batu, Kota Batu, Jawa Timur 65312",-7.863530987,112.4963035,82229356941,,5,5,"Wi-Fi gratis, parkir gratis, resepsionis 24 jam, restoran, ruang keluarga, dapur.",,,,0,0,0,1,0,0,0,,,,https://www.agoda.com/id-id/villa-sumber-rejeki/hotel/malang-id.html?cid=1844104&ds=AupKYOvU%2BRM%2F8VcK,,,,
427,Villa,SUMBER REJEKI VILLA,"Jl.Arumdalu, Jl. Jambu Bangkok Jl. Raya Songgoriti No.04, Songgokerto, Kec. Batu, Kota Batu, Jawa Timur 65321",-7.866148776,112.4916794,82132629000,,6,6,,,,,1,0,0,0,0,0,0,https://www.traveloka.com/en-sg/hotel/indonesia/villa-sumber-rejeki-9000006894094,,,,,,,
428,Villa,Villa Surya Dewi,"Jl. Raya Songgoriti No.44, Songgokerto, Kec. Batu, Kota Batu, Jawa Timur 65312",-7.865620222,112.4936693,341593831,,13,13,"Kolam renang privat, water heater, Wi-Fi, TV, halaman parkir, peralatan makan, peralatan dapur, kulkas, playground.",,https://www.instagram.com/suryadewi_villa/,,0,0,0,0,0,0,0,,,,,,,,
429,Villa,Villa Surya Kencana,"Jl. Rambutan No.17, Songgokerto, Kec. Batu, Kota Batu, Jawa Timur 65312",-7.86314164,112.4930596,8159566377,,6,6,,,,,0,0,0,0,0,0,0,,,,,,,,
430,Villa,Tekada Villa,"Jl. Raya Songgoriti No.28A, Songgokerto, Kec. Batu, Kota Batu, Jawa Timur 65312",-7.866310886,112.4941238,341593843,,5,5,"Dapur, sarapan, area merokok, penjaga pintu.",,,,0,0,0,1,0,0,0,,,,https://www.agoda.com/id-id/tekada-villa-khusus-keluarga_2/hotel/malang-id.html?cid=1844104&ds=QRnnltxNcPYSeoLQ,,,,
431,Villa,Villa Tiga Putri,"Jl. Mawar No.97, Songgokerto, Kec. Batu, Kota Batu, Jawa Timur 65312",-7.867075942,112.5048229,81333549008,,10,20,,,https://www.instagram.com/villatigaputri/?hl=en,,0,0,0,0,0,0,0,,,,,,,,
432,Villa,Villa Tirtosari,"Jl. Arumdalu Jl. Perum Bukit Songgoriti No.mor 31, Songgokerto, Kec. Batu, Kota Batu, Jawa Timur 65312",-7.861674216,112.4993082,87859430956,,6,6,"Parkir gratis, dapur, peralatan makan, kompor, bahasa Indonesia.",,,,0,0,0,1,0,0,0,,,,https://www.agoda.com/id-id/villa-tirtasari/hotel/malang-id.html?cid=1844104&ds=SSlYd%2FC2bdtZQgWg,,,,
433,Villa,Villa P Muchamad (tita),"Jl. Delima, Songgokerto, Kec. Batu, Kota Batu, Jawa Timur 65312",-7.863552564,112.4957426,85649595044,,5,5,,,,,0,0,0,0,0,0,0,,,,,,,,
434,Villa,Villa Tosari Delima,"Jl. Delima No.2a, Songgokerto, Kec. Batu, Kota Batu, Jawa Timur 65312",-7.862599985,112.496209,,,4,4,,,,,0,0,0,0,0,0,0,,,,,,,,
435,Villa,TRI LANGGENG VILLA ,"Jl. Arumdalu No.17, Songgokerto, Kec. Batu, Kota Batu, Jawa Timur 65312",-7.863577386,112.4948093,88235613071,,6,6,"Wi-Fi gratis, parkir gratis, kolam renang, restoran, pusat kebugaran.",,,,0,0,0,0,0,0,0,,,,,,,,
436,Villa,Villa Tri Lestari Songgoriti,"Jl. Jeruk Jl. Raya Songgoriti No.9, Songgokerto, Kec. Batu, Kota Batu, Jawa Timur 65312",-7.863608672,112.4942711,87864577809,,6,6,"Kopi/teh di lobby, Wi-Fi di area umum, resepsionis 24 jam, keamanan 24 jam, TV kabel.",,,,1,1,0,0,0,0,0,https://www.traveloka.com/id-id/hotel/indonesia/villa-tri-lestari-songgoriti--9000000370365,https://www.tiket.com/hotel/indonesia/villa-tri-lestari-batu-509001663830624101,,,,,,
437,Villa,Wisma Tri Muqti,"Gg. Langsep No.8, Songgokerto, Kec. Batu, Kota Batu, Jawa Timur 65312",-7.862690591,112.4966714,81252531538,,4,4,,,,,0,0,0,0,0,0,0,,,,,,,,
438,Villa,Villa Tri Jaya,"Jl. Arumdalu No.42, Songgokerto, Kec. Batu, Kota Batu, Jawa Timur 65312",-7.8657319,112.4935406,341592659,,17,17,"Wi-Fi gratis, kamar keluarga, parkir gratis, kamar bebas rokok, layanan kamar.",,,,1,0,1,0,0,0,0,https://www.traveloka.com/id-id/hotel/indonesia/villa-trijaya-9000000925048,,https://www.booking.com/hotel/id/villa-trijaya.id.html?aid=356980&label=gog235jc-10CAsoaEINdmlsbGEtdHJpamF5YUgSWANoaIgBAZgBM7gBF8gBDNgBA-gBAfgBAYgCAagCAbgCn_imxAbAAgHSAiQ1YTg0OWUwMi00NDUyLTRmMTEtOWIzZC03ODY4YzdjOTU3NmbYAgHgAgE&sid=d9fb750e82ba26206df3aba1d55fa397&dest_id=-2672159&dest_type=city&dist=0&group_adults=2&group_children=0&hapos=1&hpos=1&no_rooms=1&req_adults=2&req_children=0&room1=A%2CA&sb_price_type=total&sr_order=popularity&srepoch=1753857186&srpvid=b4912dd012440251&type=total&ucfs=1&,,,,,
439,Villa,VALERIA PONDOK WISATA ,"Jl. Duku, Songgokerto, Kec. Batu, Kota Batu, Jawa Timur 65312",-7.8624051,112.4935362,81334523074,,9,13,"TV LED 24 inci di tiap kamar, kamar mandi dalam dengan air hangat, dispenser di tiap kamar, Wi-Fi gratis.",,https://www.instagram.com/villa_valeria_songgoriti/,https://villa-valeria-songgoriti.zoombookdirect.com/,0,0,0,0,0,0,0,,,,,,,,
440,Villa,Villa Varel 2,"Jl. Durian, Songgokerto, Kec. Batu, Kota Batu, Jawa Timur 65312",-7.86419498,112.4950385,85231190506,,3,3,,,,,0,0,0,0,0,0,0,,,,,,,,
441,Villa,VILA 2 PUTRI SUGIONO,"Jl. Arumdalu No.74, Songgokerto, Kec. Batu, Kota Batu, Jawa Timur 65312",-7.8625475,112.4976343,81252088315,,6,6,"water heater, air dingin, kamar mandi dalam, TV, dispenser, Wi-Fi gratis, gula, teh, kopi gratis.",,,,0,1,0,0,0,0,0,,https://www.tiket.com/homes/indonesia/villa-dua-putri-806001749033119251,,,,,,
442,Villa,VILA 88 AGUS ,"Gg. Langsep, Songgokerto, Kec. Batu, Kota Batu, Jawa Timur 65312",-7.862544186,112.4969213,81233545748,,5,5,"Meja, pancuran, TV, alat pemanas.",,,,1,0,0,0,0,0,0,https://www.traveloka.com/id-id/hotel/indonesia/villa-batu-88---three-bedroom-3000010042009,,,,,,,
443,Villa,Villa Adi 27,"Jl. Rambutan, Songgokerto, Kec. Batu, Kota Batu, Jawa Timur 65312",-7.863384828,112.4937833,82334555494,,4,4,,,,,0,0,0,0,0,0,0,,,,,,,,
444,Villa,Villa Alvero,"Jl. Delima No.3, Songgokerto, Kec. Batu, Kota Batu, Jawa Timur 65312",-7.862662828,112.4963371,85604506777,,7,7,"Water heater, peralatan mandi, Wi-Fi, TV, karaoke, halaman parkir, peralatan makan, dispenser.",,,,0,0,0,0,0,0,0,,,,,,,,
445,Villa,Villa HERMANTO,"Jl. Durian No.20, Songgokerto, Kec. Batu, Kota Batu, Jawa Timur 65312",-7.864028136,112.49583,85233205937,,3,6,"Water heater, peralatan mandi, Wi-Fi, TV, halaman parkir, peralatan makan, dispenser.",,,,0,0,0,0,0,0,0,,,,,,,,
446,Villa,Anugrah Songgoriti Villa - Batu,"Gg. Langsep No.12A, Songgokerto, Kec. Batu, Kota Batu, Jawa Timur 65312",-7.862690613,112.4966355,82141121996,1.800.000 - 1.500.000,3,3,"Water heater, Wi-Fi, TV, karaoke, halaman parkir, peralatan makan, peralatan dapur, dispenser.",,,,0,0,0,0,0,0,0,,,,,,,,
447,Villa,VILA BAGUS,"Gg. IV No.17, Songgokerto, Kec. Batu, Kota Batu, Jawa Timur 65312",-7.869304371,112.5044501,81252648576,,11,11,"Parkir gratis, check-in/check-out ekspres, kamar keluarga, dapur bersama, balkon/teras, taman.",,https://www.instagram.com/villabagusbatu/?hl=en,http://www.villabagusbatu.com/,0,0,0,1,0,0,0,,,,https://www.agoda.com/villa-bagus-kayana-h2-di-batu-jawa-timur/hotel/malang-id.html?cid=1844104&ds=RCM%2BAc8HSdyxL05t,,,,
448,Villa,VILA BUKIT CEMARA,"Jl. Rambutan No.28, Songgokerto, Kec. Batu, Kota Batu, Jawa Timur 65312",-7.862981329,112.4932167,,,18,18,"Resepsionis 24 jam, Wi-Fi gratis di semua kamar, taman, layanan kamar, layanan kebersihan harian, Wi-Fi gratis, parkir gratis, dapur bersama, penitipan barang, kebun.",,,,1,0,0,1,0,0,0,https://www.traveloka.com/id-id/hotel/indonesia/villa-bukit-cemara-9000000874800,,,https://www.agoda.com/id-id/villa-bukit-cemara/hotel/malang-id.html?cid=1844104&ds=VyIIj8OGtRr9pAZy,,,,
449,Villa,VILA CENA ,"Jl. Apel No.04, Songgokerto, Kec. Batu, Kota Batu, Jawa Timur 65312",-7.862224479,112.4955515,82245159303,,3,3,,,,,0,0,0,0,0,0,0,,,,,,,,
450,Villa,Villa delima 4a,"Jl. Delima No.4A, Songgokerto, Kec. Batu, Kota Batu, Jawa Timur 65312",-7.862698445,112.4962436,81333332125,,6,6,"Water heater, Wi-Fi, TV, halaman parkir, peralatan makan, peralatan dapur, dispenser.",,,https://id4707234-delima-4a-villa.contact.page/,0,0,0,0,0,0,0,,,,,,,,
451,Villa,Villa Donald 2,"Jl. Perum Bukit Songgoriti No.36, Songgokerto, Kec. Batu, Kota Batu, Jawa Timur 65312",-7.861853245,112.4994005,82250821999,,6,12,"Akses internet, check-in 24 jam, penitipan barang, parkir berbayar tersedia, area merokok, layanan kebersihan harian.
",,,http://villadonald2.zoombookdirect.com/,0,0,0,1,0,0,0,,,,https://www.agoda.com/villa-donald-2/hotel/malang-id.html?cid=1844104&ds=wMtuWtjDgYvBAr%2BJ,,,,
452,Villa,VILA DUTA,"Jl. Arumdalu No.51, Songgokerto, Kec. Batu, Kota Batu, Jawa Timur 65312",-7.861994038,112.4966518,81234578282,,1,1,,,https://www.instagram.com/villaduta/?hl=en,,0,0,0,1,0,0,0,,,,https://www.agoda.com/id-id/villa-duta/hotel/malang-id.html?cid=1844104&ds=C5vIopkUW6SbSImQ,,,,
453,Villa,VILA ELISA ," Jl. Arumdalu, Songgokerto, Kecamatan Batu, Kota Batu, Jawa Timur 65312, Indonesia, Kota Batu.",-7.862798859,112.4990387,,,3,3,,,,,0,0,0,0,0,0,0,,,,,,,,
454,Villa,Villa Kapal Batu,"Jl. Brigadir Jenderal Moh. Manan No.70, Songgokerto, Kec. Batu, Kota Batu, Jawa Timur 65312",-7.864951543,112.5033449,,,4,6,,,,,0,0,0,0,0,0,0,,,,,,,,
455,Villa,Villa kurnia 1,"Jl. Arumdalu No 47, Jl. Raya Songgoriti No.Kel, RT.03/RW.01, Songgokerto, Kec. Batu, Kota Batu, Jawa Timur 65312",-7.862227093,112.4962704,85730310933,,3,3,"Water heater, TV, halaman parkir, dispenser.",,,,0,0,0,0,0,0,0,,,,,,,,
456,Villa,Villa Palil Alex,"Jl. Delima No.43, Songgokerto, Kec. Batu, Kota Batu, Jawa Timur 65312",-7.863801228,112.4961568,,,3,3,"Parkir gratis, check-in 24 jam, dapur, hewan peliharaan diizinkan, balkon atau teras, kebun.",,,,0,0,0,1,0,0,0,,,,https://www.agoda.com/id-id/villa-alexa-right-in-front-of-jatim-park-2-3bedroo/hotel/malang-id.html?cid=1844104&ds=oU2lOA6E3erW%2B5j1,,,,
457,Villa,Villa Villanda,"Jl. Jeruk No.27, Songgokerto, Kec. Batu, Kota Batu, Jawa Timur 65312",-7.863128169,112.4942752,85259037766,,5,10,"parkir, resepsionis 24 jam, pembersihan kamar, AC, Wi-Fi gratis.",,,,0,0,0,0,0,0,0,,,,,,,,
458,Villa,Villa Penginapan 70 (keluarga),"Jl. Trunojoyo No.70, Songgokerto, Kec. Batu, Kota Batu, Jawa Timur 65312",-7.864549428,112.5058269,82143483537,,6,6,"Parkir gratis, check-in 24 jam, dapur, balkon atau teras, kebun, area merokok.",,,,0,0,0,1,0,0,0,,,,https://www.agoda.com/id-id/villa-shasha-3-bedroom-depan-jatim-park-2-pas/hotel/malang-id.html?cid=1844104&ds=fcUO3teM2uAYeANR,,,,
459,Villa,villa BIRU2,"Jalan Durian, GG.MACAN, Jl. Raya Songgoriti No.13, Songgokerto, Kec. Batu, Kota Batu, Jawa Timur 65312",-7.864725966,112.4955733,81334627633,,7,7,,,,,0,0,0,0,0,0,0,,,,,,,,
460,Villa,Villa Ananda 2,"Jalan Arumdalu Gang Salak Nomor 9 B Batu, Songgokerto, Kec. Batu, Kota Batu, Jawa Timur 65312",-7.861908836,112.4971048,85212185105,,4,4,"Wi-Fi gratis, parkir gratis, bar, ruang keluarga, bahasa Indonesia.",,,,0,0,0,1,0,0,0,,,,https://www.agoda.com/id-id/villa-ananta/hotel/malang-id.html?cid=1844104&ds=L4jCPLXtvRRJub3b,,,,
461,Villa, VILLA ANDINI 2 ,"Jl. Rambutan Gg lll No.16, Songgokerto, Kec. Batu, Kota Batu, Jawa Timur 65312",-7.862247834,112.4936245,81332628024,,4,4,,,https://www.instagram.com/andinivillabatu/,,0,0,0,0,0,0,0,,,,,,,,
462,Villa,VILLA ANDITA,"Jl. Delima No.16a, Songgokerto, Kec. Batu, Kota Batu, Jawa Timur 65312",-7.86311846,112.4962736,82233874493,,8,8,"Wi-Fi, parkir gratis.",,https://www.instagram.com/villaandita_batumalang/?hl=en,,1,0,0,0,0,0,0,https://www.traveloka.com/en-my/hotel/indonesia/villa-andita-9000003294471,,,,,,,
463,Villa,VILLA APEL 2 ASTUTI,"Jl. Apel No.2, Songgokerto, Kec. Batu, Kota Batu, Jawa Timur 65312",-7.862464815,112.4956174,341599909,,4,4,,,,,0,0,0,0,0,0,0,,,,,,,,
464,Villa,VILLA ASMORO 81,"Jl. Rambutan Gang III No.7, Songgokerto, Kec. Batu, Kota Batu, Jawa Timur 65312",-7.862814843,112.4935312,81334443653,,4,4,,,https://www.instagram.com/villa_asmoro/,,1,0,0,0,0,0,0,https://www.traveloka.com/id-id/hotel/indonesia/villa-asmoro-3000020019326,,,,,,,
465,Villa,VILLA BAGUS,"Gg. IV No.17, Songgokerto, Kec. Batu, Kota Batu, Jawa Timur 65312",-7.869300902,112.5044518,"081252648576, 082143185181",,3,3,"11 kamar tidur + 2 bed ukuran 160×200, mini hall area, gazebo area, garden area, Wi-Fi gratis, tenis meja, bilyar, kolam renang privat, lapangan basket.",,https://www.instagram.com/villabagusbatu/,,0,1,0,0,0,0,0,,https://www.tiket.com/homes/indonesia/villa-bagus-kayana-h2-di-batu-jawa-timur-403001617079340849,,,,,,
466,Villa,VILLA BAROKAH 3,"Jl. Rambutan No.10, Songgokerto, Kec. Batu, Kota Batu, Jawa Timur 65312",-7.863665679,112.493909,"082141704549, 0813632548921 ",,2,4,,,,,0,1,0,0,0,0,0,,https://www.tiket.com/homes/indonesia/villa-barokah-501001641361531933,,,,,,
467,Villa,VILLA BONTES,"Jl. Flamboyan, Songgokerto, Kec. Batu, Kota Batu, Jawa Timur 65312",-7.869008972,112.5033022,895417300072,156.527 - 130.962,8,8,"Wi-Fi gratis, resepsionis 24 jam, ruang keluarga, kamar bebas asap rokok, AC di area umum.",,,,0,1,1,1,0,0,0,,https://www.tiket.com/hotel/indonesia/reddoorz-plus-villa-bontes-batu-512001670222287897?hotelID=aa5cdd93-429c-4aef-aca9-71f6b8ced062&checkin=2025-09-18&checkout=2025-09-19&adult=2&country=ID&device=desktop&isAat=true&utm_source=google-hotel&utm_term=aa5cdd93-429c-4aef-aca9-71f6b8ced062&utm_medium=prf-ppc&utm_campaign=%5BMSA%5D-17283522910&utm_external=prf&gad_source=6&gad_campaignid=17283522910&gclid=Cj0KCQjwhafEBhCcARIsAEGZEKLPTmVYgs7iVsPDXqO3-zpYJq6oCoUUQCIfmYgBZns8K41J9gnXnWIaAoJqEALw_wcB,https://www.booking.com/hotel/id/reddoorz-plus-villa-bontes-batu.id.html?aid=1893449&label=metagha-link-MRID-hotel-9340854_dev-desktop_los-1_bw-50_dow-Thursday_defdate-0_room-0_gstadt-2_rateid-dg_aud-0_gacid-21404703723_mcid-50_bc-AI6Htg_ppa-0_clrid-0_ad-1_gstkid-0_checkin-20250918_ppt-GBdB_lp-2360_r-4883899844757404677&sid=98b24db824d9e3e0016ac2e934b51634&all_sr_blocks=934085401_383116459_2_0_0_1094114&checkin=2025-09-18&checkout=2025-09-19&dest_id=9340854&dest_type=hotel&dist=0&group_adults=2&group_children=0&hapos=1&highlighted_blocks=934085401_383116459_2_0_0_1094114&hpos=1&matching_block_id=934085401_383116459_2_0_0_1094114&no_rooms=1&req_adults=2&req_children=0&room1=A%2CA&sb_price_type=total&sr_order=popularity&sr_pri_blocks=934085401_383116459_2_0_0_1094114_15652700&srepoch=1753861593&srpvid=3a5936a66ee506ce&type=total&ucfs=1&,https://www.agoda.com/id-id/reddoorz-plus-villa-bontes-batu/hotel/malang-id.html?countryId=192&finalPriceView=1&isShowMobileAppPrice=false&cid=1833981&numberOfBedrooms=&familyMode=false&adults=2&children=0&rooms=1&maxRooms=0&checkIn=2025-09-18&isCalendarCallout=false&childAges=&numberOfGuest=0&missingChildAges=false&travellerType=1&showReviewSubmissionEntry=false&currencyCode=IDR&isFreeOccSearch=false&tspTypes=6&los=1&searchrequestid=7b1b9eb3-d555-4eab-96e1-69e9f9cdfc14&ds=B8TprZJsPzhDc%2Fsj,,,,
468,Villa,VILLA BU HARTINI 1 ,"Jl. Trunojoyo Gg. IVB No.3, Songgokerto, Kec. Batu, Kota Batu, Jawa Timur 65315",-7.863057378,112.5042984,81334546857,950.000 - 880.000,4,4,"water heater, Wi-Fi, TV, karaoke, halaman parkir, peralatan makan, peralatan dapur, kulkas, dispenser, gazebo.",,,,1,1,0,1,0,0,0,https://www.traveloka.com/en-en/hotel/indonesia/villa-hartini-family-only---four-bedroom-3000020014015,https://www.tiket.com/hotel/indonesia/villa-hartini-family-only-four-bedroom-509001663438150098,,https://www.agoda.com/en-in/villa-hartini-four-bedroom/hotel/malang-id.html?cid=1844104&ds=Hu6dmA4OS%2FKkkjS4,,,,
469,Villa,VILLA BU HARTINI 2 ,"Jl. Arumdalu No.154, Songgokerto, Kec. Batu, Kota Batu, Jawa Timur 65312",-7.863731259,112.5024342,81334546857,2.000.000 - 2.250.000,3,3,"kolam renang privat, water heater, Wi-Fi, TV, karaoke, halaman parkir, peralatan makan, peralatan dapur, kulkas, musholla/ruang shalat.",,https://www.instagram.com/villa_hartini_2_batu/,,1,0,0,0,0,0,0,https://www.traveloka.com/id-id/hotel/indonesia/villa-hartini-family-only---four-bedroom-3000020014015,,,,,,,
470,Villa,VILLA BUNDA / OLLY 4 VILLA ,"Jl. Perum Bukit Songgoriti No.25, Songgokerto, Kec. Batu, Kota Batu, Jawa Timur 65312",-7.861547156,112.4988727,85234669930,,7,7,,,https://www.instagram.com/villa_olly_songgoriti/,,0,0,0,0,0,0,0,,,,,,,,
471,Villa,VILLA DE LEYLA,"Jl. Trunojoyo No.60, Songgokerto, Kec. Batu, Kota Batu, Jawa Timur 65312",-7.864447214,112.5055717,"03170531697, 082240251882",,8,8,"water heater, Wi-Fi, TV, halaman parkir, peralatan makan, peralatan dapur, kulkas, dispenser, rice cooker, lapangan, playground, gazebo",,https://www.instagram.com/villadleyla/,,0,0,0,0,0,0,0,,,,,,,,
472,Villa,VILLA DELIMA 14 MESLAN ,"Jl. Delima No.14, Songgokerto, Kec. Batu, Kota Batu, Jawa Timur 65312",-7.863050307,112.4962898,81334124689,,2,4,"water heater, Wi-Fi, TV, karaoke, halaman parkir, peralatan makan, peralatan dapur, dispenser.",,,,0,0,0,0,0,0,0,,,,,,,,
473,Villa,VILLA DJUMAIN 2 ,"Jalan Durian, Jl. Raya Songgoriti Gang 1 No.1, Kota Batu, Jawa Timur 65312",-7.864572758,112.4954158,"085922288667, 081232873161 ",,7,7,,,,,0,0,0,0,0,0,0,,,,,,,,
474,Villa,VILLA EKRIZ ,"Songgokerto, Kec. Batu, Kota Batu, Jawa Timur 65312",-7.861244256,112.4996453,82232870959,,3,3,"kamar mandi dalam, dispenser, kopi, teh, handuk, Wi-Fi gratis.",,https://www.instagram.com/villa_ekriz/,,0,1,0,0,0,0,0,,https://www.tiket.com/hotel/indonesia/villa-ekriz-batu-311001604440436999,,,,,,
475,Villa,VILLA EMBUN PAGI HANDOKO,"Jl. Apel Jl. Bukit Panderman Hill No.83A, Sisir, Kec. Batu, Kota Batu, Jawa Timur 65311",-7.893396635,112.5211586,8123405677,,27,33,"Fasilitas: kolam renang, Wi-Fi, parkir, resepsionis 24 jam, ruang tamu, penyimpanan barang, teras atau balkon, pembuat kopi & teh.",,,,1,1,0,0,0,0,0,https://www.traveloka.com/id-id/hotel/indonesia/villa-embun-pagi-by-perwira-hub-9000005502251,https://www.tiket.com/homes/indonesia/embun-pagi-resort-villa-gallery-705001715317586885,,,,,,
476,Villa,Villa Gothick,"Jl. Jeruk No.36, Songgokerto, Kec. Batu, Kota Batu, Jawa Timur 65312",-7.862793987,112.4943241,2129707601,100.000 - 342.857,8,8,"Area parkir, resepsionis 24 jam, Wi-Fi di tempat umum, layanan resepsionis, dilarang merokok di tempat umum.",,https://www.instagram.com/villa_gothic/?hl=id,,0,0,0,0,0,0,0,,,,,,,,
477,Villa,VILLA HARDI YOYO,"No. 5B, Jl. Rambutan No.5B, Songgokerto, Kec. Batu, Kota Batu, Jawa Timur 65312",-7.863262564,112.4936608,"02129707601, 081335302284 ",,6,6,"Wi-Fi gratis, parkir gratis, resepsionis 24 jam, dapur, penitipan barang, layanan kamar.",,,,0,0,0,1,0,0,0,,,,https://www.agoda.com/id-id/spot-on-2046-villa-hardi/hotel/malang-id.html?cid=1844104&ds=kBSWrMA9caoFoh2T,,,,
478,Villa,VILLA HARJOKO,"Jl. Jambu Air No.14, Songgokerto, Kec. Batu, Kota Batu, Jawa Timur 65312",-7.86466273,112.4911503,"0813347510750, 085755625545",160.000 - 170.000,10,10,"tersedia 10 pilihan kamar dari lantai 1-3, water heater dan non water heater.",,https://www.instagram.com/villaharjoko/,,0,0,0,0,0,0,0,,,,,,,,
479,Villa,VILLA HIJAU,"Jl. Arumdalu No.65, Songgokerto, Kec. Batu, Kota Batu, Jawa Timur 65312",-7.862219763,112.4970518,81944964111,,6,6,"3 kamar tidur, 1 kamar mandi dalam, 1 kamar mandi luar, water heater, ruang makan, dapur lengkap, ruang keluarga, carport, garasi, gazebo.",,,,0,0,0,0,0,0,0,,,,,,,,
480,Villa,VILLA KAWEBE 2 SONGGORITI ,"Kompleks Villa Batu Permai, Jalan Raya Songgoriti, Songgokerto, Kec. Batu, Kota Batu, Jawa Timur 65312",-7.866770141,112.4915537,"085259013999, 082245353202",   ,24,24,"Wi-Fi, parkir, tiket CLEAN, AC, resepsionis 24 jam.",,,,1,1,0,0,0,0,0,https://www.traveloka.com/en-id/hotel/indonesia/villa-kawebe-3000020019452,https://www.tiket.com/homes/indonesia/villa-kawebe-302001580793314071,,,,,,
481,Villa,VILLA KLENA,"Jalan Rambutan Gang III No.4, Songgokerto, Kec. Batu, Kota Batu, Jawa Timur 65312",-7.862832429,112.4936726,"085895569388, 081233763920",170,9,18,"water heater, Wi-Fi, TV, halaman parkir, dispenser.",,,,0,0,0,0,0,0,0,,,,,,,,
482,Villa,VILLA MELATI PAK AGUS ,"Gg. Kelengkeng Jl. Raya Songgoriti No.22C, Songgokerto, Kec. Batu, Kota Batu, Jawa Timur 65312",-7.863851406,112.4955043,85785595296,,10,10,"water heater, TV, halaman parkir, peralatan makan, peralatan dapur, dispenser.",,,,0,0,0,0,0,0,0,,,,,,,,
483,Villa,Villa 369,"Jl. Rambutan No.02, Songgokerto, Kec. Batu, Kota Batu, Jawa Timur 65312",-7.864191854,112.4942869,81333433789,750.000 - 1.300.000,3,3,"2 kamar tidur, 2 kamar mandi dalam, ruang tamu luas, dapur, Wi-Fi, karaoke, alat bakar, kolam renang.",,,,0,0,0,0,0,0,0,,,,,,,,
484,Villa,VILLA OLLY 1,"Jl. Arumdalu No.29, RT.001/RW.001, Songgokerto, Kec. Batu, Kota Batu, Jawa Timur 65312",-7.862618436,112.4957431,"03415103309, 085607024115 ",1.400.000,5,5,"water heater, Wi-Fi, TV, karaoke, halaman parkir, peralatan makan, peralatan dapur, kulkas.",,,,0,0,0,0,0,0,0,,,,,,,,
485,Villa,VILLA OLLY 4 ,"Jl. Perum Bukit Songgoriti No.25, Songgokerto, Kec. Batu, Kota Batu, Jawa Timur 65312",-7.861549955,112.498872,85234669930,300.000 - 1.000.000,7,7,"tempat tidur besar, bathtub, water heater, wastafel, balkon dengan pemandangan paralayang, sofa, meja, LED TV, Wi-Fi gratis, parkir luas.",,https://www.instagram.com/villa.olly.batu/,,0,1,0,0,0,0,0,,https://www.tiket.com/hotel/indonesia/villa-olly-4-206001560508899376,,,,,,
486,Villa,VILLA PELANGI 2 ELLY ,"Jalan Abdul Gani Atas, Villa Kusuma Estate Tahap 1 No.21, Batu, 65311, Sisir, Batu, kota batu, jawa timur 65314",-7.881786355,112.5218218,82244991140,2.469.582 - 2.769.379,5,5,"TV kabel, meja, lemari es, pancuran, TV, ruang keluarga, area bebas asap rokok, kolam renang, teras, Wi-Fi gratis.",,https://www.instagram.com/villapelangi/,,0,0,0,0,0,0,0,,,,,,,,
487,Villa,VILLA REZALINA II ,"jalan rambutan gang 4 Jl. Raya Songgoriti No.6, Songgokerto, Kec. Batu, Kota Batu, Jawa Timur 65312",-7.865044272,112.4996303,"085234001715, 081387225411, 08819508480",,8,8,,,https://www.instagram.com/villa_rezalina_songgoriti/,,0,0,0,0,0,0,0,,,,,,,,
488,Villa,VILLA RIXMA,"Jl. Arumdalu No.68, Songgokerto, Kec. Batu, Kota Batu, Jawa Timur 65312",-7.862663089,112.497726,8179613582,,4,4,"water heater, Wi-Fi, TV, halaman parkir, peralatan makan, peralatan dapur, dispenser.",,,,0,0,0,0,0,0,0,,,,,,,,
489,Villa,VILLA TIYASA ,"Songgokerto, Kec. Batu, Kota Batu, Jawa Timur 65312",-7.867880971,112.5025779,81229966778,3.420.000 - 3.457.191,5,5,"meja, dapur kecil, microwave, lemari es, TV, barbecue, area main anak, aktivitas outdoor, kolam renang outdoor, kursi berjemur, Wi-Fi, keamanan 24 jam, bilyar.",,https://www.instagram.com/villa_tiyasa.batu/?hl=id,,1,1,0,0,0,0,0,https://www.traveloka.com/id-id/hotel/indonesia/villa-tiyasa-9000002766618,https://www.tiket.com/homes/indonesia/villa-tiyasa-501001642506400734,,,,,,
490,Villa,Villa Omahe Toni,"Jl. Arumdalu No.3A, RT.01/RW.01, Songgokerto, Kec. Batu, Kota Batu, Jawa Timur 65312",-7.864509084,112.4937944,"081210015061, 087881968790",120,5,10,"dapur umum, Wi-Fi gratis, kamar mandi dalam, kopi dan teh gratis, TV, dispenser.",,https://www.instagram.com/villaomahetoni/?hl=id,,1,0,0,0,0,0,0,https://www.traveloka.com/en-id/hotel/indonesia/comfort-room-at-omahe-toni-3000020009487,,,,,,,
491,Villa,VILLA TRI LANGGENG,"Jl. Arumdalu No.17, Songgokerto, Kec. Batu, Kota Batu, Jawa Timur 65312",-7.863581372,112.4948079,"088235613071, 081142351671 ",,5,5,"Wi-Fi gratis, parkir gratis, resepsionis 24 jam, kebun, layanan binatu, kamar bebas asap rokok.",,,,1,1,0,1,0,0,0,https://www.traveloka.com/id-id/hotel/indonesia/villa-tri-langgeng-9000000925722,https://www.tiket.com/hotel/indonesia/villa-tri-langgeng-redpartner-411001637425846049,,https://www.agoda.com/id-id/villa-tri-langgeng-h25541098/hotel/malang-id.html?cid=1844104&ds=PUDJyzr00h4%2Bflz5,,,,
492,Villa,VILLA VIVI ,"Jl. Flamboyan Atas No.40, Songgokerto, Kec. Batu, Kota Batu, Jawa Timur 65312",-7.870337101,112.5030394,82132093137,,5,5,"parkir gratis, detektor asap, pintu masuk pribadi.",,https://www.instagram.com/villavivi7/,,0,1,0,0,0,0,0,,https://www.tiket.com/hotel/martinique/villa-vivi-306001593191242788,,,,,,
493,Villa,VILLA VRICIL,"Jl. Duku, Songgokerto, Kec. Batu, Kota Batu, Jawa Timur 65312",-7.861716893,112.4935782,82143184340,,3,3,,,https://www.instagram.com/villa_vricil/,,0,0,0,0,0,0,0,,,,,,,,
494,Villa,VILLA WASKITO,"Jl. Arumdalu No.23, Songgokerto, Kec. Batu, Kota Batu, Jawa Timur 65312",-7.860749565,112.4990786,"085257972620, 081252514321",,8,8,"resepsionis 24 jam, internet, Wi-Fi di tempat umum, layanan resepsionis.",,,,0,0,0,0,0,0,0,,,,,,,,
495,Villa,Villa Westlife,"Jl. Jambu Air, Songgokerto, Kec. Batu, Kota Batu, Jawa Timur 65312",-7.865432502,112.4920314,0813-3488-8291,,3,3,,,,,0,0,0,0,0,0,0,,,,,,,,
496,Villa,Villa Wijaya Lestari (Vila WL),"Songgokerto, Jl. Rambutan Gang IV A No.1, Songgokerto, Kec. Batu, Kota Batu, Jawa Timur 65312",-7.862058221,112.4944599,0895-4264-85096,,5,5,,,,,0,0,0,0,0,0,0,,,,,,,,
497,Villa,Villa WITIR,"Jl. Jambu Air No.10, Songgokerto, Kec. Batu, Kota Batu, Jawa Timur 65312",-7.864646806,112.4914877,0821-3251-9039,,4,4,,,,,0,0,0,0,0,0,0,,,,,,,,
498,Villa,Villa Yasiva,"Jl. Rambutan, Dusun Jl. Raya Songgoriti No.7, Songgokerto, Kec. Batu, Kota Batu, Jawa Timur 65312",-7.862898833,112.4931199,0821-3272-6616,,6,6,,,https://www.instagram.com/zainuri.72/,,0,0,0,0,0,0,0,,,,,,,,
499,Villa,Villa Yasmine,"jalan Arumdalu No.64, Songgokerto Desa Songgoriti, Songgokerto, Kec. Batu, Kota Batu, Jawa Timur 65312, Songgokerto, Kec. Batu, Kota Batu, Jawa Timur",-7.862359989,112.4982417,0878-5154-3299,,4,8,,,,,0,0,0,0,0,0,0,,,,,,,,
500,Villa,Villa yudha madek,"Jl. Jeruk Jl. Raya Songgoriti No.4A, Songgokerto, Kec. Batu, Kota Batu, Jawa Timur 65312",-7.863250945,112.4951771,0813-3424-2831,,4,4,"Kolam renang privat, water heater, Wi-Fi, TV, halaman parkir, peralatan makan, peralatan dapur, kulkas, dispenser.",,,,0,0,0,0,0,0,0,,,,,,,,
501,Villa,ZAENAL ZAENAL VILLA,"Jl. Jambu Bangkok, Songgokerto, Kec. Batu, Kota Batu, Jawa Timur 65312",-7.866003834,112.4924924,81334546017,,5,10,"Water heater, Wi-Fi, TV, halaman parkir, peralatan makan, peralatan dapur, dispenser.",,,,0,0,0,0,0,0,0,,,,,,,,
502,Villa,Villa Zahka,"Jl. Jeruk No.11, Songgokerto, Kec. Batu, Kota Batu, Jawa Timur 65312",-7.863504299,112.4941776,0813-3473-5033,,2,4,,,,,0,0,0,0,0,0,0,,,,,,,,
503,Villa,Villa Hadipoeran,"Jl. Bukit Berbunga No.15, Sidomulyo, Kec. Batu, Kota Batu, Jawa Timur 65317",-7.859998059,112.5268145,0813-3368-9759,,3,3,,,https://www.instagram.com/villahadipoeran/?hl=id,,0,0,0,0,0,0,0,,,,,,,,
504,Villa,Villa Puri Bali,"Jl. Raya Sidomulyo No.209, Sidomulyo, Kec. Batu, Kota Batu, Jawa Timur 65317",-7.843692308,112.532553,0823-3333-9052,,3,3,"Pengering pakaian, area bebas asap rokok, ruang santai, area merokok, bebas rokok, teras, TV kabel, meja, dapur kecil, lemari es, pancuran, area parkir, kopi/teh di lobby, early check-in, late check-out, layanan kamar, keamanan 24 jam, laundry, parkir bagi penyandang disabilitas, aksesibel bagi penyandang disabilitas, barbecue, taman.",,https://www.instagram.com/villapuribali/,,1,0,0,0,0,0,0,https://www.traveloka.com/id-id/hotel/indonesia/villa-puri-bali-at-batu-9000000463201?spec=25-11-2019.26-11-2019.1.1.HOTEL.9000000463201.Villa%20Puri%20Bali%20at%20Batu.2&contexts=%7B%22sourceHotelDetail%22%3A%22SHARE_BUTTON%22%7D,,,,,,,
505,Villa,de Safeer Villa,"Jln Rasemun No.22D, Tlekung, Junrejo, kota batu, jawa timur 65327",-7.909649064,112.5376717,0812-7161-1062,,9,9,"Pengering pakaian, ruang keluarga, alat pemanas, area bebas asap rokok, kolam renang, area merokok, bebas rokok, teras, TV kabel, meja, pemutar DVD, dapur kecil, lemari es, pancuran, barbecue, taman, kolam renang indoor, karaoke, area piknik, garasi, parkir berjaga, Wi-Fi gratis, pool atau snooker.",,https://www.instagram.com/desafeervilla.bt/,,1,0,0,0,0,0,0,https://www.traveloka.com/id-id/hotel/indonesia/de-safeer-villa-9000003769694,,,,,,,
506,Villa,VILLA BUKIT TLEKUNG ,"Jl. Raya Tlekung No.38, Tlekung, Kec. Junrejo, Kota Batu, Jawa Timur 65327",-7.911713611,112.5384159, 0812-3223-7420,,4,4,,,https://www.instagram.com/villa.tlekung.batu/,,0,0,0,0,0,0,0,,,,,,,,
507,Villa,VILLA KAJANG,"Jl. Mojowarno No.53, RT.20/RW.03, Mojorejo, Kec. Junrejo, Kota Batu, Jawa Timur 65322",-7.898474959,112.5605882,"0811690112, 087859616052",,3,3,,,https://www.instagram.com/omah.kajang/,https://omahkajang.framer.website/,0,0,0,0,0,0,0,,,,,,,,
508,Villa,VILLA AL ZAHRA ,"Jl. Puri Indah No.B3/20, Beji, Kec. Batu, Kota Batu, Jawa Timur 65316",-7.893290421,112.5446752,85606098534,1.100.000 -1.300.000,6,6,"Wi-Fi, AC, ruang tamu, mingguan/bulanan, dapur, TV, teras atau balkon, kulkas.",,,,0,1,0,0,0,0,0,,https://www.tiket.com/homes/indonesia/villa-allzahra-batu-508001661157133228,,,,,,
509,Villa,VILLA DEAN ,"Oro-Oro Ombo, Batu, kota batu, jawa timur 65316",-7.892927211,112.536259,82133477714,521.541 - 1.005.000,2,2,"kolam renang (free floaties), 3 kamar tidur, 3 kamar mandi dengan water heater, dapur, alat masak lengkap, alat makan lengkap, kipas angin, ruang keluarga, karaoke, smart TV, Wi-Fi, alat BBQ, Netflix, sabun, dispenser panas dan dingin, kulkas, kopi, teh, gula, parkir luas, balkon dan rooftop, view 360° Gunung Arjuna dan Gunung Panderman.",,https://www.instagram.com/deanhomestay1_villabatu/,,1,1,0,1,0,0,0,https://www.traveloka.com/id-id/hotel/indonesia/villa-dean-9000000825505,https://www.tiket.com/homes/indonesia/villa-dean-309001599215411387?hotelID=359101d7-0371-43e6-a0d4-1cfc59c1ccad&checkin=2025-08-04&checkout=2025-08-05&adult=2&country=ID&device=desktop&isAat=true&utm_source=google-hotel&utm_term=359101d7-0371-43e6-a0d4-1cfc59c1ccad&utm_medium=prf-ppc&utm_campaign=%5BMSA%5D-21472895668&utm_external=prf&gad_source=6&gad_campaignid=21472895668&gclid=CjwKCAjw1ozEBhAdEiwAn9qbzbsN57gDSY5yXrun4d-ScmNm-KpWT8QdTCBFJ-xw69xG2mPwI6_ewBoCLZoQAvD_BwE,,https://www.agoda.com/villa-dean-h11427233/hotel/malang-id.html?countryId=192&finalPriceView=1&isShowMobileAppPrice=false&cid=1918349&numberOfBedrooms=&familyMode=false&adults=2&children=0&rooms=1&maxRooms=0&checkIn=2025-08-4&isCalendarCallout=false&childAges=&numberOfGuest=0&missingChildAges=false&travellerType=1&showReviewSubmissionEntry=false&currencyCode=IDR&isFreeOccSearch=false&los=1&searchrequestid=d3424e6c-8440-4d51-b74f-a248be4af9df&ds=W6uoVpkkWyIe4NRc,,,,
510,Villa,VILLA DUA PUTRI ,"Jl. Damun No.42, Beji, Kec. Junrejo, Kota Batu, Jawa Timur 65236",-7.894253583,112.5641096,85816170871,415.785 - 419.736,6,6,"Wi-Fi, TV, parkir gratis.",,,,0,1,0,0,0,0,0,,https://www.tiket.com/homes/indonesia/villa-dua-putri-806001749033119251,,,,,,
511,Villa,VILLA ALURA 2 ,"Perumahan Nadia Residence, Dadaprejo, Kec. Junrejo, Kota Batu, Jawa Timur 65233",-7.905306555,112.5706567,82233411978,532.351 - 737.101,3,3,"parkir, ruang tamu, fasilitas ramah difabel, dapur, TV, teras atau balkon, bathtub, kulkas.",,,,1,1,0,0,0,0,0,https://www.traveloka.com/id-id/hotel/indonesia/villa-alura-batu-3000020012027,https://www.tiket.com/homes/indonesia/villa-alura-batu-707001720596439718,,,,,,
512,Villa,VILLA HAMSA,"Jl. Martorejo No.339, Dadaprejo, Kec. Junrejo, Kota Batu, Jawa Timur 65233",-7.90839771,112.5721891,"08885305304, 088989431775 
",4.000.000 - 4.500.000,7,20,"7 kamar tidur (4 kamar di lantai satu dan 3 kamar di lantai dua) dengan total 20 kasur, kolam renang, biliar, dapur pribadi.",,https://www.instagram.com/villahamsa/?hl=en,https://villahamsa.com/,0,0,0,0,0,0,0,,,,,,,,
513,Villa,VILLA JUNA,"Perum Nadia Residence, Kav. A8, Dadaprejo, Kec. Junrejo, Kota Batu, Jawa Timur 65233",-7.905509616,112.570359,"081327796177, 081252701789 ",550,2,2,"water heater, Wi-Fi, TV, halaman parkir, peralatan makan, peralatan dapur, kulkas",,https://www.instagram.com/villajuna_kotabatu/,,0,0,0,0,0,0,0,,,,,,,,
514,Villa,VILLA SAIDA,"Jl. Martorejo No.950, Dadaprejo, Kec. Junrejo, Kota Batu, Jawa Timur 65233",-7.90875821,112.5725267,"081330422788, 0895621096973 
",3.000.000 - 3.500.000,6,10,"water heater, Wi-Fi, TV, halaman parkir, peralatan makan, peralatan dapur, kulkas, dispenser.",,https://www.instagram.com/villa_saida/?hl=en,,0,0,0,1,0,0,0,,,,https://www.agoda.com/id-id/villa-saida/hotel/malang-id.html?cid=1844104&ds=r9UDHqjwuo3%2BfstY,,,,
515,Villa,THE HALONA VILLA BATU,"Jl. Raya Pandanrejo No.10, Bumiaji, Kec. Bumiaji, Kota Batu, Jawa Timur 65332",-7.863619005,112.5355845,81230019363,116.526 - 179.627,20,28,"AC, parkir gratis, shower, TV, Wi-Fi gratis.",,https://www.instagram.com/thehalonavilla/,,1,1,0,1,0,0,0,https://www.traveloka.com/id-id/hotel/indonesia/oyo-90396-the-halona-villa-batu--9000000966637,https://www.tiket.com/hotel/indonesia/oyo-90396-the-halona-villa-batu-412001639107891967,,https://www.agoda.com/id-id/oyo-90396-the-halona-villa-batu/hotel/malang-id.html?cid=1844104&ds=OojMMwDwqBHgGRfg,,,,
516,Villa,VILLA BUNGA,"Jl. Raya Pandanrejo, Sidomulyo, Kec. Batu, Kota Batu, Jawa Timur 65332",-7.86357636,112.5441567,82195516028,,10,10,,,,,0,0,0,0,0,0,0,,,,,,,,
517,Villa,VILLA FELIA,"Jl. Raya Pandanrejo, Pandanrejo, Kec. Bumiaji, Kota Batu, Jawa Timur 65300",-7.863864317,112.5394764,"08155511839, 081555656525",,4,4,"layanan kamar, kamar keluarga, kamar bebas rokok, fasilitas BBQ, balkon, teras, kamar mandi pribadi.",,https://www.instagram.com/villafelia_batu/?hl=en,,0,1,1,1,0,0,0,,https://www.tiket.com/homes/indonesia/villa-felia-5-bedrooms-803001742792406010,https://www.booking.com/hotel/id/villa-felia.id.html?aid=356980&label=gog235jc-1FCAsoaEILdmlsbGEtZmVsaWFIElgDaGiIAQGYARK4ARfIAQzYAQHoAQH4AQKIAgGoAgO4AvnVi8QGwAIB0gIkZWQ2ZTRhMWYtYTdhZi00YjY5LWE5YjMtYzRjMGNkMTI2OGQ02AIF4AIB&sid=233728113668e99909dd2ab41b784bea&age=0&checkin=2025-07-25&checkout=2025-07-26&dest_id=-2672159&dest_type=city&dist=0&group_adults=2&group_children=0&hapos=1&hpos=1&no_rooms=1&req_adults=2&req_children=0&room1=A%2CA&sb_price_type=total&soh=1&sr_order=popularity&srepoch=1753410467&srpvid=4cfa10fdd9ce02ec&type=total&ucfs=1&#no_availability_msg,https://www.agoda.com/id-id/villa-felia-fifari-2-instagramable-vila-5-br/hotel/malang-id.html?cid=1844104&ds=nD35uuN2RTo05OlQ,,,,
518,Villa,VILLA NAJWA,"Unnamed Road, Bulukerto, Kec. Bumiaji, Kota Batu, Jawa Timur 65334",-7.832188717,112.5387358,"085214076638, 085102253003",,5,7,,,,,0,0,0,0,0,0,0,,,,,,,,
519,Villa,VILLA TWINPINE ,"Unnamed Road, Bulukerto, Bumiaji, kota batu, jawa timur 65334",-7.831272146,112.5387613,"08123329379, 081259539648 ",,4,5,"kolam renang, Wi-Fi, parkir, kolam renang privat, tiket CLEAN, fasilitas anak, ruang tamu, perlengkapan BBQ, dapur, teras/balkon, pembuat kopi & teh, bathtub.",,https://www.instagram.com/villa_twinpinebatu/?hl=id,,0,1,0,0,0,0,0,,https://www.tiket.com/homes/indonesia/twinpine-villa-batu-410001634571987857,,,,,,
520,Villa,Bata Merah Guest House & Camping Ground,"Jl. Mawar Putih, Gunungsari, Kec. Bumiaji, Kota Batu, Jawa Timur 65337",-7.841381064,112.5207522,  ,206.530 - 377.236,18,18,"Wi-Fi, resepsionis 24 jam, restoran, ruang tamu, dan parkir gratis.",,https://www.instagram.com/batamerah.batu/,https://webzite.id/batamerahbatu,1,1,1,1,0,0,0,https://www.traveloka.com/id-id/hotel/indonesia/bata-merah-guest-house-batu-3000010032642,https://www.tiket.com/hotel/indonesia/bata-merah-guest-house-batu-710001728218412760?hotelID=2fa6b6eb-94c4-4d64-abaf-928872dedc2b&checkin=2025-09-18&checkout=2025-09-19&adult=2&country=ID&device=desktop&isAat=true&utm_source=google-hotel&utm_term=2fa6b6eb-94c4-4d64-abaf-928872dedc2b&utm_medium=prf-ppc&utm_campaign=%5BMSA%5D-21472895671&utm_external=prf&gad_source=6&gad_campaignid=21472895671&gclid=Cj0KCQjwkILEBhDeARIsAL--pjz6dQBIyG8pG5NBVS57LkOIFkZF9IKvvY9VmJqeNkimPFcKW_e0IqQaAkCMEALw_wcB,https://www.booking.com/hotel/id/bata-merah-guesthouse-batu.id.html?aid=1893449&label=metagha-link-MRID-hotel-11288272_dev-desktop_los-1_bw-56_dow-Thursday_defdate-0_room-0_gstadt-2_rateid-public_aud-0_gacid-21404703723_mcid-50_bc-AKw%210A_ppa-0_clrid-0_ad-1_gstkid-0_checkin-20250918_ppt-B_lp-2360_r-9080788635978320248&sid=2f58cf96a623e903845911e629d826ef&all_sr_blocks=1128827201_385515235_2_2_0&checkin=2025-09-18&checkout=2025-09-19&dest_id=11288272&dest_type=hotel&dist=0&group_adults=2&group_children=0&hapos=1&highlighted_blocks=1128827201_385515235_2_2_0&hpos=1&matching_block_id=1128827201_385515235_2_2_0&no_rooms=1&req_adults=2&req_children=0&room1=A%2CA&sb_price_type=total&sr_order=popularity&sr_pri_blocks=1128827201_385515235_2_2_0__38034545&srepoch=1753334494&srpvid=ce392596fbd10944&type=total&ucfs=1&,https://www.agoda.com/id-id/bata-merah/hotel/malang-id.html?countryId=192&finalPriceView=1&isShowMobileAppPrice=false&cid=1833981&numberOfBedrooms=&familyMode=false&adults=2&children=0&rooms=1&maxRooms=0&checkIn=2025-09-18&isCalendarCallout=false&childAges=&numberOfGuest=0&missingChildAges=false&travellerType=1&showReviewSubmissionEntry=false&currencyCode=IDR&isFreeOccSearch=false&los=1&searchrequestid=3e05e535-5e5a-44fe-8ac6-f19f06cbae78,,,,
521,Villa,VILLA D'VIEW,"Jl. Kartika No.34, Sisir, Kec. Batu, Kota Batu, Jawa Timur 65314",-7.884649773,112.5253462,87761405141,,8,8,"Wi-Fi, parkir, kolam renang private, layanan streaming, area api unggun, perlengkapan BBQ, dapur, TV, pembuat kopi dan teh, serta kolam renang.",,https://www.instagram.com/dejaview.id/,,0,1,0,0,0,0,0,,https://www.tiket.com/homes/indonesia/villa-batu-dejaview-601001674365366804,,,,,,
522,Villa,Villa Mulyono,"Jalan Purwosenjoto RT04 RW03 Bumiaji, Bulukerto, Batu, kota batu, jawa timur 65334",-7.833375718,112.5370286,"082237467322, 081235096264",1.500.000 - 3.321.656,2,2,"kolam renang, Wi-Fi, kolam renang privat, layanan streaming, ruang tamu, penyimpanan barang, perlengkapan BBQ, area outbound, dapur, TV, pengering rambut, teras atau balkon.",,https://www.instagram.com/villamulyono/?hl=id,,1,1,0,0,0,0,0,https://www.traveloka.com/id-id/hotel/detail?spec=18-09-2025.19-09-2025.1.1.HOTEL.3000010001791.Villa%20Mulyono.2&contexts=%7B%22accessCode%22%3A%2290975GHAD1305desktop%22%2C%22metasearchRequestId%22%3A%22306f4942-43a1-41af-a89b-bd81f0b99506%22%2C%22inventoryRateKey%22%3A%22povEwB3ZzsU2C6pd%2B6MdUxPQfH0zjQrhnrQN8muKP1n8jWyMl9xrnkRXPkhiA%2FM%2BfwxXnYiRzoxM4HX9sDmt9%2FAm1AYn3MeGz8Xcpq5hCtgkoYhCABuc4UBUJdDpIzcBkjYFe7E9Hsd3uMKwzSkUl5pNkVNrbZlWauR9OJSMSOgTUF8uPIIQL0rCSb9XNHrUMuwzQ8bIYhTKwP4kt0ImyFojraceyKrNRmvJY3C4ARNvmzpKB3IJycdCcd%2FTPv9xWiOtpx7Iqs1Ga8ljcLgBExRMjY4RH8ng%2Faj%2BIjo4bwp%2FnUKXTSeVIumnRcdMEOmBP43QQgj%2Fr4NQN0mpSxyOqUATIl8%2FdgQRiobOr6QO6V%2FKo1BXW%2FJkJ5LHeX6ARI0SYyy5UY%2F5bwRNgLni89MVYtXug%2Bqalqkc7m%2F4k63hKPuQzNXtIAYtkCsTTMIahwUpuVLzX8vfXj4S6fb9fpgNaPpXC9X9H%2Frdi9jTOJtQRXGCTnv9NmZKzdli2KxnUPpQswqryoYlpdFCVMK5lzh5%2BI3f%2FZ%2FHGzzWdGRIeGaW6CoDNTlVzghMERbWZuqiIMvM7W8LTsciy%2BJjPAfK4M21UMi5IXXgs9oSC%2B0UQlp85XfoIAeNMrHJRlXAmThSKvhc9W0%2FmnnDYUN9rvVcZPOQkW7WWufwEjuq9u%2FNJ9pBnJdsLTWJ56J3oVDuaGQK8tdQ8Mnwm1nP5f7C0DpLodvcGmcZJ6s3cwgsz%2FvYJOUnXezn4kEWliKdjWBXUCkoqw%2FpFNPey1P2y0SHQcywexj%2FYBqoKaN%2FRXEwNWlxuPDGjQUqbNxpkkKDcfGBBfT%2BSpQfujBK8HL%2BZhz6IjEsBaXSHWkervjyMh%2BIaj9g0F7KwkN27V862wvMObkb6MyjADcNZ4d%2BXTHeHbxezq%2BT5G0TpDjM4fcNDUGm2KTQnR%2B%2B4j%2FC4tl8K1%2FCgK35BoEAAmJr3cMR7vTMzXcR9ytKBgW0gs%2F%2BQnCgCgB5FA77Rvc4TPxLLgMJHLB2StLaNIqu7zO5I%2F8kcCDzWOedsDFARuCEgjloJ0BI%2FSu0o23n0rr9UQx7EPsNCaIpv0rMVCznlknOZXPSum8S%2FoRa%2BSRnitdddkRMoX5a2ROrtY%2FbG3t1UteSNgV7sT0ex3e4wrDNKRSXVNA%2FLsvQhxA7%2BNczby1sFzYn7K5SJ60W5CYfT81mAsQEmLP%2BQssgNjZTIcwSJdAmGrYRkgfQeM3FaHStNJMcveRH4dcwMs6f1eAZm2Tz%2FkQIcGKRTJHrnwQyuN9ws9iYaNsSJBQyNqnX31f0PCnbTLVFNo8ANPscTzzIlTUFptT7kExXUScWsaXkT1rQDAm0ZFJir6EhlU4ZLUeqHFwLY0XaY8Aj5kBlEp7sJPSSFL0%3D%22%7D&loginPromo=1&prevSearchId=1838498569714164345&mToken=CRQ76jZ5mAIMSGYJZNdpdiFg2oF3vXSAjyO%2BhPOqicguGaIAPyKADoIT8%2FRTdCvOYRWfz1P%2BgpzBdR6dhrW92w%3D%3D&metasearchRateId=IDUsers,https://www.tiket.com/homes/indonesia/villa-mulyono-205001557476745098?hotelID=f717ee31-2888-4f18-9241-00a1711dcc27&checkin=2025-09-18&checkout=2025-09-19&adult=2&country=ID&device=desktop&isAat=true&utm_source=google-hotel&utm_term=f717ee31-2888-4f18-9241-00a1711dcc27&utm_medium=aff-meta&utm_campaign=Google-Hotel-0023-B2B-none-hotel&utm_external=aff,,,,,,
523,Villa,Rumah Kebun Lulu Villa,"Dusun Wonorejo, RT. 04 / RW. 12, Kelurahan Tulung Rejo, Kecamatan Bumiaji, Tulungrejo, Kec. Bumiaji, Kota Batu, Jawa Timur 65336",-7.806330051,112.5229748,"085337451344,  0817-170-857",299,25,25,"Wi-Fi gratis, layanan kamar, sarapan, resepsionis 24 jam, layanan penatu lengkap, kolam renang luar, parkir gratis, layanan jemputan bandara dengan biaya tambahan, serta hewan peliharaan yang diperbolehkan.
",,https://www.instagram.com/rumahkebunlulu/,,1,0,0,1,0,0,0,https://www.traveloka.com/id-id/hotel/indonesia/rumah-kebun-lulu-villa-4000000458768?clickref=1100lBjPpLAX&utm_id=6wVpZzyA&campaign_id=1100l6465&partner_id=1101l345763&gad_source=1,,,https://www.agoda.com/id-id/rumah-kebun-lulu-villa/hotel/malang-id.html?cid=1844104&ds=tKKY%2F2cCm1zHxk4z,,,,
524,Villa,"Taman Dolan Home & Resort, Batu (harga terbaru 2025)","Jl. Raya Pandanrejo No.308, Giripurno, Kec. Bumiaji, Kota Batu, Jawa Timur 65332",-7.863894261,112.5543763,"813660038, 0813-3366-6032",,19,19,"Homestay, kolam renang, resto, outbound, outing class, LDKS, river tubing, cafe, jeep adventure, edukasi alam, Wi-Fi gratis.",,https://www.instagram.com/tamandolanbatu/,,1,1,0,0,0,0,0,https://www.traveloka.com/id-id/hotel/indonesia/taman-dolan-home--resort-3000020010924,https://www.tiket.com/hotel/indonesia/taman-dolan-home-resort-308001597075212337,,,,,,
525,Villa,ARPANI PONDOK,"JL Delima, No. 51 RT 03 RW 02, Songgoriti, Songgokerto, Batu, Jawa Timur, 65312, Indonesia",-7.86208193,112.4963146,62857-5553-9330,,2,2,,,,https://id4708063-arpani-pondok.contact.page/,0,0,0,0,0,0,0,,,,,,,,
526,Villa,Villa Graha Nisrina,"Jl. Arumdalu, Songgokerto, Kec. Batu, Kota Batu, Jawa Timur 65312",-7.862022886,112.4967827,"85646684243, 0823-3150-7818",,12,12,"parkir gratis, check-in 24 jam, dapur, area merokok, kulkas, peralatan makan, mesin cuci piring, bahasa Indonesia.
",,https://www.instagram.com/graha.nisrina/,,0,0,1,1,0,0,0,,,https://www.booking.com/hotel/id/villa-graha-nisrina.id.html?aid=356980&label=gog235jc-1FCAsoaEITdmlsbGEtZ3JhaGEtbmlzcmluYUgSWANoaIgBAZgBErgBF8gBDNgBAegBAfgBAogCAagCA7gCxNv8wwbAAgHSAiQ2ZTYzZjJlZS0zZGZmLTQ0OGEtYWMxOC1iYzBmYTZjNGYxNGbYAgXgAgE&sid=5efc070815cedccc354adf76c7b90825&age=0&checkin=2025-07-22&checkout=2025-07-23&dest_id=-2697680&dest_type=city&dist=0&group_adults=2&group_children=0&hapos=1&hpos=1&no_rooms=1&req_adults=2&req_children=0&room1=A%2CA&sb_price_type=total&soh=1&sr_order=popularity&srepoch=1753165307&srpvid=52a92ca2ec2300a0&type=total&ucfs=1&#no_availability_msg,https://www.agoda.com/id-id/vila-graha-nisrina-4/hotel/malang-id.html?cid=1844104&ds=dF5Rl1IZca%2FdvX0X,,,,
527,Villa,Villa Puncak Pinus And Pool,"Jalur Lkr. Bar. No.15, Oro-Oro Ombo, Kec. Batu, Kota Batu, Jawa Timur 65316",-7.906827272,112.5241799,0851-0052-7724,400.000 - 600.000,3,3,"Wi-Fi, kolam renang privat, resepsionis 24 jam, layanan check-in 24 jam, TV, dan dapur.",,,,1,1,1,1,0,0,0,https://www.traveloka.com/id-id/hotel/indonesia/comfort-living-at-puncak-pinus-3000010041368,https://www.tiket.com/hotel/indonesia/puncak-pinus-and-pool-807001751613721156,https://www.booking.com/hotel/id/puncak-pinus-and-pool.id.html?aid=356980&label=gog235jc-1FCAsoaEIVcHVuY2FrLXBpbnVzLWFuZC1wb29sSBJYA2hoiAEBmAESuAEXyAEM2AEB6AEB-AECiAIBqAIDuALP8fjDBsACAdICJGE0NDdlMTRlLThhMmYtNGI5YS04MjdjLWE5MjNiYzJkODI3YtgCBeACAQ&sid=5efc070815cedccc354adf76c7b90825&all_sr_blocks=437605101_368417798_2_0_0&checkin=2025-07-25&checkout=2025-07-26&dest_id=-2672159&dest_type=city&dist=0&group_adults=2&group_children=0&hapos=1&highlighted_blocks=437605101_368417798_2_0_0&hpos=1&matching_block_id=437605101_368417798_2_0_0&no_rooms=1&req_adults=2&req_children=0&room1=A%2CA&sb_price_type=total&sr_order=popularity&sr_pri_blocks=437605101_368417798_2_0_0__59900000&srepoch=1753102549&srpvid=501f5ae86ad40690&type=total&ucfs=1&,https://www.agoda.com/id-id/puncak-pinus-and-pools/hotel/malang-id.html?cid=1844104&ds=kyZDXslr1mcTPVLY,,,,
528,Villa,VILLA FARABELLA ,"Jl. Hasanudin Gg. VI Jl. Samadi No.80, Pesanggrahan, Kec. Batu, Kota Batu, Jawa Timur 65313",-7.871705121,112.5129585,,,3,3,,,,,0,0,0,0,0,0,0,,,,,,,,
529,Villa,Homestay bu lin,"JL. Semeru , No32. RT 05 RW 06, dusun Kungkuk, Punten, Kec. Bumiaji, Kota Batu, Jawa Timur 65338",-7.832865314,112.5213614,,,2,2,,,,,0,0,0,0,0,0,0,,,,,,,,
530,Villa,Villa Pondok Wisata Barokah,"Jl. Durian No.6, Songgokerto, Kec. Batu, Kota Batu, Jawa Timur 65312",-7.864358928,112.4948062,,,5,5,,,,,0,0,0,0,0,0,0,,,,,,,,
531,Villa,VILLA rAFASA,"Jl. Indragiri, Sumberejo, Kec. Batu, Kota Batu, Jawa Timur 6531",-7.853381757,112.5153996,"081330209093, 082332754317 ",,8,8,"Karaoke, gazebo, kolam renang dewasa dan anak, area barbeque, Wi-Fi gratis, dapur.",,https://www.instagram.com/villarafasa/,,0,0,0,0,0,0,0,,,,,,,,
532,Villa,VillaTiga Putri  ,"Jl. Mawar No.97, Songgokerto, Kota Batu",-7.867075942,112.5048256,,,10,20,,,,,0,0,0,0,0,0,0,,,,,,,,
533,Villa,Villa Aqhuillah,"Jl. Arumdalu Jl. Perum Bukit Songgoriti No.37, Songgokerto, Kec. Batu, Kota Batu, Jawa Timur 65312",-7.861672754,112.4994658,,,3,3,"Ruang tamu, dapur, parkir, dan TV",,,,0,0,0,0,0,0,0,,,,,,,,
534,Villa,Villa Variz 2,"jl. Durian, Songgokerto, Kec. Batu, Kota Batu, Jawa Timur 65312",-7.864423773,112.4950485,85231190506,,3,3,,,,,0,0,0,0,0,0,0,,,,,,,,
535,Villa,Villa Puspa Sari 1,"Songgokerto, Batu, kota batu, jawa timur 65312",-7.863267075,112.4989641,8563122887,,3,3,,,,,0,0,0,0,0,0,0,,,,,,,,